player_id,team_id,season_id,rank,age,position,games,games_started,minutes_played,field_goals,field_goals_attempted,field_goal_percentage,three_point_field_goals,three_point_field_goals_attempted,three_point_field_goal_percentage,two_point_field_goals,two_point_field_goals_attempted,two_point_field_goal_percentage,effective_field_goal_percentage,free_throws,free_throws_attempted,free_throw_percentage,offensive_rebounds,defensive_rebounds,total_rebounds,assists,steals,blocks,turnovers,personal_fouls,points,triple_doubles
1415,11,1,1,30,SG,68,68,2483,672,1514,0.444,299,843,0.355,373,671,0.556,0.543,692,800,0.865,70,376,446,512,125,60,308,227,2335,4
1623,25,1,2,29,PG,66,66,2474,624,1349,0.463,270,674,0.401,354,675,0.524,0.563,460,518,0.888,33,251,284,530,70,22,194,114,1978,1
1101,24,1,3,23,SG,70,70,2512,627,1283,0.489,141,398,0.354,486,885,0.549,0.544,468,509,0.919,29,268,297,456,49,18,264,213,1863,0
1022,17,1,4,25,PF,63,63,1917,685,1238,0.553,89,293,0.304,596,945,0.631,0.589,398,629,0.633,140,716,856,354,61,66,230,195,1857,4
2166,1,1,5,21,PG,60,60,2120,546,1249,0.437,205,568,0.361,341,681,0.501,0.519,481,559,0.86,32,223,255,560,65,8,289,104,1778,2
1271,7,1,6,20,PG,61,61,2047,581,1255,0.463,171,541,0.316,410,714,0.574,0.531,426,562,0.758,78,495,573,538,62,14,260,153,1759,17
1068,30,1,7,26,SG,57,57,2053,593,1303,0.455,170,481,0.353,423,822,0.515,0.52,385,457,0.842,52,190,242,347,71,23,194,126,1741,0
1512,14,1,8,35,PG,67,67,2316,643,1303,0.493,148,425,0.348,495,878,0.564,0.55,264,381,0.693,66,459,525,684,78,36,261,118,1698,13
1723,29,1,9,23,SG,69,69,2364,602,1342,0.449,173,473,0.366,429,869,0.494,0.513,278,322,0.863,53,251,304,294,70,14,184,172,1655,0
1244,14,1,10,26,PF,62,62,2131,551,1096,0.503,72,218,0.33,479,878,0.546,0.536,444,525,0.846,142,435,577,200,91,143,154,156,1618,0
1681,25,1,11,28,SG,70,70,2556,611,1356,0.451,194,512,0.379,417,844,0.494,0.522,140,185,0.757,46,251,297,310,54,42,127,183,1556,0
2111,11,1,12,31,PG,57,57,2049,604,1281,0.472,55,213,0.258,549,1068,0.514,0.493,290,380,0.763,100,351,451,401,93,20,255,200,1553,8
2014,2,1,13,21,PF,66,66,2265,552,1226,0.45,189,469,0.403,363,757,0.48,0.527,254,313,0.812,64,396,460,200,93,57,155,136,1547,0
1615,13,1,14,28,SF,57,57,1848,532,1133,0.47,123,325,0.378,409,808,0.506,0.524,356,402,0.886,54,348,402,280,103,33,149,113,1543,1
1605,5,1,15,24,SF,60,60,2085,539,1199,0.45,184,484,0.38,355,715,0.497,0.526,268,334,0.802,41,248,289,254,88,28,206,131,1530,0
1258,27,1,16,30,SF,68,68,2316,557,1049,0.531,9,35,0.257,548,1014,0.54,0.535,381,451,0.845,44,331,375,380,70,20,164,180,1504,0
1493,19,1,17,22,PF,62,62,2104,507,1096,0.463,150,384,0.391,357,712,0.501,0.531,313,368,0.851,51,329,380,259,61,38,189,179,1477,0
1539,8,1,18,24,C,73,73,2336,565,1071,0.528,80,255,0.314,485,816,0.594,0.565,246,301,0.817,166,545,711,512,85,44,226,222,1456,13
1428,23,1,19,27,PF,72,72,2469,553,1173,0.471,131,357,0.367,422,816,0.517,0.527,174,216,0.806,69,426,495,227,53,40,104,165,1411,0
1449,26,1,20,27,SG,72,44,2216,498,1162,0.429,271,688,0.394,227,474,0.479,0.545,115,136,0.846,57,271,328,213,66,17,168,165,1382,0
1962,28,1,21,25,PF,60,60,2110,500,1104,0.453,131,365,0.359,369,739,0.499,0.512,240,303,0.792,64,375,439,207,61,53,148,170,1371,0
1951,6,1,22,21,PG,65,65,2143,513,1086,0.472,97,255,0.38,416,831,0.501,0.517,226,267,0.846,61,143,204,192,65,7,158,142,1349,0
1367,21,1,23,21,SG,70,70,2428,478,1015,0.471,87,251,0.347,391,764,0.512,0.514,288,357,0.807,47,365,412,232,79,47,134,117,1331,1
2095,12,1,24,26,SF,67,67,2202,534,997,0.536,91,226,0.403,443,771,0.575,0.581,167,204,0.819,68,212,280,99,78,34,84,187,1326,0
1269,3,1,25,26,PG,64,49,1994,424,1021,0.415,123,400,0.308,301,621,0.485,0.476,347,446,0.778,32,189,221,432,40,21,174,180,1318,0
1705,17,1,26,28,SF,62,59,1853,471,947,0.497,147,354,0.415,324,593,0.546,0.575,208,227,0.916,44,338,382,265,53,7,137,142,1297,0
1093,29,1,27,30,SF,63,63,2083,418,935,0.447,189,457,0.414,229,478,0.479,0.548,250,277,0.903,39,220,259,131,34,7,159,110,1275,0
1876,20,1,28,25,PF,64,64,2080,463,1006,0.46,64,231,0.277,399,775,0.515,0.492,258,352,0.733,151,471,622,198,51,22,193,178,1248,0
1821,21,1,29,34,PG,70,70,2208,434,887,0.489,111,304,0.365,323,583,0.554,0.552,253,279,0.907,26,323,349,472,111,11,161,158,1232,0
1941,21,1,30,26,PG,65,2,1999,453,965,0.469,125,325,0.385,328,640,0.513,0.534,198,236,0.839,19,217,236,262,45,14,166,146,1229,0
1335,22,1,31,27,SF,66,66,2076,434,929,0.467,173,434,0.399,261,495,0.527,0.56,180,220,0.818,18,153,171,209,71,15,125,161,1221,0
2074,22,1,32,29,C,62,62,1998,493,1033,0.477,98,289,0.339,395,744,0.531,0.525,131,167,0.784,140,533,673,222,54,47,88,135,1215,0
1739,15,1,33,20,PG,67,67,2074,447,937,0.477,60,179,0.335,387,758,0.511,0.509,239,308,0.776,51,208,259,488,58,18,220,110,1193,2
2135,13,1,34,33,PG,65,8,1864,391,936,0.418,111,315,0.352,280,621,0.451,0.477,292,339,0.861,31,170,201,365,43,12,182,80,1185,0
1125,15,1,35,24,SG,73,73,2112,435,1068,0.407,147,411,0.358,288,657,0.438,0.476,164,203,0.808,68,175,243,150,63,27,124,278,1181,0
2122,18,1,36,24,SF,42,42,1455,351,790,0.444,91,275,0.331,260,515,0.505,0.502,149,207,0.72,48,171,219,155,29,36,107,101,942,1
2122,10,1,36,24,SF,12,12,403,86,188,0.457,20,59,0.339,66,129,0.512,0.511,41,61,0.672,18,37,55,43,16,17,25,26,233,0
1422,13,1,37,26,C,63,2,1749,471,812,0.58,0,18,0.0,471,794,0.593,0.58,231,351,0.658,163,282,445,107,39,72,108,146,1173,0
1305,23,1,38,25,C,51,51,1506,382,801,0.477,57,172,0.331,325,629,0.517,0.512,351,435,0.807,141,452,593,152,45,65,159,174,1172,0
1459,19,1,39,29,SG,61,61,2117,458,1006,0.455,122,346,0.353,336,660,0.509,0.516,129,182,0.709,77,216,293,408,99,48,184,145,1167,1
1854,7,1,40,24,C,57,57,1814,398,932,0.427,142,403,0.352,256,529,0.484,0.503,226,283,0.799,100,440,540,102,41,115,92,185,1164,0
1349,21,1,41,31,PF,62,62,1834,358,817,0.438,178,439,0.405,180,378,0.476,0.547,266,298,0.893,34,288,322,119,42,5,76,75,1160,0
1133,2,1,42,23,SG,57,57,1934,427,887,0.481,129,338,0.382,298,549,0.543,0.554,176,243,0.724,62,302,364,118,65,20,125,167,1159,0
1151,16,1,43,30,SF,58,58,1959,345,758,0.455,29,119,0.244,316,639,0.495,0.474,438,525,0.834,106,280,386,350,103,32,127,81,1157,3
1922,12,1,44,23,PF,62,62,2159,458,848,0.54,17,67,0.254,441,781,0.565,0.55,214,296,0.723,189,582,771,310,47,30,170,195,1147,4
1004,16,1,45,22,PF,72,72,2417,440,790,0.557,2,14,0.143,438,776,0.564,0.558,264,382,0.691,176,559,735,368,82,93,204,182,1146,3
1380,4,1,46,24,PG,63,53,2211,368,963,0.382,218,585,0.373,150,378,0.397,0.495,191,233,0.82,42,170,212,471,62,15,181,115,1145,0
2083,2,1,47,29,PG,56,56,1742,378,889,0.425,180,473,0.381,198,416,0.476,0.526,209,242,0.864,36,181,217,268,48,28,117,91,1145,0
1916,4,1,48,25,PG,63,63,2164,398,941,0.423,172,423,0.407,226,518,0.436,0.514,166,190,0.874,50,226,276,259,61,10,141,126,1134,0
1636,28,1,49,33,PG,58,58,2098,334,803,0.416,164,466,0.352,170,337,0.504,0.518,294,343,0.857,32,260,292,433,82,26,178,190,1126,2
1414,7,1,50,27,SG,71,58,2091,384,884,0.434,204,513,0.398,180,371,0.485,0.55,149,182,0.819,25,207,232,137,41,5,69,125,1121,0
1752,8,1,51,22,PG,59,59,1904,408,894,0.456,112,324,0.346,296,570,0.519,0.519,163,185,0.881,45,191,236,284,67,17,127,102,1091,0
1198,6,1,52,27,SG,29,0,666,144,326,0.442,59,159,0.371,85,167,0.509,0.532,76,86,0.884,21,48,69,70,17,8,39,33,423,0
1198,29,1,52,27,SG,42,2,1039,250,541,0.462,93,254,0.366,157,287,0.547,0.548,62,79,0.785,29,89,118,66,29,8,58,75,655,0
1336,26,1,53,22,PG,51,49,1634,391,815,0.48,54,185,0.292,337,630,0.535,0.513,241,342,0.705,35,161,196,348,74,25,158,145,1077,0
1053,26,1,54,27,PF,72,72,2482,365,793,0.46,102,268,0.381,263,525,0.501,0.525,214,267,0.801,77,278,355,159,43,12,88,93,1046,0
1809,24,1,55,24,SF,56,55,1933,373,826,0.452,108,307,0.352,265,519,0.511,0.517,192,246,0.78,67,294,361,85,71,40,83,192,1046,0
2065,15,1,56,27,C,70,70,1845,432,739,0.585,32,91,0.352,400,648,0.617,0.606,148,200,0.74,213,575,788,131,30,76,127,185,1044,1
2116,25,1,57,30,C,67,61,2008,436,702,0.621,4,7,0.571,432,695,0.622,0.624,164,239,0.686,258,647,905,78,26,196,120,196,1040,0
1919,10,1,58,23,PG,33,33,1060,273,635,0.43,120,321,0.374,153,314,0.487,0.524,113,144,0.785,14,108,122,206,31,9,101,64,779,0
1919,18,1,58,23,PG,12,12,392,87,211,0.412,38,110,0.345,49,101,0.485,0.502,48,55,0.873,3,52,55,79,17,4,46,22,260,0
1362,13,1,59,29,SF,48,48,1419,343,782,0.439,157,381,0.412,186,401,0.464,0.539,190,217,0.876,24,248,272,185,68,20,125,113,1033,0
1743,20,1,60,30,SF,43,43,1387,281,636,0.442,116,264,0.439,165,372,0.444,0.533,163,198,0.823,48,185,233,59,34,17,73,128,841,0
1743,13,1,60,30,PF,19,19,549,74,174,0.425,26,84,0.31,48,90,0.533,0.5,18,22,0.818,11,67,78,27,13,13,24,52,192,0
1372,29,1,61,27,C,68,68,2333,386,557,0.693,0,0,,386,557,0.693,0.693,254,403,0.63,230,686,916,101,51,135,130,215,1026,0
1783,16,1,62,24,PG,67,67,1962,401,914,0.439,137,391,0.35,264,523,0.505,0.514,85,100,0.85,21,159,180,220,56,15,114,152,1024,0
1914,22,1,63,28,SG,69,0,1889,341,846,0.403,177,504,0.351,164,342,0.48,0.508,157,184,0.853,13,209,222,82,77,24,70,109,1016,0
1282,9,1,64,26,C,49,48,1654,360,679,0.53,1,21,0.048,359,658,0.546,0.531,149,255,0.584,226,549,775,138,97,82,174,176,870,0
1282,6,1,64,26,C,8,8,225,58,105,0.552,4,14,0.286,54,91,0.593,0.571,20,39,0.513,24,65,89,14,12,11,29,25,140,0
1007,27,1,65,34,C,53,53,1754,391,793,0.493,61,157,0.389,330,636,0.519,0.532,158,191,0.827,103,289,392,129,36,87,74,128,1001,0
1425,3,1,66,28,SF,69,69,2123,381,784,0.486,172,406,0.424,209,378,0.553,0.596,64,89,0.719,64,234,298,144,41,17,104,159,998,0
1147,10,1,67,28,SF,48,18,1390,244,601,0.406,84,224,0.375,160,377,0.424,0.476,201,224,0.897,37,189,226,151,50,17,76,107,773,0
1147,23,1,67,28,SG,18,1,364,77,167,0.461,32,77,0.416,45,90,0.5,0.557,34,41,0.829,11,45,56,38,12,0,15,21,220,0
1503,15,1,68,20,C,57,57,1622,353,753,0.469,145,368,0.394,208,385,0.54,0.565,139,186,0.747,55,207,262,78,40,92,99,232,990,0
1634,6,1,69,31,PF,56,56,1780,327,727,0.45,146,390,0.374,181,337,0.537,0.55,187,219,0.854,54,493,547,178,33,19,140,90,987,0
1902,16,1,70,25,SG,73,68,2166,323,687,0.47,270,606,0.446,53,81,0.654,0.667,67,72,0.931,10,222,232,102,35,19,70,193,983,0
1280,16,1,71,33,PG,59,3,1663,319,724,0.441,124,338,0.367,195,386,0.505,0.526,191,246,0.776,29,158,187,301,40,10,144,124,953,0
2068,28,1,72,25,SG,54,54,1928,319,773,0.413,146,374,0.39,173,399,0.434,0.507,168,198,0.848,18,185,203,357,100,17,121,132,952,0
1964,23,1,73,23,PG,57,57,2017,375,647,0.58,2,7,0.286,373,640,0.583,0.581,185,298,0.621,113,331,444,455,119,33,200,186,937,6
2051,18,1,74,24,C,35,35,1187,316,622,0.508,114,277,0.412,202,345,0.586,0.6,180,226,0.796,95,283,378,153,33,42,110,117,926,0
1092,26,1,75,27,SG,61,28,1766,337,766,0.44,164,441,0.372,173,325,0.532,0.547,86,116,0.741,26,181,207,207,64,15,102,133,924,0
1882,19,1,76,35,SG,60,36,1581,286,631,0.453,180,397,0.453,106,234,0.453,0.596,165,185,0.892,10,141,151,119,20,10,75,96,917,0
1089,17,1,77,30,PG,61,61,1646,334,703,0.475,74,215,0.344,260,488,0.533,0.528,169,214,0.79,43,239,282,328,57,26,148,128,911,0
1437,2,1,78,29,SF,52,52,1740,350,700,0.5,85,222,0.383,265,478,0.554,0.561,124,145,0.855,55,293,348,212,38,22,96,96,909,0
1913,9,1,79,31,PG,50,15,1298,369,753,0.49,45,147,0.306,324,606,0.535,0.52,121,139,0.871,27,94,121,278,40,16,126,49,904,0
1025,25,1,80,35,PF,58,58,1902,336,782,0.43,87,226,0.385,249,556,0.448,0.485,136,161,0.845,71,297,368,85,49,27,100,171,895,0
1377,22,1,81,24,PF,62,62,2017,335,767,0.437,73,237,0.308,262,530,0.494,0.484,151,224,0.674,107,368,475,228,51,39,100,125,894,1
1123,12,1,82,27,PG,54,54,1666,326,744,0.438,75,230,0.326,251,514,0.488,0.489,166,186,0.892,46,216,262,381,35,10,131,98,893,0
1209,1,1,83,22,PF,41,41,1363,353,605,0.583,59,147,0.401,294,458,0.642,0.632,120,150,0.8,116,300,416,60,31,66,75,138,885,0
1057,8,1,84,29,SF,58,58,1916,332,738,0.45,108,288,0.375,224,450,0.498,0.523,102,133,0.767,76,289,365,212,61,29,88,121,874,0
1344,22,1,85,21,PG,72,60,1996,359,772,0.465,36,135,0.267,323,637,0.507,0.488,116,159,0.73,41,197,238,369,90,11,147,142,870,1
1224,18,1,86,29,PF,48,47,1411,216,496,0.435,108,312,0.346,108,184,0.587,0.544,75,94,0.798,36,251,287,56,80,45,73,148,615,0
1224,11,1,86,29,C,22,21,726,89,227,0.392,53,168,0.315,36,59,0.61,0.509,24,30,0.8,27,149,176,32,35,48,30,72,255,0
2113,5,1,87,19,PG,65,1,1674,312,792,0.394,133,376,0.354,179,416,0.43,0.478,102,129,0.791,28,202,230,175,49,6,109,117,859,0
1382,8,1,88,25,PF,71,24,1892,303,634,0.478,98,252,0.389,205,382,0.537,0.555,147,196,0.75,58,190,248,88,50,57,63,154,851,0
1917,24,1,89,29,PG,65,65,2016,287,692,0.415,78,216,0.361,209,476,0.439,0.471,195,226,0.863,46,258,304,570,94,11,173,167,847,2
1488,28,1,90,30,C,55,27,1485,343,670,0.512,70,182,0.385,273,488,0.559,0.564,89,124,0.718,114,338,452,77,28,46,109,153,845,0
1118,4,1,91,21,SF,65,64,1995,319,753,0.424,99,300,0.33,220,453,0.486,0.489,106,131,0.809,88,274,362,114,40,48,95,132,843,0
1618,3,1,92,25,SG,45,31,1330,311,732,0.425,80,220,0.364,231,512,0.451,0.48,140,197,0.711,49,140,189,199,53,10,118,81,842,1
1817,10,1,93,23,PF,60,26,1654,318,640,0.497,37,129,0.287,281,511,0.55,0.526,164,212,0.774,82,193,275,127,32,13,94,125,837,0
1078,30,1,94,27,PF,54,4,1583,265,610,0.434,200,472,0.424,65,138,0.471,0.598,104,122,0.852,35,210,245,92,37,33,59,139,834,0
1086,26,1,95,31,PF,72,67,2011,314,653,0.481,134,320,0.419,180,333,0.541,0.583,69,84,0.821,111,347,458,203,62,40,99,216,831,0
1861,28,1,96,26,SG,52,26,1479,296,598,0.495,109,273,0.399,187,325,0.575,0.586,129,153,0.843,26,164,190,91,60,21,77,108,830,0
1630,17,1,97,31,C,68,67,1817,292,671,0.435,102,325,0.314,190,346,0.549,0.511,127,152,0.836,58,254,312,99,46,163,70,163,813,0
2155,9,1,98,24,PF,62,12,1325,288,508,0.567,54,140,0.386,234,368,0.636,0.62,180,242,0.744,104,286,390,60,34,54,84,98,810,0
1056,20,1,99,19,SG,56,55,1704,292,727,0.402,63,197,0.32,229,530,0.432,0.445,156,254,0.614,50,229,279,143,55,17,124,122,803,0
1469,23,1,100,33,C,67,61,2025,319,709,0.45,99,283,0.35,220,426,0.516,0.52,61,80,0.763,103,353,456,270,52,61,80,142,798,0
1237,7,1,101,29,SG,64,25,1576,284,574,0.495,145,321,0.452,139,253,0.549,0.621,80,97,0.825,27,118,145,124,38,9,62,113,793,0
1596,14,1,102,24,PF,61,9,1526,291,668,0.436,86,272,0.316,205,396,0.518,0.5,114,155,0.735,52,221,273,80,28,26,91,126,782,0
1482,1,1,103,22,SF,63,62,2018,280,683,0.41,108,304,0.355,172,379,0.454,0.489,110,144,0.764,44,242,286,112,44,18,103,182,778,0
1978,2,1,104,25,SG,60,40,1919,256,682,0.375,137,395,0.347,119,287,0.415,0.476,127,152,0.836,42,183,225,291,101,29,103,162,776,0
1013,3,1,105,21,C,70,64,1852,302,465,0.649,0,6,0.0,302,459,0.658,0.649,171,270,0.633,216,455,671,110,40,92,77,162,775,0
1864,3,1,106,25,PF,64,61,1857,278,739,0.376,146,431,0.339,132,308,0.429,0.475,71,89,0.798,50,331,381,116,57,25,127,159,773,0
1715,27,1,107,31,PG,66,1,1485,258,598,0.431,154,403,0.382,104,195,0.533,0.56,97,112,0.866,22,86,108,118,53,6,54,105,767,0
2115,27,1,108,25,SG,68,20,1677,253,552,0.458,79,216,0.366,174,336,0.518,0.53,180,211,0.853,35,188,223,241,44,59,89,152,765,0
1892,23,1,109,26,SG,55,53,1693,278,646,0.43,85,249,0.341,193,397,0.486,0.496,114,141,0.809,41,133,174,162,52,36,104,136,755,0
2060,12,1,110,23,C,62,62,1826,268,587,0.457,86,250,0.344,182,337,0.54,0.53,127,169,0.751,86,321,407,72,46,132,85,166,749,0
1045,19,1,111,22,PG,63,54,2025,277,687,0.403,148,395,0.375,129,292,0.442,0.511,43,76,0.566,71,312,383,438,88,38,193,128,745,3
1446,16,1,112,20,SG,55,8,1508,270,631,0.428,116,298,0.389,154,333,0.462,0.52,87,100,0.87,16,208,224,121,34,9,87,76,743,0
1981,30,1,113,31,PG,68,23,1787,308,689,0.447,62,169,0.367,246,520,0.473,0.492,62,86,0.721,30,189,219,334,59,30,95,106,740,0
1656,5,1,114,22,PF,50,50,1492,251,591,0.425,109,317,0.344,142,274,0.518,0.517,126,153,0.824,60,253,313,74,42,23,81,96,737,0
1027,28,1,115,22,SF,69,68,2066,286,566,0.505,89,228,0.39,197,338,0.583,0.584,72,102,0.706,80,284,364,108,96,45,79,167,733,0
1353,6,1,116,20,SG,59,59,1824,280,699,0.401,105,296,0.355,175,403,0.434,0.476,63,72,0.875,27,84,111,229,42,4,151,92,728,0
1903,10,1,117,26,SF,48,48,1516,244,507,0.481,68,170,0.4,176,337,0.522,0.548,63,74,0.851,66,160,226,85,45,14,50,82,619,0
1903,23,1,117,26,SF,14,4,270,44,85,0.518,9,27,0.333,35,58,0.603,0.571,11,12,0.917,15,29,44,11,9,2,5,18,108,0
1359,27,1,118,33,PF,67,5,1461,266,596,0.446,74,220,0.336,192,376,0.511,0.508,120,136,0.882,61,301,362,114,35,33,88,103,726,0
1751,27,1,119,23,PG,66,58,1687,294,637,0.462,41,111,0.369,253,526,0.481,0.494,91,114,0.798,69,314,383,271,111,17,125,143,720,0
1807,6,1,120,24,SF,65,65,1910,266,609,0.437,123,321,0.383,143,288,0.497,0.538,63,94,0.67,39,192,231,154,54,16,91,160,718,0
1138,30,1,121,20,SF,69,22,1782,273,622,0.439,61,179,0.341,212,443,0.479,0.488,109,139,0.784,76,307,383,178,85,7,79,132,716,0
1695,11,1,122,26,SF,71,23,1619,242,545,0.444,181,452,0.4,61,93,0.656,0.61,50,67,0.746,21,136,157,58,45,16,50,155,715,0
1686,12,1,123,28,PF,69,0,1372,267,547,0.488,128,294,0.435,139,253,0.549,0.605,48,58,0.828,26,148,174,78,12,5,42,117,710,0
2097,4,1,124,21,PF,58,57,1759,268,589,0.455,86,230,0.374,182,359,0.507,0.528,88,136,0.647,58,258,316,123,51,44,93,158,710,0
1330,27,1,125,26,SG,63,62,1579,242,581,0.417,148,381,0.388,94,200,0.47,0.544,75,90,0.833,12,114,126,108,33,0,57,113,707,0
1492,29,1,126,32,PF,72,45,2137,246,553,0.445,141,353,0.399,105,200,0.525,0.572,74,94,0.787,27,251,278,373,65,11,142,154,707,0
1589,23,1,127,22,SG,72,12,1559,242,563,0.43,143,356,0.402,99,207,0.478,0.557,77,102,0.755,18,150,168,79,41,16,59,98,704,0
1933,24,1,128,25,PF,66,51,1632,256,538,0.476,84,235,0.357,172,303,0.568,0.554,108,128,0.844,100,306,406,123,37,16,88,156,704,0
1195,15,1,129,23,PF,58,4,1300,296,479,0.618,23,64,0.359,273,415,0.658,0.642,85,112,0.759,92,253,345,81,32,48,55,100,700,0
1034,24,1,130,21,C,38,32,1236,310,568,0.546,3,13,0.231,307,555,0.553,0.548,67,89,0.753,147,289,436,72,26,58,80,117,690,0
1003,21,1,131,26,C,63,63,1680,283,478,0.592,1,3,0.333,282,475,0.594,0.593,117,201,0.582,207,376,583,146,51,67,94,122,684,0
1478,1,1,132,21,SG,56,48,1760,252,610,0.413,127,334,0.38,125,276,0.453,0.517,53,64,0.828,35,193,228,213,51,27,87,139,684,0
2035,6,1,133,28,C,57,51,1721,288,562,0.512,9,23,0.391,279,539,0.518,0.52,99,161,0.615,226,351,577,120,33,50,103,124,684,0
1230,15,1,134,29,SF,45,45,1322,147,399,0.368,78,266,0.293,69,133,0.519,0.466,75,95,0.789,40,237,277,125,47,14,54,85,447,0
1230,16,1,134,29,PF,20,8,553,79,164,0.482,57,128,0.445,22,36,0.611,0.655,22,30,0.733,12,95,107,36,25,10,15,58,237,0
1322,7,1,135,26,PF,71,68,2120,243,522,0.466,114,303,0.376,129,219,0.589,0.575,78,108,0.722,145,260,405,114,45,39,69,178,678,0
1350,9,1,136,28,SG,66,6,1702,236,542,0.435,132,331,0.399,104,211,0.493,0.557,73,85,0.859,33,116,149,101,48,11,40,96,677,0
1213,29,1,137,32,PG,47,41,1363,232,567,0.409,96,256,0.375,136,311,0.437,0.494,115,139,0.827,33,118,151,208,36,5,92,104,675,0
1578,7,1,138,28,PF,74,21,1890,237,514,0.461,119,319,0.373,118,195,0.605,0.577,79,93,0.849,112,276,388,88,25,83,58,176,672,0
1853,20,1,139,24,PF,66,5,1393,265,589,0.45,67,187,0.358,198,402,0.493,0.507,71,93,0.763,80,258,338,98,32,18,73,110,668,0
1117,24,1,140,23,SF,73,32,2042,247,484,0.51,70,194,0.361,177,290,0.61,0.583,103,122,0.844,66,226,292,129,102,46,73,163,667,0
1471,11,1,141,26,SF,63,52,1913,230,539,0.427,129,355,0.363,101,184,0.549,0.546,73,90,0.811,57,210,267,85,67,34,54,132,662,0
1744,8,1,142,24,PG,73,12,1636,260,566,0.459,65,172,0.378,195,394,0.495,0.517,75,89,0.843,24,113,137,255,55,17,53,73,660,0
2165,5,1,143,31,PF,64,16,1591,269,601,0.448,79,222,0.356,190,379,0.501,0.513,42,72,0.583,94,221,315,117,92,23,102,134,659,0
1430,19,1,144,24,SF,65,16,1755,225,532,0.423,121,354,0.342,104,178,0.584,0.537,85,115,0.739,61,364,425,108,63,23,75,160,656,0
1403,30,1,145,21,PF,48,48,1444,254,545,0.466,25,87,0.287,229,458,0.5,0.489,116,140,0.829,78,216,294,87,37,8,53,105,649,0
1157,14,1,146,26,SG,69,26,1762,237,507,0.467,92,239,0.385,145,268,0.541,0.558,79,102,0.775,38,104,142,111,57,14,62,128,645,0
1937,5,1,147,28,SG,65,64,1878,237,551,0.43,64,199,0.322,173,352,0.491,0.488,106,121,0.876,76,178,254,354,80,7,130,135,644,0
2168,4,1,148,27,C,58,39,1341,251,479,0.524,18,75,0.24,233,404,0.577,0.543,122,179,0.682,160,251,411,88,40,25,75,140,642,0
2018,3,1,149,33,SG,62,35,1730,222,587,0.378,127,386,0.329,95,201,0.473,0.486,70,87,0.805,29,189,218,156,49,29,62,108,641,0
2016,18,1,150,31,PG,34,13,945,145,324,0.448,33,87,0.379,112,237,0.473,0.498,125,144,0.868,15,73,88,208,25,13,76,70,448,0
2016,1,1,150,31,PG,25,4,519,68,165,0.412,10,30,0.333,58,135,0.43,0.442,47,53,0.887,12,42,54,100,19,6,40,36,193,0
1458,12,1,151,23,PG,66,33,1617,233,563,0.414,87,221,0.394,146,342,0.427,0.491,74,87,0.851,22,134,156,225,55,16,88,120,627,0
1612,10,1,152,27,SG,49,36,1423,213,511,0.417,85,239,0.356,128,272,0.471,0.5,110,126,0.873,32,207,239,133,50,6,67,116,621,0
1069,8,1,153,23,SG,41,0,746,117,301,0.389,58,161,0.36,59,140,0.421,0.485,33,38,0.868,9,68,77,48,31,6,36,50,325,0
1069,18,1,153,23,SG,14,14,463,110,233,0.472,49,115,0.426,61,118,0.517,0.577,21,28,0.75,9,62,71,27,9,2,21,27,290,0
1270,17,1,154,23,SG,66,24,1520,232,510,0.455,83,247,0.336,149,263,0.567,0.536,63,86,0.733,66,252,318,154,85,20,90,113,610,0
1881,1,1,155,20,SF,58,34,1551,213,554,0.384,83,250,0.332,130,304,0.428,0.459,101,126,0.802,35,181,216,87,62,28,96,132,610,0
1142,30,1,156,22,C,46,36,1147,243,418,0.581,37,91,0.407,206,327,0.63,0.626,86,116,0.741,98,233,331,83,25,49,53,103,609,0
1460,12,1,157,30,SF,73,6,1826,208,486,0.428,134,331,0.405,74,155,0.477,0.566,53,67,0.791,32,206,238,93,87,46,44,137,603,0
2023,2,1,158,27,C,65,64,1566,241,426,0.566,32,96,0.333,209,330,0.633,0.603,87,114,0.763,140,286,426,111,37,84,54,219,601,0
1031,22,1,159,32,PG,57,13,1420,184,461,0.399,70,201,0.348,114,260,0.438,0.475,161,181,0.89,22,100,122,262,34,1,86,72,599,0
1066,25,1,160,30,SF,43,21,1111,113,326,0.347,56,171,0.327,57,155,0.368,0.433,58,72,0.806,13,159,172,61,45,31,60,121,340,0
1066,26,1,160,30,SF,25,0,577,87,208,0.418,28,73,0.384,59,135,0.437,0.486,55,75,0.733,14,108,122,32,29,9,31,75,257,0
1899,11,1,161,27,SG,68,4,1594,211,501,0.421,96,270,0.356,115,231,0.498,0.517,78,111,0.703,27,148,175,113,49,10,50,129,596,0
2172,13,1,162,22,C,72,70,1326,236,385,0.613,0,2,0.0,236,383,0.616,0.613,124,166,0.747,197,346,543,82,16,66,61,168,596,0
1714,8,1,163,34,PF,51,48,1240,211,438,0.482,54,124,0.435,157,314,0.5,0.543,115,141,0.816,98,195,293,83,44,30,70,150,591,0
1907,20,1,164,21,C,61,7,1412,253,341,0.742,0,0,,253,341,0.742,0.742,84,148,0.568,186,242,428,36,52,119,37,194,590,0
1423,8,1,165,25,SG,56,55,1780,218,519,0.42,70,210,0.333,148,309,0.479,0.487,75,92,0.815,26,137,163,118,76,14,60,116,581,0
1234,18,1,166,20,SG,63,35,1506,230,569,0.404,66,221,0.299,164,348,0.471,0.462,54,117,0.462,70,142,212,110,57,38,81,125,580,0
1966,25,1,167,20,SG,70,4,1449,214,536,0.399,75,226,0.332,139,310,0.448,0.469,76,92,0.826,25,127,152,97,26,10,61,135,579,0
1761,18,1,168,28,PG,36,22,856,114,283,0.403,47,159,0.296,67,124,0.54,0.486,72,88,0.818,17,93,110,187,40,7,76,62,347,1
1761,30,1,168,28,PG,20,10,488,74,173,0.428,29,81,0.358,45,92,0.489,0.512,54,65,0.831,9,39,48,75,29,4,52,39,231,0
1599,12,1,169,27,SG,46,42,1291,216,479,0.451,53,158,0.335,163,321,0.508,0.506,92,110,0.836,24,176,200,96,55,22,50,104,577,0
1730,4,1,170,21,SG,55,1,1169,212,488,0.434,58,204,0.284,154,284,0.542,0.494,82,100,0.82,27,130,157,114,25,16,77,74,564,0
1759,6,1,171,27,PF,56,10,1472,229,431,0.531,56,159,0.352,173,272,0.636,0.596,50,74,0.676,106,303,409,123,56,22,60,91,564,0
1742,9,1,172,30,PF,44,16,988,175,389,0.45,75,189,0.397,100,200,0.5,0.546,61,79,0.772,24,149,173,69,26,11,70,104,486,0
1742,14,1,172,30,PF,14,1,199,28,69,0.406,13,39,0.333,15,30,0.5,0.5,5,6,0.833,16,29,45,8,5,6,6,29,74,0
1451,17,1,173,33,PG,59,2,1271,194,376,0.516,81,176,0.46,113,200,0.565,0.624,85,101,0.842,50,127,177,180,47,5,57,84,554,0
1801,16,1,174,28,C,67,9,1300,184,398,0.462,95,234,0.406,89,164,0.543,0.582,86,100,0.86,44,261,305,116,45,23,71,173,549,0
1191,10,1,175,22,PF,59,21,1196,210,385,0.545,8,39,0.205,202,346,0.584,0.556,120,156,0.769,114,251,365,114,39,62,78,122,548,0
1495,3,1,176,27,PG,20,20,658,199,416,0.478,56,142,0.394,143,274,0.522,0.546,94,102,0.922,22,81,103,128,27,10,52,53,548,1
1389,14,1,177,32,SG,68,68,1687,197,474,0.416,120,327,0.367,77,147,0.524,0.542,33,48,0.688,51,174,225,91,85,32,63,136,547,0
1162,11,1,178,25,C,39,39,1279,244,388,0.629,0,0,,244,388,0.629,0.629,55,104,0.529,168,369,537,48,33,72,63,102,543,0
1248,28,1,179,22,SG,72,4,1209,199,436,0.456,94,242,0.388,105,194,0.541,0.564,51,59,0.864,50,187,237,115,39,14,76,124,543,0
2054,25,1,180,21,SF,61,8,1332,196,441,0.444,112,268,0.418,84,173,0.486,0.571,37,45,0.822,25,75,100,61,48,16,21,90,541,0
2144,19,1,181,19,PF,24,24,668,210,360,0.583,6,14,0.429,204,346,0.59,0.592,114,178,0.64,64,86,150,50,16,9,59,42,540,0
1464,26,1,182,26,C,44,38,1242,223,344,0.648,0,0,,223,344,0.648,0.648,93,118,0.788,127,231,358,42,41,56,52,169,539,0
1793,18,1,183,21,SG,62,28,1547,170,398,0.427,41,154,0.266,129,244,0.529,0.479,152,191,0.796,87,181,268,99,68,26,87,139,533,0
1815,1,1,184,24,PF,32,23,837,198,393,0.504,31,115,0.27,167,278,0.601,0.543,53,72,0.736,54,137,191,58,42,15,60,93,480,0
1815,26,1,184,24,PF,6,0,80,21,36,0.583,1,4,0.25,20,32,0.625,0.597,8,9,0.889,7,16,23,10,3,1,4,6,51,0
1378,11,1,185,31,SF,36,15,1016,171,463,0.369,96,303,0.317,75,160,0.469,0.473,82,107,0.766,9,62,71,54,23,13,43,70,520,0
1128,9,1,186,23,PG,58,43,1634,198,447,0.443,33,96,0.344,165,351,0.47,0.48,88,119,0.739,61,213,274,230,63,29,100,162,517,0
1473,14,1,187,34,C,69,2,1306,202,277,0.729,3,5,0.6,199,272,0.732,0.735,110,214,0.514,172,335,507,45,31,79,84,222,517,0
1851,8,1,188,21,SF,55,8,903,195,383,0.509,62,147,0.422,133,236,0.564,0.59,60,72,0.833,66,193,259,46,27,25,49,100,512,0
1526,24,1,189,23,PF,57,9,1255,176,405,0.435,106,272,0.39,70,133,0.526,0.565,46,57,0.807,49,138,187,69,36,20,32,88,504,0
1757,9,1,190,22,SF,56,27,1265,166,405,0.41,115,285,0.404,51,120,0.425,0.552,57,70,0.814,17,87,104,106,41,4,61,87,504,0
2156,7,1,191,27,PG,73,5,1570,190,411,0.462,47,127,0.37,143,284,0.504,0.519,77,100,0.77,70,210,280,244,85,22,73,93,504,0
1847,10,1,192,20,SG,57,14,1274,167,502,0.333,74,265,0.279,93,237,0.392,0.406,95,119,0.798,9,109,118,134,35,10,74,94,503,0
1545,16,1,193,22,SF,59,16,1375,184,349,0.527,37,132,0.28,147,217,0.677,0.58,95,123,0.772,66,167,233,62,58,38,30,130,500,0
2057,11,1,194,34,PF,72,72,2467,177,426,0.415,107,299,0.358,70,127,0.551,0.541,39,48,0.813,112,364,476,115,77,36,72,229,500,0
1850,6,1,195,19,SF,50,3,1162,186,421,0.442,53,158,0.335,133,263,0.506,0.505,73,101,0.723,22,140,162,109,46,14,93,135,498,0
1672,17,1,196,33,SG,67,67,1635,167,422,0.396,108,297,0.364,59,125,0.472,0.524,52,68,0.765,22,144,166,92,38,9,43,103,494,0
1952,13,1,197,22,SG,53,30,1452,158,391,0.404,111,296,0.375,47,95,0.495,0.546,65,76,0.855,6,94,100,99,20,10,42,142,492,0
2027,30,1,198,30,PG,40,37,925,174,426,0.408,78,189,0.413,96,237,0.405,0.5,62,76,0.816,11,57,68,146,13,6,77,77,488,0
2093,2,1,199,30,PG,71,1,1369,162,362,0.448,37,102,0.363,125,260,0.481,0.499,126,136,0.926,22,122,144,179,61,14,76,133,487,0
1172,5,1,200,20,C,43,43,1256,183,343,0.534,6,29,0.207,177,314,0.564,0.542,112,152,0.737,139,266,405,51,33,36,72,162,484,0
1555,15,1,201,23,PG,65,6,1232,197,429,0.459,47,124,0.379,150,305,0.492,0.514,43,58,0.741,9,94,103,285,59,6,55,44,484,0
1065,24,1,202,33,C,42,28,934,183,381,0.48,59,168,0.351,124,213,0.582,0.558,56,75,0.747,71,166,237,67,10,23,50,141,481,0
1992,9,1,203,28,SF,59,57,1641,170,382,0.445,102,254,0.402,68,128,0.531,0.579,32,32,1.0,9,102,111,127,32,15,31,101,474,0
1434,19,1,204,19,C,64,14,1080,174,259,0.672,1,4,0.25,173,255,0.678,0.674,123,190,0.647,97,162,259,56,26,55,53,161,472,0
1564,2,1,205,27,C,58,7,983,199,348,0.572,1,7,0.143,198,341,0.581,0.573,70,99,0.707,163,268,431,56,22,41,56,100,469,0
1139,7,1,206,23,PG,57,16,1022,181,388,0.466,43,120,0.358,138,268,0.515,0.522,61,75,0.813,22,112,134,188,22,4,66,74,466,0
1735,19,1,207,30,SG,56,6,1020,186,437,0.426,63,167,0.377,123,270,0.456,0.498,31,45,0.689,31,100,131,78,32,11,40,80,466,0
1556,3,1,208,31,C,56,6,1234,191,287,0.666,0,0,,191,287,0.666,0.666,83,122,0.68,141,420,561,105,18,52,74,114,465,0
1682,12,1,209,27,PG,71,3,1326,212,411,0.516,5,17,0.294,207,394,0.525,0.522,35,42,0.833,38,151,189,355,56,11,100,73,464,0
1266,18,1,210,30,C,46,17,778,124,277,0.448,46,120,0.383,78,157,0.497,0.531,47,59,0.797,73,183,256,58,37,42,44,89,341,0
1266,15,1,210,30,C,17,0,318,42,87,0.483,8,32,0.25,34,55,0.618,0.529,31,42,0.738,18,80,98,15,14,17,16,35,123,0
1315,19,1,211,28,C,51,49,1243,209,339,0.617,1,7,0.143,208,332,0.627,0.618,40,71,0.563,163,338,501,81,30,46,55,107,459,0
1557,26,1,212,28,PG,72,26,1759,171,412,0.415,56,159,0.352,115,253,0.455,0.483,60,70,0.857,44,144,188,251,53,21,80,133,458,0
1700,15,1,213,21,PG,60,8,1167,161,401,0.401,40,140,0.286,121,261,0.464,0.451,93,121,0.769,43,177,220,175,77,20,84,109,455,0
1307,23,1,214,29,SF,49,0,776,100,226,0.442,37,106,0.349,63,120,0.525,0.524,48,61,0.787,48,102,150,41,23,14,31,85,285,0
1307,22,1,214,29,SG,20,18,489,60,133,0.451,18,63,0.286,42,70,0.6,0.519,31,37,0.838,23,72,95,22,12,8,27,52,169,0
1394,29,1,215,33,PF,30,2,553,75,195,0.385,34,104,0.327,41,91,0.451,0.472,49,63,0.778,14,67,81,20,12,10,27,46,233,0
1394,11,1,215,33,C,18,2,407,84,149,0.564,28,79,0.354,56,70,0.8,0.658,24,28,0.857,10,42,52,30,14,9,15,43,220,0
1804,29,1,216,26,SF,71,62,2049,158,365,0.433,92,244,0.377,66,121,0.545,0.559,42,55,0.764,27,362,389,180,59,32,61,202,450,0
1776,21,1,217,25,C,61,7,1127,184,269,0.684,1,3,0.333,183,266,0.688,0.686,80,106,0.755,91,209,300,57,59,91,66,166,449,0
1823,20,1,218,25,PG,45,36,1246,193,440,0.439,14,69,0.203,179,371,0.482,0.455,49,86,0.57,52,160,212,323,70,17,96,89,449,1
1688,14,1,219,32,C,68,68,1130,195,306,0.637,3,6,0.5,192,300,0.64,0.642,53,82,0.646,125,265,390,37,36,94,55,159,446,0
1569,9,1,220,23,SG,28,25,922,151,342,0.442,73,183,0.399,78,159,0.491,0.548,67,75,0.893,9,89,98,115,12,6,43,65,442,0
1614,1,1,221,26,C,40,9,745,142,260,0.546,14,56,0.25,128,204,0.627,0.573,51,81,0.63,69,161,230,42,20,33,39,93,349,0
1614,26,1,221,26,C,15,3,225,35,59,0.593,2,3,0.667,33,56,0.589,0.61,17,24,0.708,31,60,91,8,3,15,16,34,89,0
1840,8,1,222,29,C,61,1,1057,177,288,0.615,0,5,0.0,177,283,0.625,0.615,83,155,0.535,98,219,317,154,33,38,82,143,437,0
1391,13,1,223,29,PF,63,1,1307,151,352,0.429,92,238,0.387,59,114,0.518,0.56,36,48,0.75,77,311,388,49,29,24,54,174,430,0
1697,30,1,224,28,SG,29,4,654,133,317,0.42,40,106,0.377,93,211,0.441,0.483,64,83,0.771,17,87,104,82,19,15,38,61,370,0
1697,8,1,224,28,SG,4,0,32,2,6,0.333,2,4,0.5,0,2,0.0,0.5,3,4,0.75,1,4,5,4,2,1,0,2,9,0
1697,9,1,224,28,SG,4,0,98,14,43,0.326,3,16,0.188,11,27,0.407,0.36,16,22,0.727,0,15,15,7,0,0,5,10,47,0
1108,14,1,225,29,SG,49,44,1186,170,383,0.444,63,173,0.364,107,210,0.51,0.526,20,24,0.833,18,97,115,63,43,5,47,110,423,0
1029,26,1,226,34,SF,32,0,791,64,165,0.388,43,122,0.352,21,43,0.488,0.518,21,27,0.778,21,125,146,50,35,7,28,63,192,0
1029,25,1,226,34,SF,21,21,702,78,159,0.491,34,85,0.4,44,74,0.595,0.597,41,47,0.872,13,87,100,41,34,8,28,48,231,0
1583,20,1,227,20,SF,65,4,1166,144,401,0.359,65,199,0.327,79,202,0.391,0.44,66,101,0.653,28,156,184,61,23,28,45,106,419,0
1462,28,1,228,25,PF,60,6,1122,155,329,0.471,3,23,0.13,152,306,0.497,0.476,105,143,0.734,110,173,283,106,46,23,59,115,418,0
1491,17,1,229,32,PF,63,8,986,146,313,0.466,50,137,0.365,96,176,0.545,0.546,72,87,0.828,62,240,302,49,24,17,34,95,414,0
1103,28,1,230,27,C,62,0,819,141,299,0.472,38,118,0.322,103,181,0.569,0.535,91,116,0.784,107,170,277,26,22,61,28,114,411,0
1942,23,1,231,31,PF,68,11,1207,149,350,0.426,80,217,0.369,69,133,0.519,0.54,30,37,0.811,65,183,248,56,21,5,26,96,408,0
1079,13,1,232,31,PG,51,50,1342,147,341,0.431,80,206,0.388,67,135,0.496,0.548,31,47,0.66,57,209,266,183,54,25,66,156,405,0
1496,22,1,233,22,PF,34,32,980,156,332,0.47,32,94,0.34,124,238,0.521,0.518,60,77,0.779,58,173,231,48,53,78,49,83,404,0
1640,27,1,234,24,PF,63,53,1271,153,343,0.446,65,168,0.387,88,175,0.503,0.541,33,45,0.733,71,290,361,69,28,28,39,98,404,0
1699,19,1,235,29,C,60,8,1042,136,323,0.421,69,206,0.335,67,117,0.573,0.528,54,73,0.74,38,142,180,82,34,23,46,124,395,0
1746,29,1,236,23,PG,54,2,850,151,327,0.462,30,87,0.345,121,240,0.504,0.508,63,83,0.759,18,108,126,116,24,10,76,72,395,0
1085,4,1,237,27,C,53,29,1029,151,278,0.543,0,0,,151,278,0.543,0.543,91,151,0.603,120,188,308,50,10,49,48,116,393,0
2078,30,1,238,22,C,45,5,835,145,266,0.545,25,80,0.313,120,186,0.645,0.592,78,95,0.821,56,163,219,56,28,19,66,152,393,0
1772,29,1,239,26,PF,66,1,923,141,322,0.438,90,225,0.4,51,97,0.526,0.578,20,24,0.833,15,112,127,44,18,5,30,75,392,0
1019,15,1,240,26,SF,67,28,1330,157,331,0.474,24,85,0.282,133,246,0.541,0.511,52,78,0.667,58,227,285,162,54,37,66,111,390,0
1177,10,1,241,26,C,41,37,940,144,257,0.56,0,0,,144,257,0.56,0.56,35,57,0.614,71,184,255,60,45,50,35,102,323,0
1177,7,1,241,26,C,13,2,157,31,45,0.689,0,1,0.0,31,44,0.705,0.689,5,9,0.556,13,47,60,10,4,11,5,19,67,0
2084,27,1,242,21,SG,61,12,988,152,357,0.426,41,101,0.406,111,256,0.434,0.483,44,61,0.721,23,116,139,68,32,14,44,78,389,0
1591,17,1,243,38,SF,58,1,960,126,293,0.43,99,237,0.418,27,56,0.482,0.599,35,41,0.854,15,107,122,68,26,12,48,78,386,0
1363,20,1,244,34,C,62,56,1025,167,286,0.584,4,14,0.286,163,272,0.599,0.591,41,56,0.732,111,156,267,52,27,30,47,122,379,0
1563,24,1,245,26,C,39,13,777,138,307,0.45,41,124,0.331,97,183,0.53,0.516,61,90,0.678,35,141,176,75,14,10,37,75,378,0
1716,23,1,246,23,SG,40,24,805,134,277,0.484,58,135,0.43,76,142,0.535,0.588,51,65,0.785,15,73,88,104,20,7,47,92,377,0
1859,7,1,247,28,C,40,37,1061,146,229,0.638,10,39,0.256,136,190,0.716,0.659,74,111,0.667,75,152,227,59,34,22,36,102,376,0
1287,5,1,248,25,PG,51,32,1269,152,342,0.444,29,112,0.259,123,230,0.535,0.487,40,54,0.741,23,163,186,173,101,17,68,158,373,0
1842,27,1,249,24,C,66,18,1171,166,266,0.624,0,0,,166,266,0.624,0.624,40,86,0.465,131,244,375,116,37,95,54,126,372,0
1500,19,1,250,21,PG,59,2,797,134,331,0.405,47,144,0.326,87,187,0.465,0.476,56,75,0.747,22,61,83,61,17,4,49,77,371,0
1995,10,1,251,22,C,49,3,886,127,295,0.431,43,110,0.391,84,185,0.454,0.503,73,92,0.793,77,142,219,47,33,24,54,63,370,0
1507,9,1,252,29,PG,14,10,381,76,198,0.384,31,82,0.378,45,116,0.388,0.462,26,33,0.788,11,30,41,72,8,1,23,21,209,0
1507,13,1,252,29,PG,17,6,362,58,128,0.453,26,63,0.413,32,65,0.492,0.555,19,21,0.905,6,45,51,54,5,4,28,38,161,0
1639,3,1,253,24,SF,47,2,853,117,269,0.435,62,160,0.388,55,109,0.505,0.55,69,81,0.852,29,98,127,29,18,7,37,106,365,0
1072,27,1,254,33,SG,57,0,883,123,314,0.392,67,178,0.376,56,136,0.412,0.498,48,58,0.828,7,92,99,69,12,1,19,45,361,0
1214,17,1,255,27,SG,67,4,1243,137,301,0.455,55,166,0.331,82,135,0.607,0.547,31,40,0.775,60,224,284,107,25,31,52,70,360,0
1505,7,1,256,24,PF,65,3,1045,135,341,0.396,48,163,0.294,87,178,0.489,0.466,42,50,0.84,27,127,154,52,15,10,14,69,360,0
1631,17,1,257,31,C,66,5,958,147,299,0.492,35,105,0.333,112,194,0.577,0.55,28,53,0.528,56,105,161,45,10,45,63,96,357,0
1781,20,1,258,21,PG,57,26,1187,131,333,0.393,44,137,0.321,87,196,0.444,0.459,51,59,0.864,23,98,121,172,54,16,71,142,357,0
1418,13,1,259,26,PF,50,38,1141,112,217,0.516,27,73,0.37,85,144,0.59,0.578,24,42,0.571,47,153,200,48,49,30,46,120,275,0
1418,20,1,259,26,SF,12,10,286,30,66,0.455,7,25,0.28,23,41,0.561,0.508,15,24,0.625,8,32,40,20,9,3,7,28,82,0
1174,14,1,260,25,PG,64,2,1175,120,291,0.412,40,120,0.333,80,171,0.468,0.481,69,94,0.734,17,106,123,124,70,18,53,98,349,0
1390,10,1,261,29,PF,43,43,1222,123,316,0.389,36,129,0.279,87,187,0.465,0.446,63,83,0.759,23,243,266,266,59,33,98,110,345,2
1758,21,1,262,26,SF,55,6,867,123,263,0.468,48,128,0.375,75,135,0.556,0.559,51,66,0.773,14,86,100,38,23,20,43,78,345,0
2137,4,1,263,33,PF,41,1,808,94,210,0.448,44,117,0.376,50,93,0.538,0.552,43,50,0.86,15,94,109,41,26,22,25,71,275,0
2137,17,1,263,33,PF,17,0,321,25,57,0.439,12,39,0.308,13,18,0.722,0.544,6,7,0.857,15,59,74,19,10,8,8,32,68,0
1067,21,1,264,19,PF,61,9,1130,125,317,0.394,49,141,0.348,76,176,0.432,0.472,43,62,0.694,30,216,246,41,23,41,45,55,342,0
1912,14,1,265,33,PG,48,3,984,137,328,0.418,41,125,0.328,96,203,0.473,0.48,27,41,0.659,23,119,142,240,40,2,91,58,342,0
1107,10,1,266,22,PG,45,12,1015,134,321,0.417,33,107,0.308,101,214,0.472,0.469,34,41,0.829,24,97,121,131,44,10,70,102,335,0
1046,22,1,267,21,C,62,0,878,132,286,0.462,37,107,0.346,95,179,0.531,0.526,31,46,0.674,100,202,302,42,23,86,42,116,332,0
1357,28,1,268,35,C,44,43,1161,119,279,0.427,57,148,0.385,62,131,0.473,0.529,36,49,0.735,31,244,275,147,34,38,59,124,331,0
1012,15,1,269,24,SG,38,0,718,117,251,0.466,57,141,0.404,60,110,0.545,0.58,39,45,0.867,8,77,85,52,10,2,33,53,330,0
1100,30,1,270,20,SF,66,49,1250,118,234,0.504,25,71,0.352,93,163,0.571,0.558,69,85,0.812,71,151,222,76,45,22,58,156,330,0
1170,22,1,271,28,SG,45,0,833,111,260,0.427,22,75,0.293,89,185,0.481,0.469,79,95,0.832,46,101,147,109,49,22,52,87,323,0
1453,15,1,272,28,PF,48,3,901,96,233,0.412,56,147,0.381,40,86,0.465,0.532,26,38,0.684,24,120,144,94,31,7,40,73,274,0
1453,16,1,272,28,PF,11,1,187,14,45,0.311,7,24,0.292,7,21,0.333,0.389,14,16,0.875,5,16,21,10,12,5,11,12,49,0
1275,20,1,273,25,SG,48,0,836,120,290,0.414,59,163,0.362,61,127,0.48,0.516,22,33,0.667,10,81,91,57,23,4,21,44,321,0
1904,13,1,274,22,SG,42,1,476,46,136,0.338,19,67,0.284,27,69,0.391,0.408,11,19,0.579,5,55,60,46,13,8,26,55,122,0
1904,30,1,274,22,SG,21,5,503,69,174,0.397,30,86,0.349,39,88,0.443,0.483,29,38,0.763,8,61,69,41,15,9,23,57,197,0
1262,21,1,275,21,SF,46,3,896,132,296,0.446,16,57,0.281,116,239,0.485,0.473,38,63,0.603,44,123,167,36,37,9,51,101,318,0
1366,26,1,276,21,C,46,17,667,139,251,0.554,0,2,0.0,139,249,0.558,0.554,38,49,0.776,43,145,188,60,22,18,44,119,316,0
1227,8,1,277,29,SF,58,27,1072,124,269,0.461,45,138,0.326,79,131,0.603,0.545,22,36,0.611,63,126,189,47,23,36,25,135,315,0
1616,16,1,278,27,C,51,49,1034,119,234,0.509,53,128,0.414,66,106,0.623,0.622,18,28,0.643,30,230,260,55,14,15,39,107,309,0
1543,1,1,279,24,C,55,27,887,121,178,0.68,2,9,0.222,119,169,0.704,0.685,62,84,0.738,74,132,206,35,26,40,28,149,306,0
2038,23,1,280,22,SG,65,14,1287,112,265,0.423,56,157,0.357,56,108,0.519,0.528,25,41,0.61,44,63,107,79,94,47,51,141,305,0
1498,22,1,281,25,SF,52,21,953,97,233,0.416,28,82,0.341,69,151,0.457,0.476,78,97,0.804,24,107,131,60,25,13,26,80,300,0
1171,1,1,282,43,PF,60,0,876,107,304,0.352,61,202,0.302,46,102,0.451,0.452,23,29,0.793,18,106,124,48,23,25,33,90,298,0
1819,13,1,283,30,PF,59,18,776,95,233,0.408,67,172,0.39,28,61,0.459,0.552,35,43,0.814,35,116,151,41,7,3,21,54,292,0
1655,7,1,284,31,C,44,5,422,121,211,0.573,4,17,0.235,117,194,0.603,0.583,43,57,0.754,66,131,197,20,8,10,30,56,289,0
1061,18,1,285,24,PF,37,0,646,87,206,0.422,31,94,0.33,56,112,0.5,0.498,46,65,0.708,21,89,110,30,17,20,14,36,251,0
1061,8,1,285,24,SF,7,0,98,13,28,0.464,3,9,0.333,10,19,0.526,0.518,8,10,0.8,4,13,17,0,2,4,3,7,37,0
1444,8,1,286,24,PF,34,0,422,38,110,0.345,15,60,0.25,23,50,0.46,0.414,16,25,0.64,24,71,95,22,5,5,18,29,107,0
1444,18,1,286,24,PF,14,14,411,62,137,0.453,29,69,0.42,33,68,0.485,0.558,28,46,0.609,19,83,102,18,14,4,14,35,181,0
1169,24,1,287,24,PG,58,2,945,101,243,0.416,62,146,0.425,39,97,0.402,0.543,23,27,0.852,30,88,118,84,47,17,32,86,287,0
1109,29,1,288,22,C,58,3,663,126,189,0.667,3,3,1.0,123,186,0.661,0.675,30,46,0.652,111,156,267,23,14,33,30,115,285,0
1645,30,1,289,33,C,38,35,808,104,210,0.495,5,26,0.192,99,184,0.538,0.507,70,113,0.619,78,140,218,49,31,44,45,114,283,0
1646,9,1,290,22,C,60,14,776,93,193,0.482,22,64,0.344,71,129,0.55,0.539,73,110,0.664,54,113,167,43,25,39,45,102,281,0
1397,9,1,291,30,PF,18,18,512,88,250,0.352,27,111,0.243,61,139,0.439,0.406,76,98,0.776,17,67,84,59,7,7,40,27,279,0
1767,23,1,292,27,PG,54,3,668,101,222,0.455,34,88,0.386,67,134,0.5,0.532,39,47,0.83,11,50,61,95,24,6,47,50,275,0
1797,12,1,293,27,SG,19,16,528,97,246,0.394,33,104,0.317,64,142,0.451,0.461,48,59,0.814,9,66,75,56,17,4,47,36,275,0
1538,24,1,294,27,PG,31,3,515,65,171,0.38,24,83,0.289,41,88,0.466,0.45,24,32,0.75,10,42,52,50,12,8,24,43,178,0
1538,3,1,294,27,SG,8,4,194,32,79,0.405,14,36,0.389,18,43,0.419,0.494,18,18,1.0,8,16,24,24,4,1,5,15,96,0
1529,16,1,295,32,PF,18,0,281,39,87,0.448,16,45,0.356,23,42,0.548,0.54,8,14,0.571,8,44,52,21,6,13,15,34,102,0
1529,18,1,295,32,C,14,1,338,64,128,0.5,17,46,0.37,47,82,0.573,0.566,23,34,0.676,17,49,66,53,19,19,33,46,168,0
1888,18,1,296,20,C,30,11,495,100,243,0.412,32,97,0.33,68,146,0.466,0.477,37,53,0.698,34,90,124,35,19,22,22,83,269,0
1009,19,1,297,21,SG,47,1,591,98,266,0.368,46,133,0.346,52,133,0.391,0.455,25,37,0.676,9,75,84,89,17,8,54,57,267,0
1137,17,1,298,24,SF,52,1,767,95,256,0.371,44,136,0.324,51,120,0.425,0.457,32,40,0.8,31,152,183,51,29,7,42,54,266,0
1028,5,1,299,25,PG,58,4,930,90,220,0.409,54,138,0.391,36,82,0.439,0.532,27,38,0.711,20,90,110,96,27,3,37,96,261,0
1448,25,1,300,24,PF,53,4,871,92,218,0.422,24,78,0.308,68,140,0.486,0.477,48,59,0.814,30,154,184,50,36,9,42,107,256,0
1251,26,1,301,30,C,34,10,541,69,171,0.404,14,71,0.197,55,100,0.55,0.444,23,28,0.821,46,121,167,15,15,26,47,93,175,0
1251,1,1,301,30,C,10,8,233,33,84,0.393,8,36,0.222,25,48,0.521,0.44,7,8,0.875,14,68,82,7,10,15,10,40,81,0
1074,1,1,302,25,SG,43,4,915,104,228,0.456,15,65,0.231,89,163,0.546,0.489,26,48,0.542,34,118,152,81,55,19,60,84,249,0
2066,5,1,303,26,SF,36,5,488,97,237,0.409,46,137,0.336,51,100,0.51,0.506,6,8,0.75,9,65,74,43,26,6,26,51,246,0
1273,21,1,304,20,SF,36,28,820,86,218,0.394,30,101,0.297,56,117,0.479,0.463,42,53,0.792,24,57,81,27,31,4,22,97,244,0
1277,9,1,305,19,PF,38,19,754,92,236,0.39,28,98,0.286,64,138,0.464,0.449,31,46,0.674,20,98,118,19,20,8,35,80,243,0
1789,19,1,306,24,C,30,9,467,101,162,0.623,1,3,0.333,100,159,0.629,0.627,40,62,0.645,48,79,127,37,7,22,38,67,243,0
1381,18,1,307,26,SF,33,20,663,62,175,0.354,20,83,0.241,42,92,0.457,0.411,27,37,0.73,29,71,100,30,17,2,19,66,171,0
1381,1,1,307,26,SF,22,0,266,25,67,0.373,13,37,0.351,12,30,0.4,0.47,9,19,0.474,22,28,50,15,7,4,10,36,72,0
1146,23,1,308,27,PG,25,0,329,59,127,0.465,16,38,0.421,43,89,0.483,0.528,13,18,0.722,15,20,35,53,7,1,12,21,147,0
1146,7,1,308,27,PG,8,1,191,35,82,0.427,16,37,0.432,19,45,0.422,0.524,10,11,0.909,1,14,15,30,9,1,9,12,96,0
1319,1,1,309,21,C,56,13,713,103,199,0.518,5,37,0.135,98,162,0.605,0.53,29,51,0.569,67,131,198,49,18,17,42,107,240,0
1660,4,1,310,24,SF,48,3,903,89,207,0.43,18,77,0.234,71,130,0.546,0.473,42,65,0.646,38,120,158,95,39,9,44,78,238,0
2129,2,1,311,21,PF,69,5,1043,87,211,0.412,24,96,0.25,63,115,0.548,0.469,39,54,0.722,59,119,178,68,30,36,50,163,237,0
1788,2,1,312,25,PF,69,6,1011,80,196,0.408,48,127,0.378,32,69,0.464,0.531,28,32,0.875,26,119,145,37,21,5,19,80,236,0
1145,20,1,313,28,SG,29,19,684,90,224,0.402,37,111,0.333,53,113,0.469,0.484,17,21,0.81,13,55,68,42,25,3,19,56,234,0
1466,25,1,314,27,SF,21,21,619,87,172,0.506,35,71,0.493,52,101,0.515,0.608,21,27,0.778,10,62,72,32,17,4,19,46,230,0
1694,18,1,315,23,PG,30,2,590,87,178,0.489,29,76,0.382,58,102,0.569,0.57,26,39,0.667,7,42,49,125,34,4,31,31,229,0
1756,21,1,316,28,C,47,2,572,77,189,0.407,54,143,0.378,23,46,0.5,0.55,18,22,0.818,16,92,108,40,9,12,17,58,226,0
1036,4,1,317,24,SG,39,11,687,85,244,0.348,19,67,0.284,66,177,0.373,0.387,35,53,0.66,15,85,100,52,23,2,37,52,224,0
1216,14,1,318,26,PG,44,1,508,91,214,0.425,31,85,0.365,60,129,0.465,0.498,11,14,0.786,11,40,51,49,12,2,33,27,224,0
1051,7,1,319,35,PG,29,6,450,85,207,0.411,32,85,0.376,53,122,0.434,0.488,20,22,0.909,10,43,53,112,5,2,38,27,222,0
1441,6,1,320,29,C,29,2,412,61,120,0.508,6,31,0.194,55,89,0.618,0.533,17,33,0.515,32,82,114,43,16,32,21,55,145,0
1441,9,1,320,29,C,11,6,188,34,51,0.667,2,5,0.4,32,46,0.696,0.686,6,13,0.462,14,34,48,11,8,10,15,23,76,0
1318,21,1,321,21,SF,56,38,1257,78,220,0.355,49,168,0.292,29,52,0.558,0.466,15,20,0.75,23,51,74,51,27,17,31,155,220,0
1348,5,1,322,21,C,43,7,609,94,134,0.701,0,0,,94,134,0.701,0.701,32,60,0.533,52,54,106,21,13,56,29,98,220,0
1261,24,1,323,23,C,47,2,479,92,142,0.648,1,3,0.333,91,139,0.655,0.651,34,39,0.872,30,101,131,22,11,12,32,55,219,0
1792,24,1,324,22,PG,55,3,719,72,181,0.398,25,71,0.352,47,110,0.427,0.467,50,71,0.704,16,74,90,115,24,4,38,54,219,0
1320,26,1,325,26,PG,50,0,530,79,188,0.42,24,79,0.304,55,109,0.505,0.484,36,42,0.857,6,43,49,69,18,4,28,38,218,0
1486,5,1,326,23,SF,28,10,527,80,175,0.457,12,38,0.316,68,137,0.496,0.491,46,78,0.59,18,90,108,26,27,7,27,47,218,0
1590,5,1,327,24,C,36,14,559,82,187,0.439,31,108,0.287,51,79,0.646,0.521,20,28,0.714,22,62,84,32,11,26,14,54,215,0
1595,3,1,328,21,PF,47,9,684,79,177,0.446,33,90,0.367,46,87,0.529,0.54,24,38,0.632,25,112,137,51,25,5,46,90,215,0
1082,22,1,329,27,C,48,24,922,73,143,0.51,0,1,0.0,73,142,0.514,0.51,66,101,0.653,91,129,220,50,20,23,31,91,212,0
1608,18,1,330,25,SF,23,2,505,81,179,0.453,24,72,0.333,57,107,0.533,0.52,24,32,0.75,17,40,57,15,17,10,24,47,210,0
1427,5,1,331,26,SG,43,10,484,77,165,0.467,16,42,0.381,61,123,0.496,0.515,39,50,0.78,22,64,86,49,34,19,19,55,209,0
1375,1,1,332,24,PG,34,1,430,76,190,0.4,26,87,0.299,50,103,0.485,0.468,28,30,0.933,11,61,72,51,12,4,29,43,206,0
1184,3,1,333,32,PF,35,3,734,74,183,0.404,37,121,0.306,37,62,0.597,0.505,20,23,0.87,11,134,145,39,16,12,34,79,205,0
2030,28,1,334,25,SG,41,1,440,73,150,0.487,47,99,0.475,26,51,0.51,0.643,9,12,0.75,9,52,61,22,10,1,16,38,202,0
1241,14,1,335,28,SG,41,0,456,62,158,0.392,40,112,0.357,22,46,0.478,0.519,10,16,0.625,12,34,46,14,8,3,9,30,174,0
1241,8,1,335,28,SG,6,0,76,10,28,0.357,6,20,0.3,4,8,0.5,0.464,0,0,,0,6,6,3,3,0,3,7,26,0
2043,25,1,336,34,PF,33,9,554,43,117,0.368,30,89,0.337,13,28,0.464,0.496,13,19,0.684,27,83,110,29,8,9,21,54,129,0
2043,26,1,336,34,PF,9,0,82,3,17,0.176,2,15,0.133,1,2,0.5,0.235,1,2,0.5,2,9,11,3,4,1,4,6,9,0
2043,15,1,336,34,PF,13,4,236,19,48,0.396,17,41,0.415,2,7,0.286,0.573,7,8,0.875,5,28,33,10,7,1,9,14,62,0
1504,15,1,337,22,SF,22,0,381,70,159,0.44,23,72,0.319,47,87,0.54,0.513,35,50,0.7,11,55,66,35,18,9,28,40,198,0
1663,18,1,338,24,SF,31,4,495,71,181,0.392,25,96,0.26,46,85,0.541,0.461,30,31,0.968,12,84,96,23,7,9,20,51,197,0
1755,3,1,339,20,SF,40,0,487,64,172,0.372,19,78,0.244,45,94,0.479,0.427,45,60,0.75,21,65,86,43,15,1,36,30,192,0
1445,4,1,340,25,C,31,0,375,74,139,0.532,5,22,0.227,69,117,0.59,0.55,37,59,0.627,43,91,134,29,10,7,30,32,190,0
1597,25,1,341,23,C,33,1,567,81,147,0.551,3,13,0.231,78,134,0.582,0.561,25,33,0.758,65,104,169,42,7,31,30,89,190,0
1691,13,1,342,28,SG,56,4,871,72,181,0.398,24,89,0.27,48,92,0.522,0.464,19,34,0.559,29,122,151,36,26,8,24,74,187,0
1979,20,1,343,22,PG,34,3,537,72,211,0.341,16,54,0.296,56,157,0.357,0.379,27,53,0.509,21,57,78,98,28,8,58,65,187,0
1038,26,1,344,20,C,13,6,334,78,167,0.467,4,22,0.182,74,145,0.51,0.479,25,31,0.806,29,68,97,10,6,12,18,43,185,0
1303,20,1,345,32,SG,36,1,558,61,174,0.351,50,143,0.35,11,31,0.355,0.494,11,13,0.846,4,61,65,44,13,4,18,41,183,0
1581,6,1,346,28,SG,16,0,241,28,86,0.326,19,64,0.297,9,22,0.409,0.436,4,13,0.308,3,17,20,31,5,2,16,20,79,0
1581,9,1,346,28,PG,9,3,221,31,81,0.383,26,67,0.388,5,14,0.357,0.543,16,21,0.762,1,20,21,38,5,1,22,20,104,0
1692,6,1,347,27,SF,40,1,593,73,171,0.427,14,65,0.215,59,106,0.557,0.468,22,31,0.71,37,76,113,14,23,8,26,72,182,0
1254,6,1,348,29,PG,57,4,821,62,175,0.354,21,91,0.231,41,84,0.488,0.414,32,37,0.865,18,57,75,180,20,2,59,78,177,0
1399,15,1,349,24,SG,44,0,484,62,157,0.395,25,83,0.301,37,74,0.5,0.475,24,26,0.923,14,59,73,45,12,8,36,34,173,0
1083,12,1,350,20,C,54,2,471,70,150,0.467,8,42,0.19,62,108,0.574,0.493,24,33,0.727,25,81,106,23,10,37,28,65,172,0
1624,25,1,351,19,PF,48,5,573,65,151,0.43,14,59,0.237,51,92,0.554,0.477,28,44,0.636,31,77,108,22,13,14,15,72,172,0
1226,1,1,352,27,SG,28,1,522,52,143,0.364,30,93,0.323,22,50,0.44,0.469,9,12,0.75,10,55,65,28,15,4,12,36,143,0
1226,18,1,352,27,SF,9,0,131,11,34,0.324,6,26,0.231,5,8,0.625,0.412,1,2,0.5,1,11,12,5,0,0,5,11,29,0
1679,28,1,353,24,SF,37,12,908,67,162,0.414,23,71,0.324,44,91,0.484,0.485,13,18,0.722,19,67,86,79,39,4,29,60,170,0
1279,8,1,354,23,SG,29,0,412,65,157,0.414,17,49,0.347,48,108,0.444,0.468,21,29,0.724,10,45,55,63,14,6,27,45,168,0
1852,5,1,355,26,SF,14,9,331,62,140,0.443,24,62,0.387,38,78,0.487,0.529,19,27,0.704,13,35,48,25,15,6,11,31,167,0
1392,2,1,356,26,SG,48,2,468,63,126,0.5,9,33,0.273,54,93,0.581,0.536,28,42,0.667,24,69,93,26,24,8,23,43,163,0
1201,11,1,357,22,SG,33,0,291,57,142,0.401,37,107,0.346,20,35,0.571,0.532,10,11,0.909,4,26,30,27,9,6,19,26,161,0
1313,29,1,358,24,SG,11,0,83,10,23,0.435,2,6,0.333,8,17,0.471,0.478,2,2,1.0,3,9,12,7,1,2,10,8,24,0
1313,6,1,358,24,SG,24,1,402,46,96,0.479,13,37,0.351,33,59,0.559,0.547,30,41,0.732,9,46,55,33,12,6,21,30,135,0
1818,30,1,359,24,C,27,0,437,61,116,0.526,0,3,0.0,61,113,0.54,0.526,34,58,0.586,42,65,107,18,9,12,24,75,156,0
1926,12,1,360,26,PF,34,12,471,68,115,0.591,2,13,0.154,66,102,0.647,0.6,18,27,0.667,20,68,88,21,16,12,15,64,156,0
1196,11,1,361,25,PF,18,0,212,23,59,0.39,18,51,0.353,5,8,0.625,0.542,6,7,0.857,11,29,40,12,2,7,2,21,70,0
1196,22,1,361,25,SF,24,5,355,31,74,0.419,21,60,0.35,10,14,0.714,0.561,3,3,1.0,26,44,70,5,4,15,8,25,86,0
2055,20,1,362,24,SG,24,1,291,51,106,0.481,19,53,0.358,32,53,0.604,0.571,34,43,0.791,6,23,29,28,3,4,22,29,155,0
1532,27,1,363,20,SF,17,1,301,53,89,0.596,13,22,0.591,40,67,0.597,0.669,35,44,0.795,10,47,57,15,14,2,13,28,154,0
2008,12,1,364,24,SG,31,3,447,61,142,0.43,14,53,0.264,47,89,0.528,0.479,16,29,0.552,11,35,46,55,15,9,22,44,152,0
2142,2,1,365,22,C,29,1,388,64,88,0.727,0,0,,64,88,0.727,0.727,22,34,0.647,40,88,128,27,22,35,21,51,150,0
1187,30,1,366,24,PG,10,0,123,10,34,0.294,7,16,0.438,3,18,0.167,0.397,0,0,,0,15,15,28,10,2,9,12,27,0
1187,3,1,366,24,PG,18,2,278,45,106,0.425,20,56,0.357,25,50,0.5,0.519,5,5,1.0,9,29,38,55,11,2,23,25,115,0
1784,25,1,367,25,C,8,8,253,54,109,0.495,2,10,0.2,52,99,0.525,0.505,31,35,0.886,23,59,82,32,11,16,19,39,141,0
2134,19,1,368,25,PF,39,18,832,51,147,0.347,25,97,0.258,26,50,0.52,0.432,9,26,0.346,51,135,186,57,27,21,22,88,136,0
1963,16,1,369,23,PF,44,0,346,48,78,0.615,0,3,0.0,48,75,0.64,0.615,37,55,0.673,60,66,126,23,9,21,32,85,133,0
2146,17,1,370,23,PF,37,1,363,52,132,0.394,18,73,0.247,34,59,0.576,0.462,11,18,0.611,12,80,92,25,3,5,19,33,133,0
2073,18,1,371,24,C,29,1,347,47,86,0.547,2,14,0.143,45,72,0.625,0.558,23,28,0.821,34,82,116,26,11,6,19,36,119,0
2073,8,1,371,24,C,7,0,30,5,6,0.833,1,1,1.0,4,5,0.8,0.917,2,4,0.5,3,5,8,2,0,0,2,4,13,0
1311,10,1,372,22,SG,27,1,414,45,133,0.338,13,38,0.342,32,95,0.337,0.387,25,29,0.862,9,32,41,31,11,12,25,41,128,0
1311,18,1,372,22,SG,2,0,4,0,1,0.0,0,1,0.0,0,0,,0.0,0,0,,0,0,0,0,0,0,0,0,0,0
2149,16,1,373,23,SG,11,5,352,50,129,0.388,6,27,0.222,44,102,0.431,0.411,18,27,0.667,16,57,73,44,7,5,24,38,124,0
1296,2,1,374,21,SG,37,0,351,42,128,0.328,24,76,0.316,18,52,0.346,0.422,13,19,0.684,6,41,47,24,12,4,15,34,121,0
1837,3,1,375,24,SG,33,0,365,45,155,0.29,15,80,0.188,30,75,0.4,0.339,15,16,0.938,10,44,54,56,17,4,33,35,120,0
1824,30,1,376,27,SF,29,17,432,48,116,0.414,13,46,0.283,35,70,0.5,0.47,4,8,0.5,26,54,80,48,33,7,20,54,113,0
1659,4,1,377,24,SF,18,1,317,37,84,0.44,20,37,0.541,17,47,0.362,0.56,17,21,0.81,10,28,38,23,12,7,15,32,111,0
2080,16,1,378,28,SG,3,0,42,10,26,0.385,8,17,0.471,2,9,0.222,0.538,0,1,0.0,0,11,11,3,0,2,3,5,28,0
2080,14,1,378,28,SG,7,0,165,31,73,0.425,7,30,0.233,24,43,0.558,0.473,14,16,0.875,2,11,13,17,4,4,13,16,83,0
1310,27,1,379,22,C,22,3,272,43,67,0.642,1,1,1.0,42,66,0.636,0.649,20,26,0.769,28,57,85,15,5,17,21,37,107,0
1429,11,1,380,21,C,23,2,266,44,67,0.657,0,5,0.0,44,62,0.71,0.657,19,28,0.679,29,61,90,18,9,12,16,41,107,0
1611,7,1,381,34,SG,24,9,345,40,82,0.488,21,47,0.447,19,35,0.543,0.616,6,7,0.857,7,25,32,12,18,6,11,33,107,0
1075,17,1,382,22,C,7,0,91,10,21,0.476,4,9,0.444,6,12,0.5,0.571,2,3,0.667,0,20,20,9,0,5,5,16,26,0
1075,10,1,382,22,PF,9,3,195,31,71,0.437,11,34,0.324,20,37,0.541,0.514,8,11,0.727,16,37,53,19,4,4,16,26,81,0
1148,21,1,383,26,SF,39,0,356,43,125,0.344,10,53,0.189,33,72,0.458,0.384,8,14,0.571,7,50,57,17,7,10,19,34,104,0
1238,10,1,384,31,PG,5,5,139,33,82,0.402,12,49,0.245,21,33,0.636,0.476,26,26,1.0,4,22,26,33,5,2,16,11,104,0
1785,3,1,385,27,SF,20,0,268,37,71,0.521,12,28,0.429,25,43,0.581,0.606,18,27,0.667,8,37,45,8,11,12,8,32,104,0
1521,24,1,386,22,SG,31,0,328,38,113,0.336,14,50,0.28,24,63,0.381,0.398,12,16,0.75,7,39,46,44,15,3,18,29,102,0
1806,23,1,387,29,C,29,2,313,42,85,0.494,7,27,0.259,35,58,0.603,0.535,11,20,0.55,34,82,116,51,7,24,20,37,102,0
1652,13,1,388,23,SF,41,6,362,37,79,0.468,7,20,0.35,30,59,0.508,0.513,18,27,0.667,10,45,55,53,11,5,18,46,99,0
1940,30,1,389,22,PF,33,2,368,35,92,0.38,19,61,0.311,16,31,0.516,0.484,10,15,0.667,7,40,47,15,8,4,7,50,99,0
1668,30,1,390,23,SG,18,0,227,24,56,0.429,19,46,0.413,5,10,0.5,0.598,31,34,0.912,6,18,24,10,8,1,8,32,98,0
1340,9,1,391,29,PG,27,11,355,34,94,0.362,10,30,0.333,24,64,0.375,0.415,19,24,0.792,9,24,33,93,14,4,36,42,97,0
1490,16,1,392,36,SF,21,0,418,38,88,0.432,14,47,0.298,24,41,0.585,0.511,6,15,0.4,17,61,78,51,14,21,26,35,96,0
2171,6,1,393,23,C,22,0,221,41,72,0.569,0,0,,41,72,0.569,0.569,14,19,0.737,18,48,66,6,7,5,10,27,96,0
1073,18,1,394,25,C,27,0,235,32,60,0.533,2,9,0.222,30,51,0.588,0.55,17,29,0.586,28,50,78,14,2,10,18,17,83,0
1073,15,1,394,25,C,2,0,21,3,7,0.429,2,3,0.667,1,4,0.25,0.571,2,2,1.0,2,1,3,2,1,0,3,2,10,0
1947,11,1,395,35,PF,41,0,436,37,91,0.407,15,54,0.278,22,37,0.595,0.489,3,8,0.375,21,72,93,25,24,12,15,43,92,0
1154,15,1,396,24,C,22,0,192,28,69,0.406,4,25,0.16,24,44,0.545,0.435,2,3,0.667,17,27,44,10,10,12,7,23,62,0
1154,11,1,396,24,C,8,0,52,10,20,0.5,2,8,0.25,8,12,0.667,0.55,6,6,1.0,6,10,16,2,5,5,6,8,28,0
1511,26,1,397,23,SF,36,0,232,35,84,0.417,9,29,0.31,26,55,0.473,0.47,10,21,0.476,6,26,32,18,6,9,8,17,89,0
1684,4,1,398,22,SF,16,0,293,33,70,0.471,9,24,0.375,24,46,0.522,0.536,14,17,0.824,15,50,65,13,8,3,11,36,89,0
1822,24,1,399,25,SG,8,0,183,33,68,0.485,15,29,0.517,18,39,0.462,0.596,6,7,0.857,4,27,31,24,8,2,11,20,87,0
1167,27,1,400,33,SF,15,0,135,9,29,0.31,3,13,0.231,6,16,0.375,0.362,12,20,0.6,7,24,31,11,2,2,10,20,33,0
1167,11,1,400,33,C,9,0,155,16,37,0.432,5,20,0.25,11,17,0.647,0.5,17,22,0.773,5,19,24,14,6,3,7,12,54,0
1317,5,1,401,27,C,22,0,386,34,54,0.63,0,2,0.0,34,52,0.654,0.63,18,23,0.783,55,47,102,16,10,2,18,34,86,0
1609,12,1,402,22,PF,28,1,222,36,86,0.419,5,18,0.278,31,68,0.456,0.448,7,16,0.438,23,48,71,9,10,4,8,22,84,0
1063,4,1,403,31,SF,22,3,505,28,81,0.346,14,49,0.286,14,32,0.438,0.432,9,10,0.9,25,75,100,66,17,8,22,41,79,0
1601,2,1,404,20,SG,32,2,370,28,80,0.35,5,27,0.185,23,53,0.434,0.381,18,25,0.72,15,26,41,13,8,8,11,33,79,0
1017,22,1,405,29,PF,18,2,380,25,86,0.291,9,36,0.25,16,50,0.32,0.343,19,29,0.655,24,63,87,21,18,8,17,27,78,0
1211,25,1,406,22,PF,11,11,290,32,68,0.471,7,19,0.368,25,49,0.51,0.522,6,8,0.75,25,44,69,16,5,5,14,36,77,0
1747,10,1,407,25,SF,7,3,204,26,67,0.388,16,52,0.308,10,15,0.667,0.507,9,12,0.75,3,20,23,8,2,1,5,20,77,0
1122,7,1,408,29,SF,17,1,180,22,59,0.373,20,51,0.392,2,8,0.25,0.542,7,8,0.875,5,38,43,11,5,4,6,15,71,0
2049,10,1,409,26,SG,13,6,272,29,63,0.46,8,23,0.348,21,40,0.525,0.524,3,5,0.6,9,43,52,26,13,5,16,30,69,0
1285,14,1,410,34,PF,45,1,364,24,60,0.4,18,42,0.429,6,18,0.333,0.55,2,2,1.0,6,46,52,28,15,3,8,41,68,0
1629,10,1,411,23,C,20,4,262,29,79,0.367,1,14,0.071,28,65,0.431,0.373,9,12,0.75,28,38,66,20,12,6,12,34,68,0
1199,3,1,412,20,C,15,0,187,27,48,0.563,1,7,0.143,26,41,0.634,0.573,11,21,0.524,19,25,44,16,1,8,9,14,66,0
2009,26,1,413,22,C,7,0,23,2,4,0.5,0,0,,2,4,0.5,0.5,1,2,0.5,2,5,7,2,1,2,6,8,5,0
2009,25,1,413,22,PF,20,1,265,26,43,0.605,0,2,0.0,26,41,0.634,0.605,8,15,0.533,25,68,93,29,2,5,31,54,60,0
1662,3,1,414,23,PG,9,0,99,24,53,0.453,5,18,0.278,19,35,0.543,0.5,11,14,0.786,1,9,10,18,7,2,4,7,64,0
1707,30,1,415,32,SF,10,0,161,19,59,0.322,11,35,0.314,8,24,0.333,0.415,15,20,0.75,4,8,12,12,10,4,4,14,64,0
1347,26,1,416,22,PF,11,0,61,6,17,0.353,1,8,0.125,5,9,0.556,0.382,6,10,0.6,4,6,10,3,3,2,5,7,19,0
1347,25,1,416,22,PF,19,1,174,15,31,0.484,5,12,0.417,10,19,0.526,0.565,9,12,0.75,17,25,42,5,8,5,11,32,44,0
1667,17,1,417,25,PG,9,0,118,23,51,0.451,6,21,0.286,17,30,0.567,0.51,10,17,0.588,5,14,19,29,5,1,11,11,62,0
2058,29,1,418,22,SG,20,0,161,20,43,0.465,3,17,0.176,17,26,0.654,0.5,19,23,0.826,3,17,20,5,1,1,8,10,62,0
2059,1,1,419,31,SG,19,0,251,25,67,0.373,0,5,0.0,25,62,0.403,0.373,12,14,0.857,8,30,38,38,9,8,26,20,62,0
1536,28,1,420,23,PF,25,0,150,22,59,0.373,7,24,0.292,15,35,0.429,0.432,9,16,0.563,7,30,37,20,6,4,15,16,60,0
1573,4,1,421,26,PF,12,0,160,18,53,0.34,5,17,0.294,13,36,0.361,0.387,7,9,0.778,9,26,35,10,0,3,7,18,48,0
1573,7,1,421,26,PF,13,0,121,4,13,0.308,0,3,0.0,4,10,0.4,0.308,4,5,0.8,5,27,32,4,2,3,9,19,12,0
1975,10,1,422,19,C,14,0,139,20,40,0.5,3,13,0.231,17,27,0.63,0.538,16,19,0.842,10,17,27,13,3,4,11,14,59,0
1206,13,1,423,22,SG,18,1,159,23,54,0.426,6,19,0.316,17,35,0.486,0.481,6,11,0.545,4,12,16,14,5,2,8,20,58,0
1703,27,1,424,22,C,18,0,105,24,42,0.571,0,2,0.0,24,40,0.6,0.571,10,13,0.769,12,21,33,10,3,6,10,7,58,0
1779,18,1,425,20,SG,15,0,151,19,53,0.358,3,26,0.115,16,27,0.593,0.387,16,17,0.941,3,10,13,19,3,1,3,11,57,0
1827,23,1,426,26,C,24,0,232,25,48,0.521,0,1,0.0,25,47,0.532,0.521,7,14,0.5,20,52,72,8,3,31,18,55,57,0
1024,17,1,427,27,SF,20,2,129,24,48,0.5,0,10,0.0,24,38,0.632,0.5,7,17,0.412,12,12,24,15,7,2,12,18,55,0
1588,15,1,428,23,SG,19,0,181,24,37,0.649,5,10,0.5,19,27,0.704,0.716,1,2,0.5,18,29,47,22,7,3,7,7,54,0
1961,3,1,429,29,SF,13,0,241,21,64,0.328,8,33,0.242,13,31,0.419,0.391,4,7,0.571,9,25,34,12,12,2,10,21,54,0
2092,13,1,430,24,PG,23,1,222,17,36,0.472,9,21,0.429,8,15,0.533,0.597,7,9,0.778,2,13,15,22,4,0,4,19,50,0
2092,9,1,430,24,PG,3,0,26,1,3,0.333,1,3,0.333,0,0,,0.5,0,0,,0,1,1,5,3,0,1,2,3,0
1245,29,1,431,30,C,28,1,303,22,46,0.478,0,0,,22,46,0.478,0.478,7,14,0.5,35,70,105,12,11,9,13,61,51,0
1014,20,1,432,27,PG,10,0,117,19,44,0.432,5,16,0.313,14,28,0.5,0.489,7,11,0.636,2,7,9,21,5,2,8,7,50,0
1518,26,1,433,22,SG,13,0,141,20,40,0.5,5,18,0.278,15,22,0.682,0.563,5,6,0.833,3,15,18,7,4,1,2,19,50,0
2133,30,1,434,24,PF,15,6,180,19,34,0.559,0,2,0.0,19,32,0.594,0.559,7,13,0.538,24,40,64,8,1,8,5,16,45,0
1560,13,1,435,22,C,12,0,64,14,32,0.438,9,20,0.45,5,12,0.417,0.578,5,5,1.0,1,10,11,2,2,2,2,9,42,0
1843,2,1,436,26,C,22,0,130,17,36,0.472,1,2,0.5,16,34,0.471,0.486,6,7,0.857,13,30,43,8,2,9,8,25,41,0
1094,8,1,437,20,PF,7,0,87,14,28,0.5,4,9,0.444,10,19,0.526,0.571,8,10,0.8,5,14,19,6,2,6,10,11,40,0
1338,22,1,438,23,SG,19,0,126,15,34,0.441,8,16,0.5,7,18,0.389,0.559,2,4,0.5,2,8,10,3,9,2,5,11,40,0
2088,1,1,439,25,SG,14,0,160,14,44,0.318,1,15,0.067,13,29,0.448,0.33,11,17,0.647,3,19,22,13,7,1,10,19,40,0
2101,2,1,440,22,PG,11,1,119,14,49,0.286,4,24,0.167,10,25,0.4,0.327,8,8,1.0,0,12,12,16,10,2,15,13,40,0
1407,9,1,441,22,PF,4,0,48,1,4,0.25,0,0,,1,4,0.25,0.25,4,6,0.667,6,9,15,2,1,1,2,9,6,0
1407,3,1,441,22,C,5,0,85,14,18,0.778,0,0,,14,18,0.778,0.778,5,12,0.417,8,15,23,2,2,5,3,14,33,0
1456,25,1,442,20,PF,13,0,103,15,32,0.469,0,3,0.0,15,29,0.517,0.469,8,13,0.615,14,18,32,4,5,0,4,12,38,0
1120,28,1,443,21,SF,19,0,135,13,36,0.361,3,15,0.2,10,21,0.476,0.403,8,10,0.8,9,17,26,7,4,1,7,18,37,0
1740,29,1,444,22,PF,21,0,134,15,26,0.577,3,8,0.375,12,18,0.667,0.635,3,4,0.75,10,19,29,6,1,2,6,19,36,0
2099,15,1,445,25,SF,18,0,105,15,34,0.441,3,8,0.375,12,26,0.462,0.485,3,8,0.375,7,13,20,5,5,1,2,9,36,0
1713,28,1,446,26,SF,28,1,162,12,29,0.414,8,22,0.364,4,7,0.571,0.552,3,8,0.375,2,14,16,11,5,2,4,18,35,0
1805,29,1,447,22,SF,10,1,109,12,32,0.375,7,19,0.368,5,13,0.385,0.484,4,5,0.8,5,12,17,4,4,2,4,9,35,0
1183,11,1,448,37,C,26,5,219,14,18,0.778,0,0,,14,18,0.778,0.778,6,13,0.462,25,41,66,6,6,8,8,32,34,0
1470,14,1,449,19,SG,6,1,81,14,30,0.467,4,13,0.308,10,17,0.588,0.533,2,4,0.5,2,5,7,6,8,1,6,10,34,0
1524,12,1,450,23,PF,17,1,118,12,29,0.414,3,8,0.375,9,21,0.429,0.466,7,10,0.7,16,32,48,7,3,2,7,12,34,0
1728,5,1,451,21,SF,11,0,112,12,28,0.429,6,15,0.4,6,13,0.462,0.536,2,4,0.5,7,3,10,4,4,0,2,17,32,0
2105,1,1,452,25,SF,2,0,17,0,7,0.0,0,3,0.0,0,4,0.0,0.0,0,0,,0,2,2,3,1,0,0,1,0,0
2105,28,1,452,25,SF,8,0,70,10,19,0.526,4,9,0.444,6,10,0.6,0.632,7,9,0.778,2,13,15,5,3,1,3,4,31,0
1525,22,1,453,24,SF,10,0,83,9,32,0.281,3,9,0.333,6,23,0.261,0.328,9,10,0.9,3,12,15,3,3,0,6,3,30,0
1018,3,1,454,26,SG,10,1,107,10,38,0.263,6,29,0.207,4,9,0.444,0.342,2,4,0.5,1,20,21,8,0,6,4,13,28,0
1745,13,1,455,24,PF,13,0,41,11,15,0.733,1,1,1.0,10,14,0.714,0.767,5,7,0.714,3,7,10,8,3,0,5,6,28,0
1339,11,1,456,25,SG,13,0,145,7,29,0.241,4,23,0.174,3,6,0.5,0.31,9,14,0.643,1,9,10,2,2,0,5,22,27,0
1383,30,1,457,27,SG,6,0,80,10,27,0.37,2,8,0.25,8,19,0.421,0.407,5,7,0.714,2,4,6,9,1,1,3,11,27,0
1814,10,1,458,33,PG,3,0,44,11,22,0.5,3,7,0.429,8,15,0.533,0.568,0,1,0.0,1,2,3,8,1,0,4,8,25,0
1111,29,1,459,23,PF,9,0,96,10,28,0.357,3,13,0.231,7,15,0.467,0.411,1,2,0.5,2,18,20,11,3,5,7,7,24,0
2029,3,1,460,31,PF,7,4,98,8,23,0.348,4,13,0.308,4,10,0.4,0.435,4,4,1.0,2,11,13,6,0,0,6,11,24,0
1314,2,1,461,24,C,7,0,33,11,14,0.786,0,0,,11,14,0.786,0.786,1,3,0.333,1,14,15,1,1,4,3,7,23,0
1218,6,1,462,22,PF,11,0,35,7,10,0.7,0,0,,7,10,0.7,0.7,5,6,0.833,4,6,10,1,1,0,1,4,19,0
1218,8,1,462,22,SF,2,0,19,1,2,0.5,0,0,,1,2,0.5,0.5,2,2,1.0,2,2,4,0,2,0,2,1,4,0
2072,16,1,463,23,PG,9,0,83,8,37,0.216,6,27,0.222,2,10,0.2,0.297,0,0,,0,5,5,6,5,0,1,6,22,0
1129,1,1,464,22,SG,10,0,40,6,19,0.316,3,9,0.333,3,10,0.3,0.395,5,5,1.0,2,2,4,2,2,2,3,3,20,0
1406,21,1,465,24,PG,11,0,81,6,30,0.2,4,17,0.235,2,13,0.154,0.267,4,8,0.5,2,5,7,13,4,1,5,6,20,0
1576,9,1,466,20,SF,10,0,62,8,21,0.381,4,11,0.364,4,10,0.4,0.476,0,3,0.0,1,9,10,5,2,0,2,10,20,0
1901,21,1,467,28,SF,7,0,87,8,29,0.276,3,14,0.214,5,15,0.333,0.328,1,2,0.5,7,20,27,4,1,3,2,13,20,0
2076,6,1,468,23,PF,12,0,71,9,13,0.692,2,4,0.5,7,9,0.778,0.769,0,1,0.0,3,16,19,2,2,4,3,8,20,0
2157,29,1,469,22,PG,4,0,45,7,20,0.35,2,10,0.2,5,10,0.5,0.4,3,4,0.75,0,5,5,7,2,0,3,5,19,0
2064,15,1,470,26,PF,4,0,14,1,7,0.143,0,4,0.0,1,3,0.333,0.143,2,2,1.0,1,0,1,0,1,0,0,1,4,0
2064,30,1,470,26,PF,3,0,39,6,11,0.545,3,5,0.6,3,6,0.5,0.682,0,0,,1,4,5,0,0,0,0,1,15,0
1113,20,1,471,21,SF,9,0,53,6,22,0.273,1,9,0.111,5,13,0.385,0.295,4,5,0.8,2,3,5,4,0,1,2,3,17,0
1160,8,1,472,22,PF,14,0,45,6,15,0.4,1,6,0.167,5,9,0.556,0.433,4,4,1.0,5,5,10,3,1,1,3,7,17,0
1447,21,1,473,23,PF,10,0,52,7,27,0.259,3,20,0.15,4,7,0.571,0.315,0,0,,1,11,12,5,1,1,0,4,17,0
1984,14,1,474,34,SG,6,0,79,7,22,0.318,1,11,0.091,6,11,0.545,0.341,2,2,1.0,0,5,5,3,1,0,4,5,17,0
2028,9,1,475,23,SG,8,0,61,5,17,0.294,5,14,0.357,0,3,0.0,0.441,2,4,0.5,1,0,1,3,3,0,3,9,17,0
1925,27,1,476,20,PF,3,1,48,5,16,0.313,3,8,0.375,2,8,0.25,0.406,3,4,0.75,1,9,10,6,0,2,2,6,16,0
2037,19,1,477,25,SF,2,0,35,6,11,0.545,2,4,0.5,4,7,0.571,0.636,2,4,0.5,0,4,4,4,1,1,2,2,16,0
1517,22,1,478,26,PF,18,0,74,5,14,0.357,0,0,,5,14,0.357,0.357,5,14,0.357,10,13,23,4,1,3,3,7,15,0
1607,22,1,479,24,PF,8,0,62,6,18,0.333,1,7,0.143,5,11,0.455,0.361,2,6,0.333,2,9,11,3,2,0,2,6,15,0
1443,28,1,480,23,C,6,0,28,5,14,0.357,1,2,0.5,4,12,0.333,0.393,3,5,0.6,5,9,14,3,1,0,3,6,14,0
1724,12,1,481,26,SG,5,0,47,6,17,0.353,2,12,0.167,4,5,0.8,0.412,0,0,,0,7,7,8,1,1,3,2,14,0
1775,13,1,482,34,C,5,0,50,4,8,0.5,0,0,,4,8,0.5,0.5,6,8,0.75,5,11,16,7,1,1,6,9,14,0
1816,1,1,483,31,PF,5,0,54,5,18,0.278,4,14,0.286,1,4,0.25,0.389,0,0,,1,6,7,3,4,1,3,3,14,0
2140,29,1,484,25,PG,10,0,50,5,16,0.313,2,7,0.286,3,9,0.333,0.375,2,2,1.0,2,4,6,6,3,1,3,6,14,0
1906,30,1,485,22,PG,9,0,49,5,12,0.417,3,5,0.6,2,7,0.286,0.542,0,0,,1,4,5,7,0,1,3,2,13,0
1099,9,1,486,22,PG,10,0,53,5,20,0.25,2,10,0.2,3,10,0.3,0.3,0,0,,0,4,4,8,1,0,2,6,12,0
1186,19,1,487,24,PF,4,0,51,6,9,0.667,0,1,0.0,6,8,0.75,0.667,0,0,,3,6,9,3,1,1,4,10,12,0
1413,15,1,488,26,SG,2,0,13,4,9,0.444,2,3,0.667,2,6,0.333,0.556,2,2,1.0,0,1,1,0,0,0,0,1,12,0
1431,16,1,489,39,C,4,1,44,4,11,0.364,1,3,0.333,3,8,0.375,0.409,3,4,0.75,1,15,16,1,0,0,1,6,12,0
1643,22,1,490,30,PG,8,0,38,5,15,0.333,1,4,0.25,4,11,0.364,0.367,1,2,0.5,1,5,6,5,3,1,5,4,12,0
2107,27,1,491,23,SG,11,0,78,5,17,0.294,1,5,0.2,4,12,0.333,0.324,1,2,0.5,1,6,7,11,3,1,5,8,12,0
2067,8,1,492,20,PF,9,0,41,5,7,0.714,0,0,,5,7,0.714,0.714,0,0,,3,5,8,2,3,1,7,6,10,0
2067,18,1,492,20,PF,2,0,5,0,1,0.0,0,1,0.0,0,0,,0.0,2,2,1.0,0,1,1,0,0,0,0,0,2,0
1136,25,1,493,20,C,9,0,33,4,10,0.4,0,0,,4,10,0.4,0.4,3,8,0.375,3,11,14,1,1,1,3,7,11,0
1202,7,1,494,25,SG,11,0,46,4,14,0.286,0,3,0.0,4,11,0.364,0.286,3,5,0.6,2,5,7,1,1,3,2,8,11,0
1956,23,1,495,24,SG,4,0,28,3,12,0.25,2,6,0.333,1,6,0.167,0.333,3,4,0.75,1,6,7,1,0,1,3,4,11,0
1610,24,1,496,19,SG,5,0,32,4,10,0.4,0,4,0.0,4,6,0.667,0.4,2,2,1.0,0,2,2,2,0,0,2,3,10,0
1778,14,1,497,22,SG,2,0,5,0,1,0.0,0,0,,0,1,0.0,0.0,0,0,,0,1,1,0,0,0,0,0,0,0
1778,10,1,497,22,SG,3,0,36,3,11,0.273,3,8,0.375,0,3,0.0,0.409,1,1,1.0,0,5,5,3,2,0,3,4,10,0
1095,23,1,498,24,C,4,0,14,2,3,0.667,0,1,0.0,2,2,1.0,0.667,0,2,0.0,0,1,1,0,1,0,2,4,4,0
1095,24,1,498,24,C,3,0,33,2,8,0.25,0,3,0.0,2,5,0.4,0.25,2,2,1.0,3,5,8,0,2,2,0,6,6,0
1820,21,1,499,22,C,5,0,24,4,10,0.4,1,4,0.25,3,6,0.5,0.45,0,0,,1,4,5,2,0,0,2,4,9,0
1845,28,1,500,21,PG,4,0,11,3,5,0.6,1,2,0.5,2,3,0.667,0.7,2,2,1.0,0,1,1,2,0,1,0,2,9,0
1880,7,1,501,22,SF,4,0,28,3,9,0.333,0,2,0.0,3,7,0.429,0.333,2,2,1.0,1,2,3,3,0,0,0,5,8,0
1990,23,1,502,20,SF,7,0,32,3,11,0.273,0,3,0.0,3,8,0.375,0.273,2,4,0.5,0,2,2,2,3,0,2,4,8,0
1023,14,1,503,22,PF,5,0,20,3,3,1.0,0,0,,3,3,1.0,1.0,1,2,0.5,2,1,3,2,0,0,1,2,7,0
1796,16,1,504,20,PF,5,0,26,3,5,0.6,0,1,0.0,3,4,0.75,0.6,1,2,0.5,1,4,5,1,2,1,1,2,7,0
1106,12,1,505,21,SF,6,1,31,3,10,0.3,0,2,0.0,3,8,0.375,0.3,0,0,,1,6,7,0,0,1,1,3,6,0
1155,14,1,506,23,C,1,0,9,3,6,0.5,0,0,,3,6,0.5,0.5,0,0,,2,3,5,1,0,0,0,0,6,0
1706,26,1,507,25,C,1,0,19,2,3,0.667,0,0,,2,3,0.667,0.667,2,2,1.0,2,5,7,0,0,0,0,5,6,0
1020,11,1,508,31,C,2,0,14,2,7,0.286,1,5,0.2,1,2,0.5,0.357,0,0,,0,7,7,2,1,0,1,1,5,0
1115,26,1,509,33,PF,5,0,33,2,4,0.5,0,1,0.0,2,3,0.667,0.5,1,3,0.333,2,6,8,2,4,0,2,7,5,0
1229,3,1,510,39,SG,1,0,6,2,4,0.5,1,2,0.5,1,2,0.5,0.625,0,0,,0,0,0,3,0,0,0,1,5,0
1675,11,1,511,33,PF,3,0,25,2,5,0.4,0,2,0.0,2,3,0.667,0.4,1,2,0.5,1,1,2,0,2,0,1,0,5,0
1875,10,1,512,26,PG,3,0,40,0,4,0.0,0,2,0.0,0,2,0.0,0.0,5,6,0.833,0,2,2,5,2,0,0,3,5,0
2006,5,1,513,23,SF,2,0,6,2,3,0.667,0,1,0.0,2,2,1.0,0.667,1,1,1.0,1,0,1,0,0,0,0,1,5,0
1402,26,1,514,22,SG,3,0,10,2,5,0.4,0,3,0.0,2,2,1.0,0.4,0,0,,0,1,1,1,0,0,0,1,4,0
1810,24,1,515,24,PF,3,0,15,1,5,0.2,0,2,0.0,1,3,0.333,0.2,2,2,1.0,2,1,3,0,1,0,0,1,4,0
1641,16,1,516,24,PG,4,0,14,1,3,0.333,1,2,0.5,0,1,0.0,0.5,0,0,,0,0,0,1,0,0,2,1,3,0
1008,16,1,517,23,C,2,0,13,1,2,0.5,0,0,,1,2,0.5,0.5,0,0,,2,1,3,0,0,0,1,1,2,0
1185,4,1,518,24,PG,4,0,33,0,7,0.0,0,4,0.0,0,3,0.0,0.0,2,2,1.0,0,0,0,1,4,0,2,2,2,0
1302,3,1,519,23,C,5,0,15,1,7,0.143,0,4,0.0,1,3,0.333,0.143,0,0,,2,4,6,1,0,0,0,1,2,0
1386,19,1,520,26,PG,2,0,23,1,2,0.5,0,0,,1,2,0.5,0.5,0,0,,1,1,2,2,0,0,5,1,2,0
1420,24,1,521,22,PG,3,0,8,1,4,0.25,0,2,0.0,1,2,0.5,0.25,0,0,,0,0,0,0,0,0,0,0,2,0
1733,6,1,522,23,SG,4,0,19,1,4,0.25,0,2,0.0,1,2,0.5,0.25,0,0,,0,3,3,1,2,1,0,1,2,0
1769,6,1,523,22,SG,1,0,4,0,2,0.0,0,1,0.0,0,1,0.0,0.0,2,2,1.0,0,0,0,0,0,0,1,0,2,0
2169,27,1,524,30,C,2,0,4,1,4,0.25,0,0,,1,4,0.25,0.25,0,0,,3,1,4,0,0,0,0,0,2,0
1096,6,1,525,21,C,1,0,3,0,0,,0,0,,0,0,,,0,0,,0,2,2,0,1,0,0,1,0,0
1476,11,1,526,26,PF,2,0,13,0,4,0.0,0,4,0.0,0,0,,0.0,0,0,,0,2,2,1,0,0,1,1,0,0
1574,29,1,527,27,SG,4,0,15,0,3,0.0,0,1,0.0,0,2,0.0,0.0,0,0,,0,3,3,1,0,0,2,3,0,0
1642,6,1,528,24,SG,1,0,1,0,0,,0,0,,0,0,,,0,0,,0,0,0,0,0,0,0,0,0,0
1909,21,1,529,21,PF,3,0,11,0,1,0.0,0,0,,0,1,0.0,0.0,0,0,,0,2,2,0,0,0,1,1,0,0
1238,10,2,1,32,PG,63,63,2152,658,1365,0.482,337,801,0.421,321,564,0.569,0.605,362,395,0.916,29,316,345,363,77,8,213,119,2015,0
1623,25,2,2,30,PG,67,67,2398,602,1334,0.451,275,704,0.391,327,630,0.519,0.554,449,484,0.928,32,251,283,505,62,17,203,102,1928,0
1539,8,2,3,25,C,72,72,2488,732,1293,0.566,92,237,0.388,640,1056,0.606,0.602,342,394,0.868,205,575,780,599,95,48,222,192,1898,16
1068,30,2,4,27,SG,60,60,2147,670,1382,0.485,130,373,0.349,540,1009,0.535,0.532,408,459,0.889,72,211,283,265,69,22,187,140,1878,0
1271,7,2,5,21,PG,66,66,2262,647,1351,0.479,192,548,0.35,455,803,0.567,0.55,344,471,0.73,54,473,527,567,64,36,281,152,1830,11
1022,17,2,6,26,PF,61,61,2013,626,1100,0.569,67,221,0.303,559,879,0.636,0.6,398,581,0.685,97,574,671,357,72,73,207,168,1717,7
1101,24,2,7,24,SG,67,67,2270,623,1287,0.484,126,371,0.34,497,916,0.543,0.533,340,392,0.867,34,247,281,289,53,16,207,181,1712,0
1876,20,2,8,26,PF,71,71,2667,602,1321,0.456,160,389,0.411,442,932,0.474,0.516,348,429,0.811,84,639,723,427,64,18,241,225,1712,6
2014,2,2,9,22,SF,64,64,2290,605,1318,0.459,187,485,0.386,418,833,0.502,0.53,295,340,0.868,50,422,472,276,75,31,171,122,1692,1
2144,19,2,10,20,PF,61,61,2026,634,1037,0.611,10,34,0.294,624,1003,0.622,0.616,369,529,0.698,167,274,441,226,57,39,167,135,1647,0
2074,22,2,11,30,C,44,44,1500,436,908,0.48,117,288,0.406,319,620,0.515,0.545,91,110,0.827,87,430,517,167,42,28,83,79,1080,1
2074,5,2,11,30,C,26,26,848,230,488,0.471,59,152,0.388,171,336,0.509,0.532,40,46,0.87,59,241,300,102,23,20,43,58,559,1
2166,1,2,12,22,PG,63,63,2125,487,1112,0.438,136,397,0.343,351,715,0.491,0.499,484,546,0.886,38,207,245,594,53,12,261,111,1594,0
1605,5,2,13,25,SG,58,58,2034,569,1123,0.507,200,477,0.419,369,646,0.571,0.596,253,298,0.849,36,253,289,282,46,27,203,138,1591,0
1336,26,2,14,23,PG,58,58,2036,529,1110,0.477,103,320,0.322,426,790,0.539,0.523,300,417,0.719,33,170,203,417,87,27,174,170,1461,0
1951,6,2,15,22,SG,60,60,2115,525,1105,0.475,98,264,0.371,427,841,0.508,0.519,312,383,0.815,58,129,187,262,62,10,167,157,1460,0
1305,23,2,16,26,C,51,51,1585,461,899,0.513,58,154,0.377,403,745,0.541,0.545,471,548,0.859,113,426,539,145,50,69,159,123,1451,0
1495,3,2,17,28,PG,54,54,1886,549,1086,0.506,152,378,0.402,397,708,0.561,0.576,201,218,0.922,52,205,257,324,76,37,130,140,1451,0
1493,19,2,18,23,SF,61,61,2093,513,1101,0.466,143,375,0.381,370,726,0.51,0.531,281,320,0.878,34,265,299,296,42,36,154,124,1450,0
2111,30,2,19,32,PG,65,65,2369,544,1238,0.439,86,273,0.315,458,965,0.475,0.474,271,413,0.656,109,641,750,763,89,23,312,190,1445,38
1133,2,2,20,24,SG,58,58,1999,538,1111,0.484,163,411,0.397,375,700,0.536,0.558,191,250,0.764,71,276,347,195,72,32,158,168,1430,0
1916,4,2,21,26,SG,69,69,2383,510,1134,0.45,222,571,0.389,288,563,0.512,0.548,165,202,0.817,47,255,302,293,87,26,128,119,1407,0
1723,29,2,22,24,PG,53,53,1771,478,1091,0.438,178,461,0.386,300,630,0.476,0.52,267,316,0.845,50,185,235,277,52,15,147,117,1401,0
1295,18,2,23,19,SG,72,55,2314,505,1211,0.417,171,520,0.329,334,691,0.483,0.488,211,272,0.776,59,277,336,211,82,36,160,129,1392,0
1705,17,2,24,29,SF,68,68,2269,511,1074,0.476,151,365,0.414,360,709,0.508,0.546,212,236,0.898,54,352,406,370,74,9,178,160,1385,0
2122,10,2,25,25,PF,71,71,2364,505,1058,0.477,140,368,0.38,365,690,0.529,0.543,170,238,0.714,82,265,347,167,67,70,126,159,1320,0
1258,27,2,26,31,PF,61,61,2056,455,920,0.495,19,74,0.257,436,846,0.515,0.505,387,440,0.88,40,219,259,422,56,15,119,128,1316,0
1615,13,2,27,29,SF,52,52,1773,465,908,0.512,101,254,0.398,364,654,0.557,0.568,261,295,0.885,55,282,337,269,81,21,105,82,1292,0
1861,28,2,28,27,SG,42,31,1277,282,566,0.498,118,269,0.439,164,297,0.552,0.602,141,163,0.865,19,107,126,77,47,8,77,98,823,0
1861,25,2,28,27,SF,27,27,928,156,352,0.443,53,147,0.361,103,205,0.502,0.518,95,108,0.88,23,66,89,52,35,10,42,62,460,0
1056,20,2,29,20,SG,72,72,2511,467,1060,0.441,124,309,0.401,343,751,0.457,0.499,206,276,0.746,68,346,414,217,53,20,139,188,1264,0
1922,12,2,30,24,PF,62,62,2231,484,904,0.535,52,162,0.321,432,742,0.582,0.564,240,328,0.732,150,592,742,415,76,33,213,203,1260,9
1362,13,2,31,30,SF,54,54,1821,445,953,0.467,171,416,0.411,274,537,0.51,0.557,198,228,0.868,45,314,359,280,62,24,179,132,1259,0
1198,29,2,32,28,SG,68,1,1818,457,1075,0.425,208,599,0.347,249,476,0.523,0.522,129,144,0.896,47,227,274,168,61,10,115,110,1251,0
2051,18,2,33,25,C,50,50,1689,425,875,0.486,122,315,0.387,303,560,0.541,0.555,267,311,0.859,133,396,529,225,39,57,160,186,1239,0
1093,29,2,34,31,SF,72,72,2216,406,925,0.439,180,461,0.39,226,464,0.487,0.536,233,265,0.879,40,241,281,136,45,4,128,115,1225,0
1428,23,2,35,28,PF,62,62,2014,473,924,0.512,82,208,0.394,391,716,0.546,0.556,182,204,0.892,62,357,419,220,55,51,107,119,1210,0
1382,9,2,36,26,SF,54,54,1829,400,932,0.429,115,329,0.35,285,603,0.473,0.491,290,343,0.845,35,215,250,152,35,58,109,125,1205,0
1739,15,2,37,21,PG,63,63,2053,430,957,0.449,73,241,0.303,357,716,0.499,0.487,271,372,0.728,59,193,252,465,57,13,203,87,1204,1
1004,16,2,38,23,C,64,64,2143,456,800,0.57,2,8,0.25,454,792,0.573,0.571,283,354,0.799,142,431,573,346,75,66,169,145,1197,2
1962,28,2,39,26,PF,56,56,2006,437,961,0.455,73,246,0.297,364,715,0.509,0.493,249,301,0.827,95,310,405,250,64,37,130,174,1196,1
1123,12,2,40,28,PG,56,56,1930,444,980,0.453,145,374,0.388,299,606,0.493,0.527,153,177,0.864,58,236,294,329,49,15,115,110,1186,0
1449,26,2,41,28,SG,71,71,2433,403,992,0.406,282,721,0.391,121,271,0.446,0.548,88,104,0.846,29,305,334,257,63,30,130,175,1176,0
1414,7,2,42,28,SG,70,31,1985,407,911,0.447,207,529,0.391,200,382,0.524,0.56,142,174,0.816,20,209,229,126,31,11,64,111,1163,0
1851,8,2,43,22,SF,61,54,1912,443,817,0.542,170,382,0.445,273,435,0.628,0.646,106,134,0.791,91,354,445,70,40,54,77,126,1162,0
1125,15,2,44,25,SF,67,67,1997,432,1031,0.419,128,372,0.344,304,659,0.461,0.481,159,195,0.815,53,143,196,157,78,26,119,237,1151,0
1821,24,2,45,35,PG,70,70,2199,439,879,0.499,102,258,0.395,337,621,0.543,0.557,169,181,0.934,25,287,312,622,99,19,156,166,1149,1
1512,14,2,46,36,PG,45,45,1504,422,823,0.513,104,285,0.365,318,538,0.591,0.576,178,255,0.698,29,317,346,350,48,25,168,70,1126,5
1151,16,2,47,31,SF,52,52,1745,366,736,0.497,25,102,0.245,341,634,0.538,0.514,359,416,0.863,94,265,359,369,108,18,109,71,1116,4
1209,1,2,48,23,PF,63,63,1848,429,771,0.556,83,208,0.399,346,563,0.615,0.61,170,204,0.833,118,349,467,78,34,63,84,193,1111,0
1681,25,2,49,29,SG,47,47,1600,405,884,0.458,169,420,0.402,236,464,0.509,0.554,108,133,0.812,30,155,185,223,44,21,65,87,1087,0
1415,11,2,50,31,PG,8,8,290,60,135,0.444,25,72,0.347,35,63,0.556,0.537,53,60,0.883,5,36,41,83,7,6,34,14,198,0
1415,3,2,50,31,PG,36,35,1319,282,599,0.471,96,262,0.366,186,337,0.552,0.551,225,263,0.856,30,277,307,392,46,27,143,85,885,12
2065,15,2,51,28,C,62,61,1755,440,743,0.592,21,57,0.368,419,686,0.611,0.606,157,203,0.773,253,523,776,112,35,57,100,179,1058,0
1751,27,2,52,24,PG,67,67,2139,441,974,0.453,63,199,0.317,378,775,0.488,0.485,106,134,0.791,58,415,473,363,101,7,117,135,1051,4
1459,17,2,53,30,PG,59,56,1907,414,823,0.503,111,283,0.392,303,540,0.561,0.57,107,136,0.787,73,195,268,357,96,37,127,98,1046,0
2113,5,2,54,20,PG,69,54,2156,375,902,0.416,163,454,0.359,212,448,0.473,0.506,128,142,0.901,28,256,284,328,38,15,156,179,1041,0
2068,28,2,55,26,SG,52,52,1899,338,870,0.389,174,476,0.366,164,394,0.416,0.489,169,191,0.885,32,188,220,328,87,37,95,119,1019,0
1752,8,2,56,23,PG,48,48,1704,378,792,0.477,129,316,0.408,249,476,0.523,0.559,133,153,0.869,37,157,194,231,64,13,108,95,1018,0
1372,29,2,57,28,C,71,71,2187,391,579,0.675,0,4,0.0,391,575,0.68,0.675,233,374,0.623,240,720,960,89,40,190,118,163,1015,0
1034,24,2,58,22,C,69,69,2115,430,687,0.626,4,20,0.2,426,667,0.639,0.629,133,173,0.769,228,499,727,99,41,81,103,196,997,0
1425,3,2,59,29,SF,69,65,2141,357,707,0.505,211,444,0.475,146,263,0.555,0.654,49,63,0.778,43,205,248,130,46,14,62,141,974,0
1117,24,2,60,24,SF,72,72,2348,363,669,0.543,134,315,0.425,229,354,0.647,0.643,110,131,0.84,76,233,309,152,76,63,57,116,970,0
1162,1,2,61,26,C,63,63,1898,413,695,0.594,0,0,,413,695,0.594,0.594,130,227,0.573,297,606,903,49,44,129,73,145,956,1
1618,3,2,62,26,SG,12,4,334,87,200,0.435,22,63,0.349,65,137,0.474,0.49,26,34,0.765,10,42,52,72,13,6,26,20,222,0
1618,12,2,62,26,SG,35,35,1152,272,614,0.443,62,195,0.318,210,419,0.501,0.493,120,146,0.822,23,139,162,173,53,24,76,85,726,0
1801,16,2,63,29,C,43,38,1157,162,376,0.431,77,243,0.317,85,133,0.639,0.533,31,40,0.775,44,217,261,91,40,26,55,123,432,0
1801,11,2,63,29,PF,27,24,840,175,321,0.545,49,125,0.392,126,196,0.643,0.621,114,135,0.844,43,185,228,112,39,16,71,84,513,0
1289,3,2,64,32,PF,35,32,1157,324,603,0.537,85,189,0.45,239,414,0.577,0.608,210,238,0.882,13,234,247,195,25,45,120,70,943,0
1902,16,2,65,26,SF,72,72,2262,315,717,0.439,250,613,0.408,65,104,0.625,0.614,62,75,0.827,7,243,250,127,43,20,81,181,942,0
1353,6,2,66,21,PG,54,50,1790,362,802,0.451,105,266,0.395,257,536,0.479,0.517,112,132,0.848,23,106,129,329,66,6,164,110,941,0
1941,14,2,67,27,SG,61,61,1956,332,760,0.437,71,212,0.335,261,548,0.476,0.484,206,243,0.848,30,181,211,351,70,13,163,159,941,0
1053,26,2,68,28,PF,58,58,2102,319,642,0.497,100,256,0.391,219,386,0.567,0.575,195,235,0.83,64,321,385,201,43,11,93,75,933,0
1422,14,2,69,27,C,69,1,1580,375,603,0.622,0,10,0.0,375,593,0.632,0.622,181,256,0.707,158,270,428,73,46,49,74,128,931,0
1025,25,2,70,36,PF,69,3,1690,327,777,0.421,133,325,0.409,194,452,0.429,0.506,137,154,0.89,32,182,214,104,46,38,61,144,924,0
1686,12,2,71,29,PF,66,29,1619,354,665,0.532,111,286,0.388,243,379,0.641,0.616,80,98,0.816,60,161,221,85,20,6,53,117,899,0
2054,25,2,72,22,SG,41,23,1262,217,524,0.414,121,305,0.397,96,219,0.438,0.53,58,75,0.773,21,70,91,58,37,6,31,63,613,0
2054,28,2,72,22,SG,17,15,540,103,261,0.395,44,124,0.355,59,137,0.431,0.479,25,31,0.806,6,55,61,22,19,4,12,29,275,0
1532,27,2,73,21,SF,69,67,1968,338,705,0.479,60,181,0.331,278,524,0.531,0.522,145,196,0.74,93,319,412,121,40,24,78,142,881,0
1596,14,2,74,25,SF,68,32,1954,335,757,0.443,137,380,0.361,198,377,0.525,0.533,67,97,0.691,108,309,417,127,35,41,113,121,874,0
1089,19,2,75,31,SG,71,70,2111,307,730,0.421,121,355,0.341,186,375,0.496,0.503,134,195,0.687,29,215,244,268,55,24,114,112,869,0
1464,26,2,76,27,C,61,61,1782,366,575,0.637,2,11,0.182,364,564,0.645,0.638,135,170,0.794,144,360,504,101,39,96,75,213,869,0
1854,7,2,77,25,C,43,43,1327,325,683,0.476,97,258,0.376,228,425,0.536,0.547,118,138,0.855,82,299,381,68,20,58,51,115,865,0
1437,4,2,78,30,SF,44,44,1496,311,658,0.473,85,205,0.415,226,453,0.499,0.537,156,185,0.843,37,221,258,181,52,14,91,74,863,0
2155,11,2,79,25,C,41,41,1326,329,640,0.514,77,206,0.374,252,434,0.581,0.574,125,198,0.631,76,319,395,71,34,48,80,88,860,0
1630,17,2,80,32,C,70,70,1902,322,640,0.503,95,281,0.338,227,359,0.632,0.577,120,142,0.845,104,243,347,50,40,103,64,149,859,0
1080,9,2,81,21,SF,70,53,1909,279,691,0.404,175,460,0.38,104,231,0.45,0.53,124,147,0.844,43,275,318,95,52,14,60,110,857,0
1139,7,2,82,24,PG,68,12,1697,328,627,0.523,81,200,0.405,247,427,0.578,0.588,120,151,0.795,27,204,231,239,35,1,80,109,857,0
1019,15,2,83,27,PF,69,69,1887,308,658,0.468,94,261,0.36,214,397,0.539,0.54,144,184,0.783,52,344,396,250,84,57,86,120,854,0
1809,10,2,84,25,SF,55,50,1687,318,724,0.439,90,285,0.316,228,439,0.519,0.501,123,177,0.695,82,247,329,73,57,42,70,121,849,0
1118,4,2,85,22,PF,66,19,1932,313,622,0.503,116,290,0.4,197,332,0.593,0.596,98,113,0.867,81,316,397,147,44,52,106,143,840,0
1367,21,2,86,22,SG,35,35,1180,287,565,0.508,71,170,0.418,216,395,0.547,0.571,185,229,0.808,19,147,166,207,27,23,106,70,830,0
1964,23,2,87,24,PG,58,58,1877,325,583,0.557,3,10,0.3,322,573,0.562,0.56,176,287,0.613,93,324,417,401,93,35,173,171,829,4
2083,2,2,88,30,PG,43,43,1369,284,676,0.42,127,353,0.36,157,323,0.486,0.514,134,149,0.899,16,154,170,212,48,12,88,61,829,0
1504,9,2,89,23,SG,62,25,1560,296,707,0.419,77,257,0.3,219,450,0.487,0.473,159,218,0.729,57,197,254,143,53,47,142,178,828,0
1213,29,2,90,33,PG,51,51,1498,284,640,0.444,138,335,0.412,146,305,0.479,0.552,121,142,0.852,36,141,177,305,70,9,99,98,827,0
2097,4,2,91,22,PF,64,61,1954,302,686,0.44,112,290,0.386,190,396,0.48,0.522,108,145,0.745,93,325,418,161,69,79,128,171,824,0
2089,11,2,92,30,PG,40,40,1288,293,726,0.404,79,249,0.317,214,477,0.449,0.458,158,211,0.749,17,112,129,275,42,31,141,46,823,1
2165,5,2,93,32,PF,68,23,1652,370,662,0.559,12,45,0.267,358,617,0.58,0.568,71,113,0.628,168,255,423,291,74,40,137,152,823,0
1478,1,2,94,22,SG,69,49,2126,316,731,0.432,140,386,0.363,176,345,0.51,0.528,50,64,0.781,38,193,231,241,82,18,79,165,822,0
1103,28,2,95,28,C,60,14,1453,288,560,0.514,90,235,0.383,198,325,0.609,0.595,152,193,0.788,117,287,404,63,35,111,46,166,818,0
1716,23,2,96,24,SG,63,4,1461,300,667,0.45,71,203,0.35,229,464,0.494,0.503,146,176,0.83,33,115,148,193,39,18,103,130,817,0
1380,4,2,97,25,PG,55,44,1659,252,669,0.377,179,477,0.375,73,192,0.38,0.51,133,158,0.842,22,126,148,295,48,6,84,77,816,0
1783,16,2,98,25,PG,56,44,1650,319,658,0.485,122,320,0.381,197,338,0.583,0.578,56,60,0.933,21,158,179,148,52,14,80,108,816,0
1446,16,2,99,21,SG,54,15,1635,307,699,0.439,107,297,0.36,200,402,0.498,0.516,94,117,0.803,25,243,268,184,35,17,101,71,815,0
1492,29,2,100,33,SF,67,30,1867,275,562,0.489,183,406,0.451,92,156,0.59,0.652,76,90,0.844,27,217,244,318,45,12,117,120,809,0
1564,25,2,101,28,C,72,35,1758,339,561,0.604,1,4,0.25,338,557,0.607,0.605,127,164,0.774,284,511,795,84,33,48,78,168,806,0
1013,3,2,102,22,C,12,5,320,44,65,0.677,0,0,,44,65,0.677,0.677,46,61,0.754,38,87,125,20,7,19,22,21,134,0
1013,6,2,102,22,C,51,40,1544,254,417,0.609,6,19,0.316,248,398,0.623,0.616,158,229,0.69,158,348,506,86,25,71,78,75,672,0
1044,4,2,103,19,PG,51,31,1469,293,672,0.436,92,261,0.352,201,411,0.489,0.504,125,165,0.758,63,239,302,313,81,18,145,136,803,1
1045,19,2,104,23,PG,55,55,1747,290,700,0.414,172,455,0.378,118,245,0.482,0.537,50,64,0.781,33,230,263,316,82,31,123,103,802,1
1919,18,2,105,24,PG,42,26,1196,281,652,0.431,120,310,0.387,161,342,0.471,0.523,114,149,0.765,16,95,111,244,45,18,112,68,796,0
2013,11,2,106,25,SF,70,58,2043,316,625,0.506,60,195,0.308,256,430,0.595,0.554,102,147,0.694,132,242,374,178,85,36,98,222,794,0
1636,28,2,107,34,PG,46,46,1601,260,596,0.436,131,331,0.396,129,265,0.487,0.546,140,160,0.875,35,212,247,338,45,14,126,143,791,2
1403,30,2,108,22,PF,57,57,1797,310,648,0.478,45,137,0.328,265,511,0.519,0.513,124,161,0.77,49,263,312,82,44,7,68,120,789,0
1036,22,2,109,25,SG,72,50,1853,292,726,0.402,59,207,0.285,233,519,0.449,0.443,145,176,0.824,31,193,224,93,45,5,46,103,788,0
1244,14,2,110,27,PF,36,36,1162,301,613,0.491,26,100,0.26,275,513,0.536,0.512,158,214,0.738,62,224,286,110,45,59,74,60,786,0
1888,18,2,111,21,C,70,15,1347,304,581,0.523,61,174,0.351,243,407,0.597,0.576,115,166,0.693,82,240,322,72,34,76,69,179,784,0
1743,13,2,112,31,PF,57,29,1502,276,584,0.473,140,296,0.473,136,288,0.472,0.592,73,89,0.82,35,199,234,58,34,15,57,117,765,0
1460,12,2,113,31,SG,72,52,2183,258,625,0.413,173,453,0.382,85,172,0.494,0.551,67,85,0.788,32,224,256,119,74,41,54,135,756,0
1067,21,2,114,20,PF,55,55,1714,273,690,0.396,83,286,0.29,190,404,0.47,0.456,125,178,0.702,51,345,396,99,29,25,122,60,754,0
1853,17,2,115,25,C,66,7,1372,313,598,0.523,74,157,0.471,239,441,0.542,0.585,54,73,0.74,124,342,466,71,52,26,56,115,754,0
1405,26,2,116,20,PG,58,20,1746,292,619,0.472,121,296,0.409,171,323,0.529,0.569,48,56,0.857,39,134,173,309,77,28,92,83,753,0
1394,3,2,117,34,PF,68,38,1835,261,530,0.492,103,250,0.412,158,280,0.564,0.59,125,161,0.776,34,229,263,108,36,27,54,122,750,0
2135,13,2,118,34,PG,42,3,918,181,430,0.421,45,119,0.378,136,311,0.437,0.473,103,119,0.866,15,73,88,144,39,4,66,42,510,0
2135,1,2,118,34,PG,24,1,505,84,216,0.389,24,54,0.444,60,162,0.37,0.444,47,54,0.87,6,44,50,81,8,2,42,20,239,0
1715,27,2,119,32,PG,68,1,1685,252,611,0.412,161,429,0.375,91,182,0.5,0.544,71,78,0.91,18,98,116,162,42,3,66,81,736,0
1913,9,2,120,32,PG,15,0,342,79,184,0.429,13,39,0.333,66,145,0.455,0.465,42,50,0.84,6,23,29,63,18,4,29,17,213,0
1913,20,2,120,32,PG,35,3,937,208,427,0.487,37,90,0.411,171,337,0.507,0.53,68,77,0.883,14,87,101,146,31,15,49,39,521,0
1872,20,2,121,21,PG,64,3,1243,229,580,0.395,118,303,0.389,111,277,0.401,0.497,155,174,0.891,25,112,137,127,30,12,58,114,731,0
1273,21,2,122,21,SG,52,52,1543,247,639,0.387,113,329,0.343,134,310,0.432,0.475,122,164,0.744,38,151,189,88,45,19,79,134,729,0
1069,18,2,123,24,SG,37,36,1214,264,600,0.44,128,321,0.399,136,279,0.487,0.547,68,80,0.85,28,134,162,88,30,7,60,62,724,0
1092,1,2,124,28,SG,44,27,1305,267,565,0.473,146,333,0.438,121,232,0.522,0.602,40,44,0.909,20,140,160,147,49,13,54,99,720,0
1335,22,2,125,28,SF,26,26,787,170,369,0.461,73,188,0.388,97,181,0.536,0.56,98,123,0.797,5,70,75,95,27,9,54,55,511,0
1335,2,2,125,28,SF,16,10,472,77,172,0.448,44,95,0.463,33,77,0.429,0.576,10,14,0.714,5,48,53,49,20,10,19,41,208,0
1914,22,2,126,29,SG,46,2,1347,254,616,0.412,89,264,0.337,165,352,0.469,0.485,120,138,0.87,15,143,158,108,47,21,74,88,717,0
1359,27,2,127,34,PF,63,1,1358,264,628,0.42,106,278,0.381,158,350,0.451,0.505,82,102,0.804,42,261,303,88,45,40,65,115,716,0
1507,13,2,128,30,SG,67,43,1544,263,585,0.45,122,282,0.433,141,303,0.465,0.554,67,82,0.817,24,168,192,205,41,7,74,127,715,0
1892,7,2,129,27,SG,59,56,1790,264,618,0.427,88,267,0.33,176,351,0.501,0.498,99,108,0.917,51,144,195,153,61,24,79,130,715,0
1057,8,2,130,30,SF,56,52,1736,259,608,0.426,98,257,0.381,161,351,0.459,0.507,95,121,0.785,39,187,226,181,50,23,96,95,711,0
1237,23,2,131,30,SG,57,57,1638,258,552,0.467,126,280,0.45,132,272,0.485,0.582,69,77,0.896,10,126,136,155,44,8,65,96,711,0
1145,20,2,132,29,SF,65,64,1949,248,561,0.442,163,398,0.41,85,163,0.521,0.587,50,55,0.909,16,207,223,99,52,11,45,146,709,0
1330,17,2,133,27,SG,70,10,1354,250,529,0.473,154,341,0.452,96,188,0.511,0.618,47,61,0.77,11,101,112,45,24,1,44,77,701,0
1656,5,2,134,23,PF,51,26,1317,250,521,0.48,119,296,0.402,131,225,0.582,0.594,76,92,0.826,35,233,268,45,26,15,52,75,695,0
1270,17,2,135,24,SG,66,66,1814,253,603,0.42,131,346,0.379,122,257,0.475,0.528,51,71,0.718,81,299,380,203,72,15,91,112,688,0
1282,6,2,136,27,C,25,25,722,180,380,0.474,0,8,0.0,180,372,0.484,0.474,77,129,0.597,101,236,337,64,40,29,81,69,437,0
1282,14,2,136,27,C,21,21,520,102,192,0.531,0,0,,102,192,0.531,0.531,46,76,0.605,65,149,214,30,23,20,43,80,250,0
1027,28,2,137,23,SF,43,43,1433,249,519,0.48,104,261,0.398,145,258,0.562,0.58,80,102,0.784,54,183,237,94,66,32,75,114,682,0
1349,1,2,138,32,PF,51,4,1222,206,475,0.434,103,254,0.406,103,221,0.466,0.542,161,174,0.925,17,194,211,76,30,10,43,105,676,0
1280,16,2,139,34,PG,50,11,1337,240,555,0.432,91,244,0.373,149,311,0.479,0.514,101,122,0.828,25,144,169,219,33,8,118,113,672,0
2084,27,2,140,22,SG,60,38,1522,256,609,0.42,100,282,0.355,156,327,0.477,0.502,57,70,0.814,14,141,155,101,29,15,65,101,669,0
1647,21,2,141,19,PG,65,49,1778,226,614,0.368,105,313,0.335,121,301,0.402,0.454,101,135,0.748,25,186,211,227,56,11,141,126,658,0
1078,30,2,142,28,PF,57,7,1464,193,478,0.404,169,428,0.395,24,50,0.48,0.581,100,115,0.87,18,150,168,49,33,13,33,136,655,0
2141,5,2,143,19,PF,71,71,1983,255,528,0.483,54,138,0.391,201,390,0.515,0.534,91,125,0.728,66,261,327,99,64,46,98,126,655,0
1389,23,2,144,33,SF,69,69,1934,224,544,0.412,175,432,0.405,49,112,0.438,0.573,31,40,0.775,55,205,260,118,92,56,67,125,654,0
1157,14,2,145,27,SG,67,67,1902,218,506,0.431,120,293,0.41,98,213,0.46,0.549,97,112,0.866,27,152,179,127,62,26,66,114,653,0
1797,12,2,146,28,SG,9,9,300,64,152,0.421,25,69,0.362,39,83,0.47,0.503,27,37,0.73,1,50,51,38,15,2,18,23,180,0
1797,11,2,146,28,SG,20,20,669,155,381,0.407,49,153,0.32,106,228,0.465,0.471,65,83,0.783,8,87,95,99,24,10,51,45,424,0
1797,16,2,146,28,SG,4,4,111,16,43,0.372,4,17,0.235,12,26,0.462,0.419,12,18,0.667,3,11,14,14,7,2,14,13,48,0
2172,13,2,147,23,C,72,33,1609,257,394,0.652,1,4,0.25,256,390,0.656,0.654,135,171,0.789,189,330,519,90,24,62,81,187,650,0
1795,6,2,148,20,SG,67,67,2173,235,559,0.42,62,214,0.29,173,345,0.501,0.476,114,157,0.726,68,138,206,128,62,24,86,185,646,0
2156,9,2,149,28,PG,36,31,1052,136,293,0.464,31,89,0.348,105,204,0.515,0.517,71,90,0.789,37,127,164,181,58,19,48,45,374,0
2156,26,2,149,28,PG,27,8,696,104,225,0.462,33,83,0.398,71,142,0.5,0.536,30,36,0.833,28,77,105,97,43,11,35,30,271,0
1631,30,2,150,32,C,71,9,1354,269,425,0.633,5,18,0.278,264,407,0.649,0.639,99,137,0.723,141,131,272,55,15,44,75,109,642,0
1823,20,2,151,26,PG,63,63,1484,269,622,0.432,28,98,0.286,241,524,0.46,0.455,73,107,0.682,64,152,216,203,47,9,103,116,639,0
1978,2,2,152,26,PG,48,45,1581,203,510,0.398,93,282,0.33,110,228,0.482,0.489,128,162,0.79,36,131,167,273,72,23,96,126,627,0
2023,2,2,153,28,C,42,37,1027,159,288,0.552,33,95,0.347,126,193,0.653,0.609,46,67,0.687,54,166,220,67,25,43,41,120,397,0
2023,5,2,153,28,C,23,14,574,93,178,0.522,16,57,0.281,77,121,0.636,0.567,28,43,0.651,39,97,136,41,16,14,25,47,230,0
1048,15,2,154,22,SG,68,17,1519,234,499,0.469,117,271,0.432,117,228,0.513,0.586,40,49,0.816,31,179,210,118,41,16,59,125,625,0
1147,20,2,155,29,SG,49,5,1255,210,500,0.42,102,246,0.415,108,254,0.425,0.522,101,118,0.856,21,206,227,107,31,14,49,102,623,0
1377,22,2,156,25,PF,25,25,736,128,293,0.437,42,112,0.375,86,181,0.475,0.509,66,105,0.629,39,127,166,105,16,20,67,49,364,1
1377,8,2,156,25,PF,25,25,648,103,206,0.5,17,64,0.266,86,142,0.606,0.541,31,44,0.705,38,80,118,56,17,14,30,40,254,0
1807,6,2,157,25,SF,59,26,1510,219,586,0.374,99,324,0.306,120,262,0.458,0.458,76,95,0.8,38,163,201,174,53,9,80,119,613,0
1847,10,2,158,21,SG,51,7,988,205,474,0.432,97,276,0.351,108,198,0.545,0.535,105,119,0.882,15,77,92,99,26,9,51,86,612,0
1195,15,2,159,24,PF,59,16,1415,256,495,0.517,20,77,0.26,236,418,0.565,0.537,78,113,0.69,97,231,328,95,60,51,33,84,610,0
1038,26,2,160,21,PF,43,42,1112,247,490,0.504,37,108,0.343,210,382,0.55,0.542,77,134,0.575,106,212,318,43,21,21,59,100,608,0
1172,5,2,161,21,C,32,25,792,129,252,0.512,8,22,0.364,121,230,0.526,0.528,82,111,0.739,70,180,250,69,18,24,49,96,348,0
1172,22,2,161,21,C,22,19,583,101,205,0.493,7,29,0.241,94,176,0.534,0.51,49,68,0.721,62,131,193,35,17,18,29,50,258,0
1026,22,2,162,20,PG,47,34,1273,219,552,0.397,58,172,0.337,161,380,0.424,0.449,109,131,0.832,38,183,221,192,30,18,106,98,605,0
1262,21,2,163,22,SG,32,5,761,143,297,0.481,12,41,0.293,131,256,0.512,0.502,83,132,0.629,37,128,165,77,31,12,49,83,381,0
1262,9,2,163,22,SF,20,4,465,81,173,0.468,16,41,0.39,65,132,0.492,0.514,45,68,0.662,22,85,107,24,10,12,27,51,223,0
1230,24,2,164,30,PF,60,42,1648,199,492,0.404,148,380,0.389,51,112,0.455,0.555,57,75,0.76,32,250,282,127,48,27,55,125,603,0
1682,12,2,165,28,PG,69,3,1796,274,490,0.559,15,48,0.313,259,442,0.586,0.574,33,48,0.688,55,201,256,456,128,23,135,113,596,1
1224,25,2,166,30,PF,70,70,2243,204,509,0.401,135,356,0.379,69,153,0.451,0.533,50,62,0.806,61,405,466,117,101,84,64,195,593,0
1842,27,2,167,25,C,69,51,1845,265,430,0.616,0,0,,265,430,0.616,0.616,63,124,0.508,219,328,547,134,47,123,83,172,593,0
2060,12,2,168,24,C,47,47,1455,206,432,0.477,69,206,0.335,137,226,0.606,0.557,111,142,0.782,63,243,306,48,40,159,67,165,592,0
1322,7,2,169,27,PF,60,60,1921,220,466,0.472,119,302,0.394,101,164,0.616,0.6,31,41,0.756,98,228,326,102,52,25,48,138,590,0
1470,14,2,170,20,SG,65,4,1304,224,489,0.458,37,131,0.282,187,358,0.522,0.496,100,129,0.775,25,144,169,181,63,21,105,127,585,0
1917,18,2,171,30,PG,68,51,1772,193,498,0.388,66,214,0.308,127,284,0.447,0.454,130,150,0.867,28,195,223,433,98,4,111,139,582,0
1840,9,2,172,30,C,56,56,1499,234,381,0.614,0,7,0.0,234,374,0.626,0.614,113,169,0.669,145,374,519,202,43,50,105,186,581,2
1128,3,2,173,24,PG,65,37,1451,235,423,0.556,17,59,0.288,218,364,0.599,0.576,86,117,0.735,111,238,349,104,58,28,54,145,573,0
1526,24,2,174,24,PF,60,11,1437,203,483,0.42,117,335,0.349,86,148,0.581,0.541,50,59,0.847,33,166,199,86,37,16,40,85,573,0
1952,3,2,175,23,SG,61,12,1403,186,456,0.408,129,333,0.387,57,123,0.463,0.549,66,78,0.846,11,101,112,99,31,10,48,93,567,0
1757,9,2,176,23,SF,36,5,634,84,223,0.377,57,171,0.333,27,52,0.519,0.504,24,30,0.8,11,63,74,57,27,6,39,33,249,0
1757,21,2,176,23,SF,30,9,690,124,283,0.438,48,143,0.336,76,140,0.543,0.523,14,20,0.7,13,76,89,53,24,6,49,30,310,0
1767,30,2,177,28,PG,64,22,1403,209,447,0.468,64,164,0.39,145,283,0.512,0.539,75,85,0.882,28,128,156,146,73,6,53,109,557,0
2115,27,2,178,26,SG,36,32,1064,186,453,0.411,84,243,0.346,102,210,0.486,0.503,97,114,0.851,13,94,107,127,26,36,45,91,553,0
1063,13,2,179,32,SF,67,38,1835,191,412,0.464,110,272,0.404,81,140,0.579,0.597,48,58,0.828,50,266,316,148,69,37,53,102,540,0
2004,9,2,180,19,C,68,14,1455,226,409,0.553,21,63,0.333,205,346,0.592,0.578,64,92,0.696,159,294,453,59,39,86,67,184,537,0
1909,21,2,181,22,PF,61,34,1425,207,429,0.483,32,109,0.294,175,320,0.547,0.52,87,117,0.744,89,252,341,107,52,37,113,162,533,0
1248,28,2,182,23,SG,34,4,493,87,210,0.414,44,122,0.361,43,88,0.489,0.519,16,18,0.889,9,57,66,37,17,7,29,48,234,0
1248,26,2,182,23,SG,27,0,581,108,246,0.439,54,145,0.372,54,101,0.535,0.549,29,37,0.784,11,77,88,46,27,7,34,49,299,0
1012,15,2,183,25,SG,50,38,1259,173,414,0.418,107,274,0.391,66,140,0.471,0.547,79,91,0.868,19,141,160,108,46,8,48,71,532,0
2134,21,2,184,26,PF,66,13,1426,219,411,0.533,52,117,0.444,167,294,0.568,0.596,36,63,0.571,84,189,273,152,55,17,76,143,526,0
1569,13,2,185,24,SG,63,17,1232,197,414,0.476,100,224,0.446,97,190,0.511,0.597,26,31,0.839,15,146,161,104,23,9,48,91,520,0
1557,26,2,186,29,PG,44,2,944,111,250,0.444,31,94,0.33,80,156,0.513,0.506,36,47,0.766,25,74,99,108,39,9,44,98,289,0
1557,9,2,186,29,PG,19,11,502,89,176,0.506,14,38,0.368,75,138,0.543,0.545,36,41,0.878,10,50,60,105,22,9,35,41,228,0
1865,2,2,187,23,SG,66,4,1268,184,418,0.44,102,248,0.411,82,170,0.482,0.562,40,45,0.889,33,125,158,120,37,9,53,104,510,0
1009,19,2,188,22,SG,46,13,1007,192,458,0.419,76,219,0.347,116,239,0.485,0.502,48,66,0.727,13,131,144,102,47,22,69,88,508,0
1822,24,2,189,26,PG,60,1,1079,191,395,0.484,73,166,0.44,118,229,0.515,0.576,50,56,0.893,16,128,144,217,36,16,60,97,505,0
1397,9,2,190,31,PF,20,20,626,81,222,0.365,39,124,0.315,42,98,0.429,0.453,44,62,0.71,7,97,104,77,14,2,32,42,245,0
1397,3,2,190,31,PF,26,10,560,93,189,0.492,31,81,0.383,62,108,0.574,0.574,43,55,0.782,28,93,121,63,18,13,30,69,260,0
1714,8,2,191,35,PF,56,36,1162,191,401,0.476,49,143,0.343,142,258,0.55,0.537,71,98,0.724,76,186,262,98,51,36,51,111,502,0
1966,25,2,192,21,SG,64,0,1104,168,401,0.419,120,282,0.426,48,119,0.403,0.569,46,57,0.807,14,126,140,89,18,8,43,96,502,0
1589,23,2,193,23,SG,55,11,1062,170,424,0.401,101,269,0.375,69,155,0.445,0.52,60,82,0.732,17,96,113,82,49,9,46,64,501,0
1772,29,2,194,27,PF,72,10,1154,177,405,0.437,124,292,0.425,53,113,0.469,0.59,22,23,0.957,28,148,176,59,25,8,51,116,500,0
1804,29,2,195,27,SF,71,71,2241,175,394,0.444,107,278,0.385,68,116,0.586,0.58,39,46,0.848,88,397,485,181,57,32,83,182,496,0
1730,4,2,196,22,SG,42,0,878,173,399,0.434,85,212,0.401,88,187,0.471,0.54,59,72,0.819,14,87,101,87,19,4,55,47,490,0
1673,23,2,197,20,SG,61,8,935,198,429,0.462,31,103,0.301,167,326,0.512,0.498,61,70,0.871,11,93,104,120,26,13,41,79,488,0
1473,23,2,198,35,C,69,6,1196,178,303,0.587,5,20,0.25,173,283,0.611,0.596,121,210,0.576,190,390,580,61,30,62,112,200,482,0
1082,22,2,199,28,C,48,5,952,94,209,0.45,4,21,0.19,90,188,0.479,0.459,63,85,0.741,117,126,243,53,32,28,23,67,255,0
1082,28,2,199,28,C,19,17,577,95,171,0.556,9,31,0.29,86,140,0.614,0.582,28,44,0.636,57,87,144,36,16,22,21,46,227,0
1066,10,2,200,31,SF,67,18,1333,176,392,0.449,75,184,0.408,101,208,0.486,0.545,54,78,0.692,26,203,229,108,69,33,82,158,481,0
1378,11,2,201,32,SG,27,13,789,159,367,0.433,69,210,0.329,90,157,0.573,0.527,94,114,0.825,8,50,58,71,14,13,51,44,481,0
1744,8,2,202,25,PG,47,13,1196,186,387,0.481,51,134,0.381,135,253,0.534,0.547,58,73,0.795,11,85,96,150,34,13,34,48,481,0
1458,12,2,203,24,PG,66,8,1176,170,436,0.39,67,182,0.368,103,254,0.406,0.467,68,83,0.819,15,74,89,123,46,13,66,94,475,0
1652,13,2,204,24,SG,67,10,1263,178,350,0.509,38,91,0.418,140,259,0.541,0.563,78,94,0.83,56,186,242,104,29,13,40,126,472,0
1700,15,2,205,22,PG,52,1,1045,172,393,0.438,87,211,0.412,85,182,0.467,0.548,41,51,0.804,30,131,161,132,60,31,66,85,472,0
1391,8,2,206,30,PF,58,5,1120,173,374,0.463,79,198,0.399,94,176,0.534,0.568,46,57,0.807,85,192,277,53,26,22,53,144,471,0
1214,17,2,207,28,SG,69,4,1575,168,387,0.434,101,272,0.371,67,115,0.583,0.565,31,40,0.775,63,269,332,81,49,23,33,99,468,0
1488,13,2,208,31,C,41,39,955,186,365,0.51,39,115,0.339,147,250,0.588,0.563,43,53,0.811,73,202,275,74,9,47,44,76,454,0
2168,4,2,209,28,C,48,21,1005,181,324,0.559,4,28,0.143,177,296,0.598,0.565,85,119,0.714,119,209,328,86,27,17,51,120,451,0
1434,19,2,210,20,C,60,3,964,175,280,0.625,6,14,0.429,169,266,0.635,0.636,93,120,0.775,92,165,257,35,25,38,39,101,449,0
2151,10,2,211,19,C,39,27,836,191,368,0.519,12,38,0.316,179,330,0.542,0.535,54,86,0.628,55,171,226,26,11,36,60,121,448,0
1937,5,2,212,29,SG,58,18,1307,169,329,0.514,42,118,0.356,127,211,0.602,0.578,67,79,0.848,30,112,142,271,40,14,96,89,447,0
1390,10,2,213,30,PF,63,63,1982,170,380,0.447,34,126,0.27,136,254,0.535,0.492,70,88,0.795,55,393,448,558,105,52,188,194,444,6
1303,9,2,214,33,SG,46,31,1012,149,338,0.441,116,275,0.422,33,63,0.524,0.612,28,35,0.8,12,73,85,67,18,9,33,59,442,0
1555,15,2,215,24,PG,70,9,1222,178,413,0.431,45,140,0.321,133,273,0.487,0.485,41,45,0.911,21,119,140,259,64,6,48,31,442,0
1003,19,2,216,27,C,58,58,1605,189,308,0.614,0,3,0.0,189,305,0.62,0.614,60,135,0.444,213,301,514,111,54,38,78,113,438,1
1031,17,2,217,33,PG,37,6,713,71,192,0.37,49,129,0.38,22,63,0.349,0.497,36,40,0.9,11,39,50,110,20,1,34,33,227,0
1031,11,2,217,33,PG,20,6,416,64,151,0.424,34,88,0.386,30,63,0.476,0.536,49,54,0.907,9,35,44,78,8,0,31,23,211,0
1933,24,2,218,26,C,50,4,871,153,342,0.447,47,135,0.348,106,207,0.512,0.516,84,99,0.848,46,144,190,65,30,4,57,95,437,0
1430,19,2,219,25,SF,47,4,1349,151,344,0.439,63,193,0.326,88,151,0.583,0.531,69,89,0.775,53,324,377,109,38,12,49,111,434,0
1850,11,2,220,20,SG,26,23,835,156,367,0.425,50,161,0.311,106,206,0.515,0.493,69,94,0.734,20,79,99,164,19,8,91,61,431,0
1685,18,2,221,20,PF,63,27,1511,164,367,0.447,72,198,0.364,92,169,0.544,0.545,27,45,0.6,52,180,232,71,35,60,47,172,427,0
1556,3,2,222,32,C,57,43,1246,190,249,0.763,0,1,0.0,190,248,0.766,0.763,46,92,0.5,117,310,427,93,17,65,85,116,426,0
1784,25,2,223,26,C,37,37,880,171,333,0.514,12,30,0.4,159,303,0.525,0.532,70,113,0.619,86,246,332,125,38,39,73,103,424,0
2018,5,2,224,34,SG,56,25,1528,158,381,0.415,67,200,0.335,91,181,0.503,0.503,40,50,0.8,29,131,160,124,43,30,58,126,423,0
1614,28,2,225,27,C,7,2,76,5,10,0.5,3,6,0.5,2,4,0.5,0.65,3,6,0.5,0,11,11,3,1,6,8,10,16,0
1614,30,2,225,27,C,57,40,903,166,268,0.619,5,19,0.263,161,249,0.647,0.629,70,110,0.636,78,171,249,46,19,58,47,117,407,0
1664,11,2,226,20,SF,45,8,1068,162,318,0.509,35,96,0.365,127,222,0.572,0.564,60,84,0.714,73,169,242,48,30,41,38,89,419,0
2142,2,2,227,23,C,52,13,985,186,258,0.721,0,2,0.0,186,256,0.727,0.721,45,73,0.616,133,225,358,94,43,91,52,105,417,0
1137,11,2,228,25,SG,51,14,1229,150,335,0.448,91,215,0.423,59,120,0.492,0.584,25,31,0.806,38,186,224,72,38,12,41,97,416,0
1146,7,2,229,28,PG,62,1,911,151,353,0.428,58,164,0.354,93,189,0.492,0.51,51,57,0.895,10,44,54,81,36,7,33,64,411,0
2035,2,2,230,29,C,54,43,1287,169,326,0.518,0,3,0.0,169,323,0.523,0.518,71,120,0.592,169,270,439,67,24,33,62,119,409,0
1742,14,2,231,31,PF,61,27,1200,153,378,0.405,65,209,0.311,88,169,0.521,0.491,36,50,0.72,48,218,266,73,22,19,54,105,407,0
2066,5,2,232,27,SG,62,3,1036,155,416,0.373,80,242,0.331,75,174,0.431,0.469,16,17,0.941,24,173,197,105,30,7,42,70,406,0
1695,11,2,233,27,SG,32,4,537,80,224,0.357,55,166,0.331,25,58,0.431,0.48,23,32,0.719,11,55,66,28,20,3,28,51,238,0
1695,14,2,233,27,SG,21,1,368,55,141,0.39,42,114,0.368,13,27,0.481,0.539,16,21,0.762,4,30,34,11,3,6,14,37,168,0
2008,12,2,234,25,SG,53,24,861,148,282,0.525,35,88,0.398,113,194,0.582,0.587,68,83,0.819,18,76,94,49,33,10,51,88,399,0
1469,21,2,235,34,C,28,28,782,162,360,0.45,56,152,0.368,106,208,0.51,0.528,18,22,0.818,29,159,188,94,25,26,29,48,398,0
1159,8,2,236,29,PG,65,19,1425,120,315,0.381,76,216,0.352,44,99,0.444,0.502,80,91,0.879,22,112,134,232,79,14,73,132,396,0
1545,25,2,237,23,SF,58,43,1318,147,304,0.484,43,136,0.316,104,168,0.619,0.554,59,91,0.648,77,128,205,47,37,54,32,127,396,0
1500,9,2,238,22,PG,40,6,738,134,293,0.457,61,150,0.407,73,143,0.51,0.561,61,75,0.813,15,71,86,36,15,1,34,53,390,0
2040,15,2,239,22,PF,59,12,1085,167,299,0.559,22,65,0.338,145,234,0.62,0.595,34,53,0.642,74,182,256,75,44,33,45,116,390,0
1864,3,2,240,26,PF,12,4,218,30,74,0.405,13,37,0.351,17,37,0.459,0.493,24,27,0.889,2,32,34,7,8,8,11,21,97,0
1864,6,2,240,26,PF,29,6,687,101,253,0.399,49,118,0.415,52,135,0.385,0.496,41,49,0.837,17,91,108,69,20,15,36,54,292,0
1423,8,2,241,26,SG,19,19,581,69,156,0.442,24,75,0.32,45,81,0.556,0.519,22,30,0.733,13,34,47,32,17,4,14,37,184,0
1423,22,2,241,26,SG,20,19,499,69,189,0.365,24,66,0.364,45,123,0.366,0.429,42,48,0.875,8,24,32,46,11,7,23,34,204,0
1279,8,2,242,24,SG,50,6,1088,148,355,0.417,47,149,0.315,101,206,0.49,0.483,42,66,0.636,35,147,182,92,31,22,46,86,385,0
1817,10,2,243,24,PF,40,2,695,148,298,0.497,18,54,0.333,130,244,0.533,0.527,67,94,0.713,28,100,128,51,12,7,43,68,381,0
1348,5,2,244,22,C,31,11,383,60,87,0.69,0,0,,60,87,0.69,0.69,27,41,0.659,44,59,103,17,11,34,22,54,147,0
1348,30,2,244,22,C,23,0,408,94,138,0.681,0,0,,94,138,0.681,0.681,45,67,0.672,50,78,128,12,15,41,19,44,233,0
1779,18,2,245,21,SG,42,0,759,142,335,0.424,50,150,0.333,92,185,0.497,0.499,45,55,0.818,19,76,95,62,22,12,28,72,379,0
2076,6,2,246,24,PF,63,19,1212,134,311,0.431,78,213,0.366,56,98,0.571,0.556,30,39,0.769,38,177,215,74,35,21,30,78,376,0
1444,18,2,247,25,PF,52,6,900,130,299,0.435,55,168,0.327,75,131,0.573,0.527,60,97,0.619,45,160,205,35,19,7,27,52,375,0
1612,10,2,248,28,SG,57,1,1079,128,274,0.467,77,194,0.397,51,80,0.638,0.608,40,44,0.909,22,158,180,73,38,8,30,89,373,0
2016,2,2,249,32,PG,34,5,616,78,188,0.415,26,56,0.464,52,132,0.394,0.484,51,61,0.836,10,47,57,73,26,7,39,43,233,0
2016,17,2,249,32,PG,21,2,334,45,96,0.469,10,26,0.385,35,70,0.5,0.521,38,44,0.864,5,26,31,59,8,5,25,13,138,0
1136,21,2,250,21,C,43,32,920,146,268,0.545,0,0,,146,268,0.545,0.545,78,126,0.619,154,229,383,10,31,47,43,93,370,0
1174,14,2,251,26,PG,58,6,1216,133,305,0.436,55,137,0.401,78,168,0.464,0.526,49,76,0.645,31,139,170,160,64,15,76,108,370,0
1639,3,2,252,25,SF,58,7,1050,130,356,0.365,75,239,0.314,55,117,0.47,0.471,35,43,0.814,28,101,129,69,33,6,43,99,370,0
1315,29,2,253,29,C,68,0,1039,155,243,0.638,0,2,0.0,155,241,0.643,0.638,59,80,0.738,138,238,376,44,32,68,36,143,369,0
1529,7,2,254,33,PF,29,1,504,67,145,0.462,15,60,0.25,52,85,0.612,0.514,17,29,0.586,14,72,86,50,24,23,27,59,166,0
1529,19,2,254,33,PF,22,11,539,79,182,0.434,16,60,0.267,63,122,0.516,0.478,28,47,0.596,18,73,91,48,18,19,28,61,202,0
1046,22,2,255,22,C,46,5,725,142,301,0.472,38,118,0.322,104,183,0.568,0.535,45,66,0.682,76,189,265,35,14,58,36,87,367,0
1844,21,2,256,19,PF,45,28,1090,139,408,0.341,58,207,0.28,81,201,0.403,0.412,31,42,0.738,30,182,212,97,20,42,99,58,367,0
1223,11,2,257,30,C,25,11,506,79,210,0.376,39,116,0.336,40,94,0.426,0.469,44,59,0.746,30,161,191,60,21,18,39,74,241,0
1223,13,2,257,30,C,16,0,207,51,95,0.537,8,19,0.421,43,76,0.566,0.579,15,22,0.682,23,49,72,16,13,6,25,33,125,0
1445,19,2,258,26,C,47,12,846,151,268,0.563,1,10,0.1,150,258,0.581,0.565,62,93,0.667,117,217,334,50,22,23,34,68,365,0
1599,12,2,259,28,SG,36,8,765,120,276,0.435,52,128,0.406,68,148,0.459,0.529,71,75,0.947,25,106,131,53,34,23,22,72,363,0
1668,30,2,260,24,SG,64,24,1038,97,237,0.409,76,198,0.384,21,39,0.538,0.57,84,95,0.884,16,71,87,26,29,7,10,106,354,0
1412,8,2,261,19,SG,25,0,233,25,60,0.417,5,18,0.278,20,42,0.476,0.458,9,12,0.75,10,40,50,14,5,2,11,22,64,0
1412,22,2,261,19,SG,26,1,655,111,253,0.439,22,69,0.319,89,184,0.484,0.482,46,70,0.657,19,110,129,73,16,8,42,39,290,0
1328,28,2,262,22,PG,47,14,928,127,340,0.374,54,168,0.321,73,172,0.424,0.453,45,56,0.804,10,106,116,137,38,7,43,68,353,0
1521,21,2,263,23,SG,33,1,788,128,287,0.446,71,168,0.423,57,119,0.479,0.57,26,34,0.765,10,81,91,120,20,6,47,61,353,0
1578,7,2,264,29,PF,50,40,1341,116,275,0.422,87,212,0.41,29,63,0.46,0.58,34,37,0.919,47,213,260,68,24,35,30,105,353,0
1007,27,2,265,35,C,21,18,544,115,248,0.464,27,75,0.36,88,173,0.509,0.518,31,37,0.838,17,77,94,36,8,18,20,36,288,0
1007,3,2,265,35,C,5,5,130,25,48,0.521,4,5,0.8,21,43,0.488,0.563,10,10,1.0,2,22,24,13,3,11,7,11,64,0
1791,22,2,266,22,PF,45,19,1133,135,324,0.417,49,141,0.348,86,183,0.47,0.492,30,40,0.75,42,139,181,101,48,22,38,48,349,0
1684,4,2,267,23,SF,47,18,904,133,284,0.468,35,105,0.333,98,179,0.547,0.53,45,64,0.703,45,124,169,53,28,19,45,95,346,0
1307,22,2,268,30,SF,41,37,986,115,243,0.473,45,104,0.433,70,139,0.504,0.566,70,87,0.805,43,123,166,62,32,7,36,84,345,0
1482,1,2,269,23,SF,23,19,678,120,248,0.484,31,95,0.326,89,153,0.582,0.546,73,85,0.859,17,93,110,44,19,12,29,59,344,0
2067,18,2,270,21,PF,64,30,1139,143,236,0.606,1,5,0.2,142,231,0.615,0.608,57,102,0.559,118,250,368,76,64,46,53,123,344,0
1619,19,2,271,19,PG,54,0,904,130,337,0.386,40,120,0.333,90,217,0.415,0.445,43,51,0.843,12,59,71,124,38,10,34,88,343,0
1032,30,2,272,20,SF,54,32,1257,130,312,0.417,53,168,0.315,77,144,0.535,0.502,29,45,0.644,22,240,262,63,32,15,33,140,342,0
1859,7,2,273,29,C,58,19,966,120,194,0.619,5,21,0.238,115,173,0.665,0.631,97,124,0.782,80,154,234,63,36,30,40,135,342,0
2070,27,2,274,20,SF,62,7,1056,123,303,0.406,52,150,0.347,71,153,0.464,0.492,43,51,0.843,24,150,174,56,43,18,22,88,341,0
1756,21,2,275,29,C,35,0,645,119,267,0.446,68,184,0.37,51,83,0.614,0.573,33,36,0.917,19,113,132,28,8,11,21,54,339,0
1747,10,2,276,26,PG,60,6,766,119,265,0.449,85,214,0.397,34,51,0.667,0.609,14,22,0.636,8,52,60,26,12,12,16,56,337,0
1688,6,2,277,33,C,33,1,503,112,215,0.521,5,20,0.25,107,195,0.549,0.533,36,55,0.655,54,116,170,33,16,40,45,80,265,0
1688,8,2,277,33,C,13,1,175,32,67,0.478,0,4,0.0,32,63,0.508,0.478,8,12,0.667,23,46,69,6,3,14,15,41,72,0
2093,10,2,278,31,PG,39,0,625,61,173,0.353,13,61,0.213,48,112,0.429,0.39,50,56,0.893,8,58,66,99,26,6,37,55,185,0
2093,4,2,278,31,PG,22,0,428,54,126,0.429,3,24,0.125,51,102,0.5,0.44,40,45,0.889,10,29,39,75,17,5,34,39,151,0
1085,4,2,279,28,C,66,36,1349,142,242,0.587,0,1,0.0,142,241,0.589,0.587,47,105,0.448,137,210,347,81,17,74,71,141,331,0
1759,6,2,280,28,PF,35,27,1091,128,272,0.471,41,114,0.36,87,158,0.551,0.546,30,49,0.612,54,181,235,107,61,17,55,72,327,0
1882,19,2,281,36,SG,31,0,576,87,214,0.407,51,140,0.364,36,74,0.486,0.526,45,47,0.957,3,49,52,40,9,2,25,37,270,0
1882,7,2,281,36,SG,13,0,147,19,53,0.358,15,38,0.395,4,15,0.267,0.5,4,5,0.8,1,11,12,11,2,1,11,13,57,0
1065,28,2,282,34,C,53,31,980,134,304,0.441,27,103,0.262,107,201,0.532,0.485,29,41,0.707,87,186,273,47,17,22,46,119,324,0
1776,20,2,283,26,C,64,41,1547,137,223,0.614,0,3,0.0,137,220,0.623,0.614,50,70,0.714,142,266,408,46,70,141,65,176,324,0
1453,1,2,284,29,PF,71,16,1513,107,298,0.359,68,212,0.321,39,86,0.453,0.473,35,46,0.761,42,172,214,75,50,11,42,116,317,0
1793,18,2,285,22,SG,59,37,1197,102,254,0.402,29,108,0.269,73,146,0.5,0.459,83,108,0.769,63,93,156,63,54,28,43,123,316,0
1471,11,2,286,27,SF,36,23,932,110,272,0.404,54,156,0.346,56,116,0.483,0.504,41,63,0.651,18,114,132,69,20,16,36,67,315,0
1310,27,2,287,23,C,54,3,755,116,205,0.566,2,2,1.0,114,203,0.562,0.571,77,106,0.726,74,167,241,42,18,49,45,88,311,0
1563,24,2,288,27,C,47,13,715,121,257,0.471,31,85,0.365,90,172,0.523,0.531,37,60,0.617,36,152,188,79,14,17,22,70,310,0
2078,30,2,289,23,C,25,13,375,62,122,0.508,13,42,0.31,49,80,0.613,0.561,41,52,0.788,13,60,73,32,22,8,21,62,178,0
2078,2,2,289,23,C,9,1,61,4,14,0.286,2,6,0.333,2,8,0.25,0.357,1,2,0.5,3,16,19,6,0,1,9,10,11,0
2078,22,2,289,23,C,11,10,286,38,93,0.409,16,43,0.372,22,50,0.44,0.495,29,33,0.879,11,43,54,12,4,9,13,36,121,0
1275,6,2,290,26,SG,46,7,907,119,293,0.406,46,159,0.289,73,134,0.545,0.485,24,36,0.667,5,88,93,91,16,4,42,42,308,0
1634,6,2,291,32,PF,25,25,622,103,252,0.409,57,156,0.365,46,96,0.479,0.522,42,51,0.824,17,169,186,63,16,2,38,26,305,0
1001,16,2,292,21,PF,61,4,737,124,228,0.544,0,1,0.0,124,227,0.546,0.544,56,110,0.509,73,135,208,29,20,28,43,91,304,0
2049,10,2,293,27,SG,53,16,1107,121,209,0.579,37,92,0.402,84,117,0.718,0.667,22,31,0.71,29,206,235,150,41,26,61,111,301,0
1109,23,2,294,23,C,20,8,287,51,75,0.68,0,1,0.0,51,74,0.689,0.68,7,11,0.636,39,65,104,17,6,13,6,28,109,0
1109,21,2,294,23,C,22,0,397,80,122,0.656,0,2,0.0,80,120,0.667,0.656,31,44,0.705,46,89,135,20,9,17,27,33,191,0
1981,30,2,295,32,PG,44,1,924,129,297,0.434,18,49,0.367,111,248,0.448,0.465,19,33,0.576,22,128,150,172,32,13,41,62,295,0
2129,2,2,296,22,PF,63,9,1138,108,247,0.437,48,129,0.372,60,118,0.508,0.534,30,51,0.588,48,130,178,64,32,24,56,161,294,0
1074,28,2,297,26,SF,51,12,972,117,228,0.513,14,53,0.264,103,175,0.589,0.544,45,66,0.682,33,113,146,107,53,18,71,87,293,0
2116,26,2,298,31,C,36,4,546,126,224,0.563,0,1,0.0,126,223,0.565,0.563,41,79,0.519,61,154,215,20,9,46,40,73,293,0
1881,1,2,299,21,SF,26,21,750,96,263,0.365,33,126,0.262,63,137,0.46,0.428,67,82,0.817,22,82,104,35,33,9,34,68,292,0
1277,9,2,300,20,PF,56,11,869,107,282,0.379,26,115,0.226,81,167,0.485,0.426,45,64,0.703,39,104,143,47,24,9,44,94,285,0
1899,20,2,301,28,SG,21,2,442,58,135,0.43,28,77,0.364,30,58,0.517,0.533,10,14,0.714,5,42,47,42,12,0,22,32,154,0
1899,8,2,301,28,SG,15,5,403,46,110,0.418,27,72,0.375,19,38,0.5,0.541,12,17,0.706,3,32,35,39,18,2,14,32,131,0
1029,16,2,302,35,SF,30,27,841,99,241,0.411,50,143,0.35,49,98,0.5,0.515,34,44,0.773,27,117,144,55,31,18,21,55,282,0
1177,7,2,303,27,C,53,16,906,115,182,0.632,1,11,0.091,114,171,0.667,0.635,49,78,0.628,66,170,236,35,21,43,29,129,280,0
1672,14,2,304,34,SG,58,10,1130,89,252,0.353,66,197,0.335,23,55,0.418,0.484,35,41,0.854,20,73,93,54,38,17,26,80,279,0
1079,13,2,305,32,PG,37,34,832,93,220,0.423,56,141,0.397,37,79,0.468,0.55,36,45,0.8,29,90,119,76,29,28,34,108,278,0
1785,11,2,306,28,SF,30,9,679,106,218,0.486,17,63,0.27,89,155,0.574,0.525,47,68,0.691,40,78,118,31,30,21,17,60,276,0
1490,16,2,307,37,SF,63,5,1339,95,248,0.383,60,182,0.33,35,66,0.53,0.504,25,38,0.658,38,183,221,142,57,35,67,90,275,0
1170,22,2,308,29,SG,31,25,800,105,270,0.389,15,61,0.246,90,209,0.431,0.417,49,80,0.613,39,100,139,129,25,17,69,81,274,0
1227,17,2,309,30,SF,18,0,201,18,46,0.391,8,22,0.364,10,24,0.417,0.478,1,2,0.5,13,30,43,16,9,7,5,24,45,0
1227,24,2,309,30,SF,32,8,602,91,181,0.503,31,84,0.369,60,97,0.619,0.588,16,20,0.8,44,110,154,33,19,19,20,59,229,0
1852,5,2,310,27,SF,25,6,540,89,202,0.441,38,95,0.4,51,107,0.477,0.535,31,37,0.838,28,110,138,50,12,4,25,37,247,0
1852,22,2,310,27,PF,3,0,66,9,25,0.36,1,9,0.111,8,16,0.5,0.38,5,5,1.0,0,14,14,5,4,0,0,4,24,0
1536,28,2,311,24,PF,61,13,1006,89,233,0.382,45,137,0.328,44,96,0.458,0.479,44,55,0.8,29,124,153,89,52,18,54,116,267,0
1613,9,2,312,21,PG,48,7,781,99,210,0.471,8,23,0.348,91,187,0.487,0.49,61,89,0.685,20,77,97,174,32,13,55,76,267,0
1875,22,2,313,27,PG,41,5,837,92,237,0.388,44,130,0.338,48,107,0.449,0.481,38,48,0.792,7,75,82,74,22,5,46,64,266,0
1659,4,2,314,25,SF,53,3,818,96,256,0.375,31,125,0.248,65,131,0.496,0.436,41,64,0.641,31,110,141,67,37,12,33,62,264,0
1357,14,2,315,36,C,52,42,993,88,194,0.454,50,122,0.41,38,72,0.528,0.582,36,50,0.72,38,177,215,109,26,58,53,115,262,0
1451,21,2,316,34,PG,14,14,369,61,120,0.508,22,57,0.386,39,63,0.619,0.6,21,25,0.84,8,21,29,43,12,2,12,12,165,0
1451,23,2,316,34,PG,16,3,303,34,77,0.442,9,23,0.391,25,54,0.463,0.5,19,25,0.76,8,24,32,30,11,3,19,19,96,0
1788,2,2,317,26,PF,56,15,950,89,221,0.403,58,158,0.367,31,63,0.492,0.534,24,32,0.75,31,116,147,37,17,0,21,56,260,0
1266,15,2,318,31,C,22,1,371,56,108,0.519,23,48,0.479,33,60,0.55,0.625,38,43,0.884,28,70,98,29,17,14,22,38,173,0
1266,27,2,318,31,C,16,0,181,29,55,0.527,7,22,0.318,22,33,0.667,0.591,20,24,0.833,12,30,42,19,9,2,10,18,85,0
1694,18,2,319,24,PG,51,2,938,100,242,0.413,33,92,0.359,67,150,0.447,0.481,23,30,0.767,21,87,108,193,51,6,51,44,256,0
1907,20,2,320,22,C,31,29,853,115,176,0.653,0,0,,115,176,0.653,0.653,26,53,0.491,113,139,252,17,35,45,26,86,256,0
2038,23,2,321,23,SG,65,8,1298,102,243,0.42,43,143,0.301,59,100,0.59,0.508,8,18,0.444,30,94,124,63,105,71,32,127,255,0
2048,20,2,322,22,PF,62,0,683,104,209,0.498,26,85,0.306,78,124,0.629,0.56,19,26,0.731,26,112,138,29,17,15,23,55,253,0
1629,10,2,323,24,C,61,34,1161,108,197,0.548,4,17,0.235,104,180,0.578,0.558,31,48,0.646,117,205,322,119,21,22,37,136,251,0
1992,1,2,324,29,SG,47,23,992,88,171,0.515,62,109,0.569,26,62,0.419,0.696,11,11,1.0,18,94,112,59,13,11,21,75,249,0
1169,24,2,325,25,PG,60,1,717,94,223,0.422,56,151,0.371,38,72,0.528,0.547,4,7,0.571,16,76,92,71,29,9,16,56,248,0
1657,19,2,326,23,SF,32,10,700,82,209,0.392,29,83,0.349,53,126,0.421,0.462,53,75,0.707,15,133,148,88,26,10,38,58,246,0
1466,25,2,327,28,SF,38,5,726,73,201,0.363,25,84,0.298,48,117,0.41,0.425,9,12,0.75,18,55,73,47,20,4,31,59,180,0
1466,28,2,327,28,SF,17,0,216,21,59,0.356,9,29,0.31,12,30,0.4,0.432,15,16,0.938,5,25,30,6,4,3,5,15,66,0
1505,21,2,328,25,SF,33,3,544,86,212,0.406,34,111,0.306,52,101,0.515,0.486,30,35,0.857,14,57,71,51,15,2,31,31,236,0
1505,17,2,328,25,SF,1,0,33,3,9,0.333,2,6,0.333,1,3,0.333,0.444,1,2,0.5,2,4,6,1,0,0,1,1,9,0
2072,16,2,329,24,PG,50,7,655,88,233,0.378,46,149,0.309,42,84,0.5,0.476,20,23,0.87,10,46,56,67,21,2,34,79,242,0
1086,26,2,330,32,PF,26,1,439,69,150,0.46,17,58,0.293,52,92,0.565,0.517,32,42,0.762,24,76,100,49,8,2,28,48,187,0
1086,16,2,330,32,PF,11,2,156,20,46,0.435,10,27,0.37,10,19,0.526,0.543,5,9,0.556,5,22,27,20,7,3,5,20,55,0
1912,1,2,331,34,PG,27,2,402,44,110,0.4,17,45,0.378,27,65,0.415,0.477,1,2,0.5,4,51,55,95,19,2,39,25,106,0
1912,13,2,331,34,PG,18,1,368,51,105,0.486,19,44,0.432,32,61,0.525,0.576,15,15,1.0,14,41,55,104,18,2,40,28,136,0
1363,20,2,332,35,C,45,3,936,99,158,0.627,3,15,0.2,96,143,0.671,0.636,40,55,0.727,99,151,250,36,31,49,22,99,241,0
2006,16,2,333,24,SF,39,0,507,85,187,0.455,50,148,0.338,35,39,0.897,0.588,16,24,0.667,5,36,41,24,11,2,8,43,236,0
1429,8,2,334,22,C,30,0,272,41,80,0.513,0,0,,41,80,0.513,0.513,22,36,0.611,40,45,85,15,11,20,21,59,104,0
1429,6,2,334,22,C,16,2,287,53,91,0.582,2,6,0.333,51,85,0.6,0.593,24,35,0.686,25,71,96,40,8,19,23,45,132,0
1083,12,2,335,21,C,45,3,561,83,194,0.428,20,79,0.253,63,115,0.548,0.479,45,61,0.738,60,90,150,37,9,60,17,94,231,0
1608,18,2,336,26,SF,45,11,627,91,184,0.495,23,78,0.295,68,106,0.642,0.557,26,37,0.703,13,54,67,28,29,19,26,44,231,0
1120,12,2,337,22,SF,21,16,519,73,151,0.483,33,78,0.423,40,73,0.548,0.593,50,65,0.769,29,86,115,18,19,20,10,32,229,0
1375,1,2,338,25,PG,47,5,620,84,223,0.377,32,103,0.311,52,120,0.433,0.448,28,43,0.651,8,61,69,95,17,0,36,41,228,0
1794,1,2,339,20,C,50,4,601,96,149,0.644,0,3,0.0,96,146,0.658,0.644,36,57,0.632,62,101,163,18,23,33,29,100,228,0
1703,26,2,340,23,C,36,6,488,91,179,0.508,13,37,0.351,78,142,0.549,0.545,31,43,0.721,31,81,112,28,14,18,29,59,226,0
1124,11,2,341,22,SG,20,5,520,78,192,0.406,60,157,0.382,18,35,0.514,0.563,7,12,0.583,10,58,68,30,12,5,22,34,223,0
1624,25,2,342,20,PF,48,2,640,78,167,0.467,28,80,0.35,50,87,0.575,0.551,36,45,0.8,32,96,128,23,5,13,18,51,220,0
1766,2,2,343,21,SF,46,1,669,78,178,0.438,40,108,0.37,38,70,0.543,0.551,22,28,0.786,28,99,127,23,15,9,23,87,218,0
2099,28,2,344,26,SF,50,4,723,79,180,0.439,36,90,0.4,43,90,0.478,0.539,24,29,0.828,36,123,159,40,26,19,19,57,218,0
1942,23,2,345,32,PF,51,12,852,76,211,0.36,53,155,0.342,23,56,0.411,0.486,8,12,0.667,11,109,120,40,24,14,19,72,213,0
1199,3,2,346,21,C,32,1,594,90,145,0.621,1,5,0.2,89,140,0.636,0.624,31,64,0.484,43,123,166,28,23,40,18,68,212,0
1538,3,2,347,28,SG,39,3,684,72,183,0.393,48,132,0.364,24,51,0.471,0.525,18,21,0.857,6,71,77,47,14,0,17,43,210,0
1660,4,2,348,25,SF,52,10,849,83,188,0.441,16,58,0.276,67,130,0.515,0.484,25,43,0.581,52,109,161,86,37,12,40,52,207,0
1819,13,2,349,31,PF,38,5,582,72,165,0.436,40,112,0.357,32,53,0.604,0.558,13,17,0.765,19,56,75,29,14,8,11,45,197,0
1418,16,2,350,27,SF,11,3,124,5,13,0.385,5,11,0.455,0,2,0.0,0.577,0,2,0.0,2,11,13,7,2,4,3,14,15,0
1418,26,2,350,27,PF,26,20,648,64,152,0.421,18,73,0.247,46,79,0.582,0.48,33,41,0.805,11,65,76,37,28,16,19,72,179,0
2057,11,2,351,35,PF,32,32,959,48,131,0.366,27,86,0.314,21,45,0.467,0.469,18,23,0.783,33,115,148,45,29,18,33,91,141,0
2057,17,2,351,35,PF,20,1,397,18,46,0.391,13,33,0.394,5,13,0.385,0.533,3,5,0.6,18,38,56,16,10,2,7,34,52,0
1350,24,2,352,29,SG,40,0,438,66,147,0.449,36,85,0.424,30,62,0.484,0.571,22,23,0.957,7,35,42,26,8,0,13,25,190,0
1588,15,2,353,24,SG,43,0,575,69,138,0.5,21,56,0.375,48,82,0.585,0.576,25,30,0.833,35,93,128,47,30,9,18,40,184,0
2146,17,2,354,24,PF,12,0,105,16,43,0.372,10,28,0.357,6,15,0.4,0.488,1,2,0.5,3,22,25,3,1,4,4,13,43,0
2146,11,2,354,24,PF,23,1,328,52,125,0.416,20,59,0.339,32,66,0.485,0.496,16,23,0.696,17,70,87,20,10,12,18,31,140,0
1543,24,2,355,25,C,14,0,94,8,16,0.5,0,1,0.0,8,15,0.533,0.5,6,11,0.545,7,11,18,4,1,5,6,19,22,0
1543,14,2,355,25,C,8,6,112,16,17,0.941,0,0,,16,17,0.941,0.941,11,12,0.917,8,18,26,1,1,7,5,22,43,0
1543,26,2,355,25,C,17,4,341,46,70,0.657,1,4,0.25,45,66,0.682,0.664,25,35,0.714,21,56,77,24,9,17,15,36,118,0
1234,18,2,356,21,SG,34,7,499,69,168,0.411,13,53,0.245,56,115,0.487,0.449,29,48,0.604,34,70,104,24,17,9,28,58,180,0
2149,15,2,357,24,SF,26,1,507,74,210,0.352,10,54,0.185,64,156,0.41,0.376,20,35,0.571,18,100,118,50,15,12,37,47,178,0
1435,9,2,358,19,PG,26,18,670,71,201,0.353,20,72,0.278,51,129,0.395,0.403,14,17,0.824,6,63,69,138,27,10,83,57,176,0
1108,16,2,359,30,SG,10,1,211,31,66,0.47,16,38,0.421,15,28,0.536,0.591,7,9,0.778,2,16,18,14,7,1,9,26,85,0
1108,11,2,359,30,SG,17,5,391,33,105,0.314,17,63,0.27,16,42,0.381,0.395,5,6,0.833,6,33,39,32,14,2,19,29,88,0
1786,17,2,360,22,SF,30,2,274,62,135,0.459,28,62,0.452,34,73,0.466,0.563,19,25,0.76,9,51,60,7,16,7,24,22,171,0
1552,11,2,361,22,SG,26,1,307,47,114,0.412,23,64,0.359,24,50,0.48,0.513,35,57,0.614,4,47,51,39,6,1,28,22,152,0
1552,23,2,361,22,SG,6,0,27,5,9,0.556,1,2,0.5,4,7,0.571,0.611,5,7,0.714,3,1,4,3,1,0,1,2,16,0
1024,17,2,362,28,SF,57,3,551,67,137,0.489,7,29,0.241,60,108,0.556,0.515,25,49,0.51,54,70,124,46,22,10,43,74,166,0
2003,6,2,363,23,PF,40,0,499,62,136,0.456,4,25,0.16,58,111,0.523,0.471,37,51,0.725,24,72,96,25,17,13,23,53,165,0
1583,20,2,364,21,SF,42,0,464,56,143,0.392,35,89,0.393,21,54,0.389,0.514,16,20,0.8,10,51,61,19,12,6,17,37,163,0
2148,6,2,365,24,SF,31,0,513,57,130,0.438,26,77,0.338,31,53,0.585,0.538,21,27,0.778,20,87,107,33,19,12,32,37,161,0
1138,30,2,366,21,SF,21,0,287,33,89,0.371,14,46,0.304,19,43,0.442,0.449,10,15,0.667,11,50,61,19,3,4,16,29,90,0
1138,5,2,366,21,SF,13,0,237,29,55,0.527,8,24,0.333,21,31,0.677,0.6,5,6,0.833,9,35,44,10,7,2,5,20,71,0
1758,24,2,367,27,SF,24,0,355,57,116,0.491,18,43,0.419,39,73,0.534,0.569,28,37,0.757,7,55,62,19,10,9,19,34,160,0
1503,15,2,368,21,C,11,4,258,53,125,0.424,17,60,0.283,36,65,0.554,0.492,35,42,0.833,17,45,62,12,12,18,15,42,158,0
1663,12,2,369,25,SF,35,0,322,62,138,0.449,24,60,0.4,38,78,0.487,0.536,9,10,0.9,18,60,78,17,10,10,16,35,157,0
1655,7,2,370,32,C,33,3,271,62,122,0.508,1,8,0.125,61,114,0.535,0.512,31,38,0.816,47,81,128,10,2,6,12,29,156,0
1218,3,2,371,23,PF,4,0,17,1,3,0.333,0,0,,1,3,0.333,0.333,0,0,,1,1,2,2,0,0,1,2,2,0
1218,9,2,371,23,SF,28,1,421,68,100,0.68,1,2,0.5,67,98,0.684,0.685,17,35,0.486,27,66,93,15,8,2,20,33,154,0
1979,20,2,372,23,PG,3,0,28,2,10,0.2,0,4,0.0,2,6,0.333,0.2,5,6,0.833,0,2,2,3,3,0,1,4,9,0
1979,9,2,372,23,PG,20,9,392,56,135,0.415,19,54,0.352,37,81,0.457,0.485,14,20,0.7,12,41,53,74,20,14,25,33,145,1
1522,23,2,373,21,SG,41,1,383,48,133,0.361,39,106,0.368,9,27,0.333,0.508,18,24,0.75,6,30,36,20,12,4,11,34,153,0
1392,2,2,374,27,SF,25,2,345,39,71,0.549,7,22,0.318,32,49,0.653,0.599,20,30,0.667,20,32,52,11,18,2,13,32,105,0
1392,5,2,374,27,SG,16,0,128,14,31,0.452,3,8,0.375,11,23,0.478,0.5,10,10,1.0,6,13,19,6,10,4,6,13,41,0
1789,9,2,375,25,C,27,2,347,63,102,0.618,2,9,0.222,61,93,0.656,0.627,17,24,0.708,23,43,66,13,6,5,21,39,145,0
1142,30,2,376,23,C,10,10,271,59,91,0.648,9,21,0.429,50,70,0.714,0.698,16,24,0.667,18,43,61,15,4,8,11,31,143,0
1206,13,2,377,23,SG,44,1,394,45,103,0.437,23,56,0.411,22,47,0.468,0.549,27,38,0.711,10,34,44,22,10,0,15,30,140,0
1511,26,2,378,24,SF,36,0,310,52,111,0.468,14,38,0.368,38,73,0.521,0.532,21,36,0.583,9,21,30,22,8,3,15,23,139,0
2030,28,2,379,26,SG,26,0,192,24,62,0.387,17,41,0.415,7,21,0.333,0.524,6,7,0.857,3,18,21,9,2,0,6,10,71,0
2030,29,2,379,26,SG,19,0,134,26,65,0.4,10,39,0.256,16,26,0.615,0.477,6,7,0.857,4,19,23,10,2,0,8,8,68,0
1028,5,2,380,26,PG,44,0,450,49,117,0.419,25,67,0.373,24,50,0.48,0.526,13,20,0.65,5,62,67,56,9,0,10,47,136,0
1774,8,2,381,20,PF,42,1,397,50,104,0.481,24,59,0.407,26,45,0.578,0.596,12,15,0.8,14,51,65,10,8,4,7,29,136,0
1926,12,2,382,27,PF,29,4,316,56,113,0.496,3,15,0.2,53,98,0.541,0.509,19,29,0.655,27,50,77,4,2,14,15,52,134,0
1699,19,2,383,30,PF,22,0,241,15,59,0.254,7,37,0.189,8,22,0.364,0.314,6,7,0.857,12,45,57,25,9,1,7,28,43,0
1699,7,2,383,30,PF,23,4,325,31,82,0.378,16,48,0.333,15,34,0.441,0.476,13,18,0.722,17,48,65,19,5,2,5,30,91,0
1598,11,2,384,23,SF,24,3,415,46,118,0.39,23,71,0.324,23,47,0.489,0.487,18,21,0.857,27,43,70,23,6,5,19,34,133,0
1735,24,2,385,31,SG,27,1,389,55,121,0.455,11,35,0.314,44,86,0.512,0.5,12,14,0.857,14,31,45,40,15,5,23,32,133,0
1518,26,2,386,23,SG,18,2,232,24,57,0.421,9,28,0.321,15,29,0.517,0.5,6,7,0.857,9,20,29,6,7,4,8,23,63,0
1518,11,2,386,23,SG,13,3,261,26,63,0.413,11,39,0.282,15,24,0.625,0.5,1,1,1.0,10,32,42,16,8,6,6,25,64,0
2025,11,2,387,24,SG,4,0,24,2,7,0.286,1,6,0.167,1,1,1.0,0.357,5,7,0.714,1,3,4,4,1,1,4,5,10,0
2025,6,2,387,24,SG,28,1,375,37,101,0.366,15,53,0.283,22,48,0.458,0.441,26,39,0.667,7,42,49,26,14,9,18,35,115,0
1582,1,2,388,23,PF,33,0,279,37,100,0.37,6,33,0.182,31,67,0.463,0.4,44,55,0.8,27,45,72,8,9,10,15,22,124,0
1674,1,2,389,23,SG,33,0,269,44,98,0.449,14,40,0.35,30,58,0.517,0.52,22,25,0.88,10,25,35,30,14,2,9,15,124,0
1296,2,2,390,22,SG,31,1,276,47,111,0.423,18,63,0.286,29,48,0.604,0.505,11,13,0.846,3,23,26,14,7,1,7,25,123,0
1651,10,2,391,19,PG,30,1,364,39,114,0.342,22,60,0.367,17,54,0.315,0.439,23,28,0.821,6,40,46,70,16,1,31,29,123,0
1692,14,2,392,28,SF,39,0,258,48,93,0.516,16,39,0.41,32,54,0.593,0.602,10,18,0.556,22,32,54,6,7,0,5,26,122,0
1925,27,2,393,21,PF,33,4,308,47,105,0.448,12,43,0.279,35,62,0.565,0.505,16,29,0.552,16,52,68,15,8,8,20,43,122,0
1903,26,2,394,27,SF,23,2,369,42,99,0.424,16,44,0.364,26,55,0.473,0.505,21,23,0.913,11,34,45,20,4,3,11,23,121,0
1196,22,2,395,26,SF,35,11,637,40,131,0.305,31,108,0.287,9,23,0.391,0.424,8,10,0.8,33,79,112,30,12,7,17,34,119,0
1196,8,2,395,26,SF,2,0,4,0,0,,0,0,,0,0,,,0,0,,0,1,1,0,0,0,0,0,0,0
1196,23,2,395,26,PF,2,0,13,0,1,0.0,0,0,,0,1,0.0,0.0,0,0,,0,2,2,1,1,0,0,1,0,0
1456,21,2,396,21,SF,19,0,320,44,88,0.5,0,11,0.0,44,77,0.571,0.5,28,41,0.683,21,44,65,24,13,5,17,19,116,0
1640,27,2,397,25,PF,23,9,358,43,90,0.478,14,40,0.35,29,50,0.58,0.556,15,23,0.652,9,77,86,14,6,1,6,13,115,0
1251,16,2,398,31,C,16,0,210,46,65,0.708,1,5,0.2,45,60,0.75,0.715,20,27,0.741,28,58,86,12,9,6,13,36,113,0
1370,28,2,399,23,PF,20,2,392,44,84,0.524,0,0,,44,84,0.524,0.524,23,33,0.697,42,55,97,9,13,20,12,43,111,0
2105,28,2,400,26,SF,27,2,297,38,82,0.463,30,64,0.469,8,18,0.444,0.646,5,8,0.625,4,41,45,17,6,3,9,36,111,0
1366,25,2,401,22,C,38,0,348,42,97,0.433,8,23,0.348,34,74,0.459,0.474,16,27,0.593,31,102,133,29,8,13,20,54,108,0
1486,5,2,402,24,SF,7,0,64,5,18,0.278,1,3,0.333,4,15,0.267,0.306,2,2,1.0,1,19,20,4,1,0,5,9,13,0
1486,30,2,402,24,SF,18,1,282,34,85,0.4,7,19,0.368,27,66,0.409,0.441,19,23,0.826,5,53,58,13,11,5,15,24,94,0
1590,5,2,403,25,C,13,0,94,9,27,0.333,6,23,0.261,3,4,0.75,0.444,2,4,0.5,1,14,15,4,2,7,1,1,26,0
1590,2,2,403,25,C,18,2,254,35,74,0.473,9,36,0.25,26,38,0.684,0.534,1,2,0.5,13,39,52,20,2,25,6,19,80,0
1475,8,2,404,21,SG,37,1,205,40,106,0.377,18,65,0.277,22,41,0.537,0.462,7,9,0.778,1,20,21,18,4,1,18,23,105,0
1805,29,2,405,23,SG,54,0,519,35,99,0.354,30,88,0.341,5,11,0.455,0.505,5,6,0.833,23,61,84,28,11,8,16,61,105,0
1344,22,2,406,22,PG,8,8,215,41,104,0.394,4,16,0.25,37,88,0.42,0.413,17,19,0.895,5,20,25,43,8,2,18,18,103,0
1017,22,2,407,30,PF,17,14,367,36,89,0.404,7,31,0.226,29,58,0.5,0.444,14,17,0.824,20,71,91,29,17,9,25,22,93,0
1017,5,2,407,30,PF,6,0,67,2,10,0.2,1,6,0.167,1,4,0.25,0.25,4,5,0.8,2,17,19,2,2,0,3,7,9,0
1395,7,2,408,20,SG,39,5,445,42,93,0.452,4,25,0.16,38,68,0.559,0.473,13,23,0.565,28,50,78,28,16,3,17,35,101,0
1513,3,2,409,30,PG,13,1,236,34,92,0.37,11,31,0.355,23,61,0.377,0.429,21,27,0.778,3,29,32,54,6,1,20,10,100,0
2101,2,2,410,23,PG,26,3,238,34,84,0.405,15,38,0.395,19,46,0.413,0.494,16,17,0.941,5,16,21,62,15,1,27,17,99,0
1498,7,2,411,26,SF,23,3,288,17,52,0.327,3,23,0.13,14,29,0.483,0.356,12,14,0.857,6,38,44,10,9,3,6,26,49,0
1498,19,2,411,26,SF,18,1,251,17,50,0.34,2,18,0.111,15,32,0.469,0.36,14,17,0.824,9,37,46,8,6,1,13,23,50,0
1424,28,2,412,22,SG,13,2,172,36,72,0.5,17,36,0.472,19,36,0.528,0.618,7,9,0.778,3,15,18,17,8,0,14,15,96,0
1560,13,2,413,23,PF,23,0,94,9,32,0.281,4,18,0.222,5,14,0.357,0.344,5,6,0.833,1,13,14,5,2,3,6,18,27,0
1560,6,2,413,23,PF,16,0,186,24,57,0.421,9,32,0.281,15,25,0.6,0.5,11,14,0.786,11,35,46,12,6,10,9,18,68,0
1524,3,2,414,24,PF,18,0,189,40,68,0.588,1,6,0.167,39,62,0.629,0.596,13,13,1.0,27,63,90,14,5,5,9,16,94,0
1554,27,2,415,21,PG,37,1,269,37,78,0.474,3,5,0.6,34,73,0.466,0.494,17,19,0.895,8,13,21,39,8,0,13,13,94,0
1796,16,2,416,21,PF,37,9,447,36,96,0.375,12,50,0.24,24,46,0.522,0.438,8,15,0.533,21,47,68,19,10,11,15,59,92,0
1691,9,2,417,29,SG,16,2,194,37,70,0.529,11,24,0.458,26,46,0.565,0.607,6,8,0.75,8,14,22,16,8,1,7,12,91,0
1113,20,2,418,22,SF,4,0,7,0,1,0.0,0,0,,0,1,0.0,0.0,2,2,1.0,1,1,2,1,0,0,1,0,2,0
1113,23,2,418,22,SF,1,0,8,0,3,0.0,0,1,0.0,0,2,0.0,0.0,0,0,,0,2,2,0,0,0,0,0,0,0
1113,22,2,418,22,SF,8,0,234,35,79,0.443,11,27,0.407,24,52,0.462,0.513,8,12,0.667,10,31,41,16,4,3,11,22,89,0
1702,17,2,419,24,SG,30,2,233,32,72,0.444,21,47,0.447,11,25,0.44,0.59,4,4,1.0,6,24,30,21,8,1,10,17,89,0
1781,20,2,420,22,PG,33,4,322,29,79,0.367,23,48,0.479,6,31,0.194,0.513,8,18,0.444,6,25,31,19,18,4,11,45,89,0
1187,3,2,421,25,PG,22,1,232,31,88,0.352,13,42,0.31,18,46,0.391,0.426,13,17,0.765,3,21,24,65,7,6,16,19,88,0
1333,29,2,422,22,PG,30,0,302,32,71,0.451,5,26,0.192,27,45,0.6,0.486,19,19,1.0,11,33,44,45,9,4,21,22,88,0
1884,23,2,423,21,PF,26,0,177,42,78,0.538,0,6,0.0,42,72,0.583,0.538,4,8,0.5,30,31,61,12,10,13,12,29,88,0
1402,26,2,424,23,PG,31,0,235,29,88,0.33,13,46,0.283,16,42,0.381,0.403,16,20,0.8,5,30,35,32,6,0,11,20,87,0
1408,21,2,425,20,SF,21,1,336,30,99,0.303,4,37,0.108,26,62,0.419,0.323,22,44,0.5,6,53,59,28,4,1,25,37,86,0
1160,8,2,426,23,PF,41,1,281,33,72,0.458,9,33,0.273,24,39,0.615,0.521,10,13,0.769,11,39,50,14,11,2,14,18,85,0
1250,21,2,427,25,PF,10,0,212,32,67,0.478,2,15,0.133,30,52,0.577,0.493,18,22,0.818,16,24,40,24,8,0,6,9,84,0
1904,30,2,428,23,SG,17,6,305,28,95,0.295,11,42,0.262,17,53,0.321,0.353,16,20,0.8,4,34,38,25,12,6,19,31,83,0
2028,11,2,429,24,SG,5,2,153,32,66,0.485,9,27,0.333,23,39,0.59,0.553,9,9,1.0,7,11,18,25,9,6,6,8,82,0
1368,30,2,430,28,PF,26,4,218,30,60,0.5,7,24,0.292,23,36,0.639,0.558,13,16,0.813,16,35,51,11,10,4,8,27,80,0
1061,27,2,431,25,SF,30,0,245,30,67,0.448,5,17,0.294,25,50,0.5,0.485,14,21,0.667,9,40,49,12,11,5,7,11,79,0
1100,30,2,432,21,SF,40,8,432,30,81,0.37,13,47,0.277,17,34,0.5,0.451,5,8,0.625,18,48,66,23,11,9,22,63,78,0
1830,3,2,433,20,PF,26,0,211,32,78,0.41,4,21,0.19,28,57,0.491,0.436,10,13,0.769,27,46,73,14,6,6,15,40,78,0
1216,14,2,434,27,PG,16,0,62,12,26,0.462,5,13,0.385,7,13,0.538,0.558,4,5,0.8,0,5,5,5,1,1,3,2,33,0
1216,6,2,434,27,PG,7,0,95,17,42,0.405,6,13,0.462,11,29,0.379,0.476,3,3,1.0,2,10,12,13,3,0,4,8,43,0
1407,22,2,435,23,PF,13,0,179,25,35,0.714,0,0,,25,35,0.714,0.714,23,34,0.676,24,38,62,11,5,10,8,18,73,0
1709,21,2,436,30,SF,18,0,197,22,48,0.458,17,42,0.405,5,6,0.833,0.635,12,12,1.0,2,22,24,21,13,5,8,13,73,0
1427,29,2,437,27,SG,17,0,56,6,20,0.3,0,2,0.0,6,18,0.333,0.3,5,6,0.833,3,6,9,9,2,0,5,3,17,0
1427,8,2,437,27,SG,17,0,277,20,58,0.345,3,14,0.214,17,44,0.386,0.371,13,16,0.813,4,35,39,16,15,5,6,30,56,0
1347,19,2,438,23,PF,21,0,241,24,60,0.4,13,32,0.406,11,28,0.393,0.508,11,17,0.647,20,34,54,11,9,8,15,32,72,0
1815,26,2,439,25,PF,3,0,27,4,7,0.571,0,1,0.0,4,6,0.667,0.571,0,0,,1,5,6,1,0,1,3,4,8,0
1815,2,2,439,25,PF,10,0,138,26,48,0.542,2,10,0.2,24,38,0.632,0.563,10,13,0.769,9,27,36,10,1,4,7,9,64,0
1820,11,2,440,23,C,13,6,247,29,70,0.414,9,34,0.265,20,36,0.556,0.479,3,4,0.75,14,35,49,14,12,14,4,34,70,0
1094,8,2,441,21,PF,32,2,160,25,58,0.431,9,24,0.375,16,34,0.471,0.509,10,15,0.667,0,24,24,7,3,10,13,14,69,0
1301,25,2,442,20,SF,30,0,192,25,66,0.379,7,34,0.206,18,32,0.563,0.432,11,15,0.733,11,21,32,10,6,3,5,27,68,0
1491,29,2,443,33,PF,17,1,148,21,54,0.389,18,41,0.439,3,13,0.231,0.556,5,5,1.0,7,22,29,4,10,3,8,29,65,0
1111,29,2,444,24,PF,28,0,138,25,52,0.481,12,28,0.429,13,24,0.542,0.596,2,2,1.0,9,18,27,15,7,2,8,17,64,0
2095,12,2,445,27,SF,4,4,117,27,51,0.529,0,7,0.0,27,44,0.614,0.529,8,10,0.8,2,12,14,5,2,0,4,16,62,0
2039,15,2,446,22,C,18,1,182,19,57,0.333,10,33,0.303,9,24,0.375,0.421,9,11,0.818,6,18,24,8,5,8,2,20,57,0
1099,22,2,447,23,PG,14,0,196,23,54,0.426,10,32,0.313,13,22,0.591,0.519,0,0,,4,20,24,18,2,0,3,11,56,0
1601,2,2,448,21,SG,18,4,283,21,59,0.356,5,18,0.278,16,41,0.39,0.398,9,12,0.75,12,23,35,13,6,5,10,24,56,0
1320,6,2,449,27,PG,2,0,40,8,21,0.381,3,9,0.333,5,12,0.417,0.452,0,2,0.0,3,4,7,5,3,1,3,4,19,0
1320,13,2,449,27,PG,8,0,96,12,36,0.333,6,19,0.316,6,17,0.353,0.417,7,7,1.0,2,10,12,17,4,2,0,7,37,0
1808,13,2,450,21,C,30,0,161,22,52,0.423,1,5,0.2,21,47,0.447,0.433,9,12,0.75,21,27,48,10,4,7,9,24,54,0
1982,24,2,451,20,PF,27,1,156,22,50,0.44,4,17,0.235,18,33,0.545,0.48,5,7,0.714,7,30,37,4,1,5,7,16,53,0
1319,1,2,452,22,C,33,0,226,18,44,0.409,0,2,0.0,18,42,0.429,0.409,15,22,0.682,16,62,78,10,4,3,21,23,51,0
1245,18,2,453,31,C,23,7,299,19,44,0.432,0,0,,19,44,0.432,0.432,10,12,0.833,46,69,115,21,13,13,7,56,48,0
1669,23,2,454,25,SG,8,2,123,19,48,0.396,8,26,0.308,11,22,0.5,0.479,2,6,0.333,1,6,7,13,1,3,1,7,48,0
1314,2,2,455,25,C,19,0,136,21,29,0.724,0,0,,21,29,0.724,0.724,5,15,0.333,16,36,52,3,1,20,6,22,47,0
1164,4,2,456,19,C,19,4,115,18,36,0.5,1,7,0.143,17,29,0.586,0.514,9,11,0.818,6,21,27,2,1,5,5,13,46,0
2107,27,2,457,24,SG,20,0,121,16,35,0.457,1,6,0.167,15,29,0.517,0.471,13,16,0.813,3,8,11,8,8,2,10,18,46,0
1260,17,2,458,24,PF,14,1,141,16,40,0.4,1,8,0.125,15,32,0.469,0.413,11,14,0.786,8,26,34,8,7,6,3,16,44,0
1576,26,2,459,21,SF,6,1,85,17,34,0.5,4,11,0.364,13,23,0.565,0.559,6,6,1.0,5,13,18,9,7,3,4,9,44,0
1337,22,2,460,24,PF,7,0,101,13,28,0.464,5,15,0.333,8,13,0.615,0.554,12,13,0.923,6,8,14,5,3,3,2,8,43,0
1800,11,2,461,24,SF,4,0,87,19,33,0.576,4,13,0.308,15,20,0.75,0.636,1,4,0.25,5,16,21,5,2,4,3,11,43,0
1455,7,2,462,21,SG,21,0,93,15,42,0.357,4,19,0.211,11,23,0.478,0.405,7,10,0.7,1,8,9,8,7,2,5,8,41,0
1972,9,2,463,20,SG,20,0,133,14,40,0.35,10,28,0.357,4,12,0.333,0.475,3,6,0.5,0,29,29,5,2,0,5,9,41,0
2150,30,2,464,22,PG,22,0,98,14,33,0.424,8,17,0.471,6,16,0.375,0.545,5,6,0.833,0,9,9,12,2,1,5,8,41,0
2037,19,2,465,26,SG,14,1,73,7,21,0.333,3,9,0.333,4,12,0.333,0.405,0,2,0.0,1,4,5,4,5,1,4,3,17,0
2037,22,2,465,26,SG,7,0,144,8,25,0.32,4,14,0.286,4,11,0.364,0.4,4,6,0.667,2,11,13,17,8,1,3,12,24,0
1129,21,2,466,23,SG,9,1,152,13,43,0.302,5,21,0.238,8,22,0.364,0.36,9,10,0.9,3,14,17,9,4,2,6,19,40,0
1874,26,2,467,19,SG,13,0,94,15,38,0.395,5,19,0.263,10,19,0.526,0.461,5,5,1.0,2,8,10,6,4,1,3,8,40,0
1155,14,2,468,24,PF,20,1,98,17,29,0.586,0,0,,17,29,0.586,0.586,5,11,0.455,12,20,32,1,5,4,5,8,39,0
1687,15,2,469,24,SF,18,0,158,13,33,0.394,5,22,0.227,8,11,0.727,0.47,8,8,1.0,6,13,19,4,2,3,4,8,39,0
1254,6,2,470,30,PG,13,1,224,14,56,0.25,4,25,0.16,10,31,0.323,0.286,4,4,1.0,6,18,24,58,4,1,6,21,36,0
1999,12,2,471,21,SG,24,0,93,13,43,0.302,3,13,0.231,10,30,0.333,0.337,7,9,0.778,8,12,20,1,1,2,1,14,36,0
1740,29,2,472,23,PF,29,0,147,14,30,0.467,4,13,0.308,10,17,0.588,0.533,3,7,0.429,9,19,28,9,4,1,4,21,35,0
1944,13,2,473,20,SG,4,1,84,14,36,0.389,2,9,0.222,12,27,0.444,0.417,5,5,1.0,2,12,14,1,4,0,7,5,35,0
1161,22,2,474,24,PG,8,0,74,11,28,0.393,6,16,0.375,5,12,0.417,0.5,6,7,0.857,0,5,5,1,5,1,2,9,34,0
2058,23,2,475,23,PG,14,0,68,9,18,0.5,2,7,0.286,7,11,0.636,0.556,14,19,0.737,1,10,11,6,2,0,4,8,34,0
1963,16,2,476,24,PF,11,0,83,9,13,0.692,1,1,1.0,8,12,0.667,0.731,11,15,0.733,7,18,25,6,1,5,9,20,30,0
1963,26,2,476,24,PF,4,0,9,1,3,0.333,0,0,,1,3,0.333,0.333,0,0,,0,2,2,0,0,1,1,4,2,0
1480,29,2,477,22,SF,18,0,64,10,30,0.333,8,23,0.348,2,7,0.286,0.467,3,4,0.75,1,8,9,6,1,1,6,1,31,0
1595,3,2,478,22,PF,5,0,16,1,3,0.333,1,2,0.5,0,1,0.0,0.5,0,0,,0,3,3,2,0,0,0,1,3,0
1595,11,2,478,22,SF,11,0,75,5,21,0.238,2,15,0.133,3,6,0.5,0.286,1,2,0.5,2,9,11,4,6,4,9,7,13,0
1595,17,2,478,22,SF,5,0,34,5,8,0.625,3,4,0.75,2,4,0.5,0.813,2,2,1.0,3,6,9,4,3,0,4,8,15,0
1646,6,2,479,23,C,8,0,76,10,18,0.556,0,2,0.0,10,16,0.625,0.556,10,11,0.909,8,10,18,4,2,4,3,7,30,0
1975,10,2,480,20,PF,15,1,84,11,27,0.407,4,10,0.4,7,17,0.412,0.481,2,6,0.333,6,10,16,4,3,5,5,11,28,0
1462,25,2,481,26,PF,11,1,107,9,18,0.5,0,1,0.0,9,17,0.529,0.5,9,16,0.563,11,15,26,13,2,4,2,15,27,0
1667,22,2,482,26,PG,4,1,79,9,24,0.375,2,5,0.4,7,19,0.368,0.417,5,7,0.714,3,9,12,12,0,0,5,7,25,0
1824,10,2,483,28,PG,10,0,40,10,13,0.769,2,4,0.5,8,9,0.889,0.846,3,4,0.75,2,9,11,1,6,1,1,8,25,0
1276,5,2,484,21,PG,11,0,50,11,21,0.524,1,7,0.143,10,14,0.714,0.548,0,0,,2,3,5,7,4,0,0,3,23,0
1313,6,2,485,25,SG,6,3,116,10,26,0.385,2,11,0.182,8,15,0.533,0.423,1,2,0.5,2,15,17,13,4,2,7,9,23,0
1317,5,2,486,28,C,18,0,84,7,13,0.538,0,2,0.0,7,11,0.636,0.538,9,16,0.563,10,16,26,9,4,0,4,10,23,0
2027,19,2,487,31,PG,3,0,48,9,27,0.333,3,12,0.25,6,15,0.4,0.389,2,2,1.0,1,3,4,5,1,0,6,3,23,0
1662,6,2,488,24,PG,9,0,75,9,33,0.273,3,12,0.25,6,21,0.286,0.318,1,5,0.2,2,5,7,4,5,2,6,1,22,0
1849,15,2,489,21,PF,11,0,54,8,15,0.533,3,8,0.375,5,7,0.714,0.633,3,5,0.6,4,10,14,1,3,1,7,12,22,0
1906,21,2,490,23,PG,9,0,88,7,21,0.333,4,14,0.286,3,7,0.429,0.429,3,5,0.6,1,6,7,9,3,0,2,10,21,0
1269,3,2,491,27,SG,3,3,64,6,16,0.375,2,7,0.286,4,9,0.444,0.438,6,6,1.0,0,13,13,9,2,1,5,4,20,0
2154,26,2,492,21,SF,13,0,45,8,20,0.4,1,6,0.167,7,14,0.5,0.425,3,8,0.375,4,12,16,2,0,3,1,4,20,0
1827,3,2,493,27,C,3,0,28,3,7,0.429,0,0,,3,7,0.429,0.429,0,0,,3,4,7,0,0,3,3,9,6,0
1827,26,2,493,27,C,1,0,4,0,1,0.0,0,0,,0,1,0.0,0.0,3,4,0.75,1,0,1,1,0,0,0,1,3,0
1827,20,2,493,27,C,9,0,52,5,7,0.714,0,0,,5,7,0.714,0.714,1,2,0.5,2,9,11,1,1,6,0,4,11,0
1081,7,2,494,22,SF,18,0,71,7,22,0.318,1,4,0.25,6,18,0.333,0.341,3,5,0.6,8,11,19,3,0,1,3,6,18,0
1897,4,2,495,23,PG,7,0,27,8,12,0.667,2,4,0.5,6,8,0.75,0.75,0,0,,0,1,1,3,1,0,1,0,18,0
1154,11,2,496,25,PF,6,0,36,8,17,0.471,0,5,0.0,8,12,0.667,0.471,1,2,0.5,3,11,14,1,0,2,4,6,17,0
2043,23,2,497,35,PF,11,0,99,4,17,0.235,4,14,0.286,0,3,0.0,0.353,5,6,0.833,3,7,10,2,3,2,3,7,17,0
1035,29,2,498,21,C,15,0,57,4,9,0.444,0,0,,4,9,0.444,0.444,8,10,0.8,4,9,13,0,1,4,3,9,16,0
1141,17,2,499,25,SG,1,0,32,6,13,0.462,1,5,0.2,5,8,0.625,0.5,3,3,1.0,2,4,6,3,0,1,4,4,16,0
1302,28,2,500,24,PF,2,0,38,5,14,0.357,2,9,0.222,3,5,0.6,0.429,3,4,0.75,3,9,12,5,0,0,0,7,15,0
1728,5,2,501,22,SG,14,0,56,7,19,0.368,1,10,0.1,6,9,0.667,0.395,0,1,0.0,1,4,5,5,2,1,5,5,15,0
1782,19,2,502,30,SF,9,0,48,5,13,0.385,4,12,0.333,1,1,1.0,0.538,1,2,0.5,2,7,9,3,0,0,2,1,15,0
1893,4,2,503,23,PF,18,0,63,4,9,0.444,0,1,0.0,4,8,0.5,0.444,7,11,0.636,4,7,11,2,0,0,3,7,15,0
1073,30,2,504,26,C,5,1,67,7,20,0.35,0,2,0.0,7,18,0.389,0.35,0,0,,6,13,19,5,3,3,3,5,14,0
1073,10,2,504,26,C,1,0,15,0,2,0.0,0,0,,0,2,0.0,0.0,1,2,0.5,1,4,5,2,0,2,1,2,1,0
1889,27,2,505,25,SF,3,0,6,1,2,0.5,0,0,,1,2,0.5,0.5,0,0,,0,0,0,0,0,0,0,0,2,0
1889,11,2,505,25,SF,2,0,34,5,16,0.313,3,12,0.25,2,4,0.5,0.406,0,0,,2,3,5,2,0,0,0,2,13,0
2050,17,2,506,28,SF,8,1,61,4,11,0.364,1,2,0.5,3,9,0.333,0.409,5,7,0.714,0,6,6,4,2,3,0,6,14,0
1119,12,2,507,26,C,5,0,29,5,8,0.625,0,0,,5,8,0.625,0.625,3,3,1.0,2,6,8,1,0,5,4,4,13,0
1191,10,2,508,23,PF,2,0,27,5,14,0.357,1,5,0.2,4,9,0.444,0.393,2,4,0.5,3,10,13,2,0,2,2,3,13,0
2069,6,2,509,38,C,5,0,36,4,16,0.25,0,1,0.0,4,15,0.267,0.25,5,9,0.556,7,13,20,3,0,2,1,3,13,0
1023,14,2,510,23,PF,15,0,56,3,10,0.3,0,0,,3,10,0.3,0.3,6,13,0.462,4,15,19,1,2,4,11,8,12,0
1090,25,2,511,25,SF,17,0,75,5,20,0.25,2,8,0.25,3,12,0.25,0.3,0,0,,3,7,10,4,2,0,5,8,12,0
1609,25,2,512,23,PF,7,0,35,5,10,0.5,0,0,,5,10,0.5,0.5,2,2,1.0,0,5,5,1,2,1,2,1,12,0
1650,22,2,513,20,PG,10,0,88,3,13,0.231,1,2,0.5,2,11,0.182,0.269,4,5,0.8,1,13,14,4,0,2,3,10,11,0
2021,7,2,514,20,PG,11,0,56,5,16,0.313,0,7,0.0,5,9,0.556,0.313,1,3,0.333,0,6,6,6,5,0,2,2,11,0
1616,16,2,515,28,C,3,2,29,3,7,0.429,3,7,0.429,0,0,,0.643,1,2,0.5,0,7,7,2,0,0,2,5,10,0
1011,24,2,516,22,SG,15,0,47,3,12,0.25,2,9,0.222,1,3,0.333,0.333,1,2,0.5,2,8,10,6,0,1,3,2,9,0
1242,4,2,517,22,SG,7,0,26,2,7,0.286,2,7,0.286,0,0,,0.429,3,3,1.0,1,0,1,1,0,1,1,1,9,0
1340,15,2,518,30,PG,5,0,62,3,20,0.15,0,8,0.0,3,12,0.25,0.15,2,6,0.333,0,8,8,16,2,1,4,7,8,0
1632,19,2,519,21,SF,3,0,56,3,13,0.231,2,8,0.25,1,5,0.2,0.308,0,0,,1,2,3,3,2,0,3,5,8,0
1843,23,2,520,27,C,10,0,39,3,12,0.25,0,1,0.0,3,11,0.273,0.25,2,6,0.333,6,8,14,2,0,3,4,8,8,0
1096,6,2,521,22,C,6,0,29,1,3,0.333,0,0,,1,3,0.333,0.333,5,8,0.625,3,3,6,0,2,2,2,0,7,0
1285,14,2,522,35,PF,12,0,81,2,9,0.222,2,6,0.333,0,3,0.0,0.333,0,0,,4,17,21,5,1,1,2,7,6,0
1901,3,2,523,29,SG,5,0,63,2,14,0.143,1,8,0.125,1,6,0.167,0.179,1,2,0.5,7,8,15,4,3,1,2,4,6,0
1287,1,2,524,26,PG,4,0,45,1,12,0.083,0,2,0.0,1,10,0.1,0.083,3,4,0.75,0,6,6,2,2,2,3,10,5,0
1610,12,2,525,20,PG,4,0,12,1,9,0.111,0,1,0.0,1,8,0.125,0.111,3,3,1.0,2,3,5,2,0,0,0,0,5,0
1679,28,2,526,25,SF,5,0,33,1,1,1.0,0,0,,1,1,1.0,1.0,3,3,1.0,1,2,3,4,2,0,0,6,5,0
1431,16,2,527,40,C,1,0,3,2,2,1.0,0,0,,2,2,1.0,1.0,0,0,,0,1,1,0,0,0,0,0,4,0
1994,11,2,528,23,C,2,0,19,2,4,0.5,0,1,0.0,2,3,0.667,0.5,0,2,0.0,2,2,4,0,0,2,3,3,4,0
1106,12,2,529,22,SF,6,0,15,1,4,0.25,0,1,0.0,1,3,0.333,0.25,1,1,1.0,0,3,3,0,0,0,0,1,3,0
1323,13,2,530,23,PF,3,0,11,1,3,0.333,1,2,0.5,0,1,0.0,0.5,0,0,,0,3,3,0,0,0,0,3,3,0
1420,20,2,531,23,PG,8,0,16,0,4,0.0,0,1,0.0,0,3,0.0,0.0,3,4,0.75,0,2,2,1,0,0,3,1,3,0
1002,17,2,532,24,PG,7,0,18,1,8,0.125,0,2,0.0,1,6,0.167,0.125,0,0,,0,3,3,2,0,0,0,1,2,0
1318,23,2,533,22,SG,13,0,49,1,7,0.143,0,5,0.0,1,2,0.5,0.143,0,0,,0,1,1,2,1,0,4,7,2,0
1837,20,2,534,25,SG,17,0,34,1,9,0.111,0,8,0.0,1,1,1.0,0.111,0,0,,0,5,5,1,0,0,1,4,2,0
1961,3,2,535,30,SG,2,0,11,1,4,0.25,0,3,0.0,1,1,1.0,0.25,0,0,,1,0,1,0,1,0,1,0,2,0
1404,18,2,536,21,PG,2,0,4,0,0,,0,0,,0,0,,,0,0,,0,0,0,0,0,0,1,0,0,0
1644,19,2,537,22,C,1,0,3,0,1,0.0,0,1,0.0,0,0,,0.0,0,0,,0,0,0,0,0,0,1,1,0,0
1818,30,2,538,25,C,1,0,6,0,1,0.0,0,1,0.0,0,0,,0.0,0,0,,1,0,1,1,0,0,5,2,0,0
2073,3,2,539,25,C,4,0,11,0,3,0.0,0,2,0.0,0,1,0.0,0.0,0,0,,0,1,1,1,0,0,2,2,0,0
2119,8,2,540,27,PF,4,0,12,0,3,0.0,0,2,0.0,0,1,0.0,0.0,0,0,,0,0,0,0,0,0,0,0,0,0
2166,1,3,1,23,PG,76,76,2652,711,1544,0.46,233,610,0.382,478,934,0.512,0.536,500,553,0.904,50,234,284,737,72,7,303,128,2155,0
1258,5,3,2,32,PF,76,76,2743,774,1535,0.504,50,142,0.352,724,1393,0.52,0.521,520,593,0.877,56,336,392,374,68,24,181,178,2118,0
1305,23,3,3,27,C,68,68,2297,666,1334,0.499,93,251,0.371,573,1083,0.529,0.534,654,803,0.814,146,650,796,284,77,99,214,181,2079,2
2014,2,3,4,23,SF,76,76,2731,708,1564,0.453,230,651,0.353,478,913,0.524,0.526,400,469,0.853,85,524,609,334,75,49,217,174,2046,0
1539,8,3,5,26,C,74,74,2476,764,1311,0.583,97,288,0.337,667,1023,0.652,0.62,379,468,0.81,206,813,1019,584,109,63,281,191,2004,19
1022,17,3,6,27,PF,67,67,2204,689,1245,0.553,71,242,0.293,618,1003,0.616,0.582,553,766,0.722,134,644,778,388,72,91,219,212,2002,4
1271,7,3,7,22,PG,65,65,2301,641,1403,0.457,201,569,0.353,440,834,0.528,0.529,364,489,0.744,56,537,593,568,75,36,292,145,1847,10
1101,24,3,8,25,SG,68,68,2345,662,1421,0.466,183,478,0.383,479,943,0.508,0.53,315,363,0.868,45,297,342,329,77,26,162,180,1822,0
2051,18,3,9,26,C,74,74,2476,642,1214,0.529,150,366,0.41,492,848,0.58,0.591,384,467,0.822,194,533,727,269,72,83,226,267,1818,1
1723,29,3,10,25,SG,67,67,2266,617,1376,0.448,232,654,0.355,385,722,0.533,0.533,267,313,0.853,55,227,282,358,99,12,200,164,1733,0
1512,14,3,11,37,C,56,56,2084,640,1221,0.524,161,448,0.359,479,773,0.62,0.59,254,336,0.756,63,396,459,349,73,59,196,121,1695,6
1289,3,3,12,33,PF,55,55,2047,578,1115,0.518,115,300,0.383,463,815,0.568,0.57,372,409,0.91,29,378,407,351,48,52,191,113,1643,4
1605,5,3,13,26,SG,67,67,2328,565,1186,0.476,185,475,0.389,380,711,0.534,0.554,320,375,0.853,22,286,308,303,41,23,171,120,1635,0
1238,10,3,14,33,PG,64,64,2211,535,1224,0.437,285,750,0.38,250,474,0.527,0.554,275,298,0.923,34,301,335,404,85,23,206,130,1630,2
1118,4,3,15,23,PF,80,80,2837,596,1214,0.491,154,465,0.331,442,749,0.59,0.554,267,333,0.802,90,469,559,300,74,67,150,193,1613,0
1739,15,3,16,22,PG,57,57,1889,580,1177,0.493,88,256,0.344,492,921,0.534,0.53,316,415,0.761,77,248,325,384,66,22,196,86,1564,1
1133,2,3,17,25,SF,66,66,2220,576,1217,0.473,166,464,0.358,410,753,0.544,0.541,241,318,0.758,53,351,404,231,70,18,178,163,1559,2
1962,28,3,18,27,PF,68,68,2578,596,1207,0.494,75,218,0.344,521,989,0.527,0.525,284,379,0.749,128,452,580,360,85,42,181,225,1551,2
1295,18,3,19,20,SG,72,72,2466,549,1245,0.441,215,602,0.357,334,643,0.519,0.527,220,280,0.786,62,281,343,275,105,46,190,164,1533,0
1044,4,3,20,20,PG,75,75,2422,538,1254,0.429,220,565,0.389,318,689,0.462,0.517,212,243,0.872,108,393,501,571,119,30,245,237,1508,5
1353,6,3,21,22,PG,68,68,2430,542,1173,0.462,174,454,0.383,368,719,0.512,0.536,215,241,0.892,39,185,224,583,89,7,248,115,1473,1
1876,20,3,22,27,PF,72,72,2544,512,1246,0.411,120,390,0.308,392,856,0.458,0.459,303,401,0.756,125,591,716,370,53,39,245,205,1447,1
2111,14,3,23,33,PG,78,78,2678,548,1233,0.444,79,265,0.298,469,968,0.485,0.476,266,399,0.667,110,470,580,550,75,20,295,235,1441,10
1751,27,3,24,25,PG,68,68,2366,573,1241,0.462,96,294,0.327,477,947,0.504,0.5,196,247,0.794,80,483,563,627,138,23,180,138,1438,13
1415,3,3,25,32,PG,44,44,1627,292,706,0.414,102,307,0.332,190,399,0.476,0.486,304,350,0.869,42,309,351,447,56,31,212,105,990,9
1415,23,3,25,32,PG,21,21,792,115,286,0.402,46,141,0.326,69,145,0.476,0.483,166,186,0.892,13,136,149,220,26,5,72,48,442,2
1916,4,3,26,27,SG,73,73,2458,518,1167,0.444,222,593,0.374,296,574,0.516,0.539,150,176,0.852,56,259,315,326,93,25,96,119,1408,1
1847,10,3,27,22,SG,76,51,2283,474,1058,0.448,211,580,0.364,263,478,0.55,0.548,246,266,0.925,34,226,260,304,60,23,187,206,1405,0
1056,20,3,28,21,SF,70,70,2417,487,1194,0.408,138,404,0.342,349,790,0.442,0.466,290,406,0.714,66,342,408,208,43,16,151,142,1402,0
1048,15,3,29,23,SG,76,76,2266,508,1101,0.461,228,523,0.436,280,578,0.484,0.565,140,155,0.903,46,288,334,208,92,29,111,196,1384,0
1367,21,3,30,23,PG,56,56,1942,477,1052,0.453,89,297,0.3,388,755,0.514,0.496,328,405,0.81,37,241,278,331,71,46,154,142,1371,1
1681,25,3,31,30,SG,36,36,1267,290,665,0.436,111,289,0.384,179,376,0.476,0.52,48,68,0.706,34,119,153,163,36,21,70,77,739,0
1681,19,3,31,30,PG,26,26,878,246,499,0.493,71,180,0.394,175,319,0.549,0.564,68,102,0.667,19,97,116,152,34,1,57,44,631,0
1336,26,3,32,24,PG,59,59,2084,516,1092,0.473,74,249,0.297,442,843,0.524,0.506,261,348,0.75,25,206,231,330,68,25,168,172,1367,0
1446,16,3,33,22,SG,66,10,2151,501,1122,0.447,175,439,0.399,326,683,0.477,0.525,190,219,0.868,32,297,329,263,44,8,174,95,1367,0
1705,17,3,34,30,SF,66,66,2141,452,1021,0.443,162,434,0.373,290,587,0.494,0.522,259,291,0.89,41,315,356,358,76,18,190,160,1325,0
1080,9,3,35,22,SF,82,82,2704,450,1136,0.396,211,610,0.346,239,526,0.454,0.489,210,254,0.827,107,334,441,233,73,16,96,128,1321,0
2068,28,3,36,27,PG,65,65,2462,442,1097,0.403,242,642,0.377,200,455,0.44,0.513,194,222,0.874,44,245,289,434,111,35,170,162,1320,1
2065,19,3,37,29,C,74,74,2240,510,938,0.544,57,158,0.361,453,780,0.581,0.574,237,289,0.82,226,617,843,190,41,60,179,247,1314,0
1673,23,3,38,21,PG,75,74,2650,483,995,0.485,132,309,0.427,351,686,0.512,0.552,213,246,0.866,26,214,240,321,55,32,88,156,1311,0
2074,5,3,39,31,C,73,73,2418,546,1154,0.473,104,331,0.314,442,823,0.537,0.518,92,121,0.76,142,662,804,236,70,71,136,181,1288,0
1139,7,3,40,25,SG,79,61,2524,506,1008,0.502,94,252,0.373,412,756,0.545,0.549,179,213,0.84,43,266,309,377,66,3,124,151,1285,0
2054,28,3,41,23,SG,70,69,2448,450,1086,0.414,209,545,0.383,241,541,0.445,0.511,174,204,0.853,26,165,191,141,122,19,73,144,1283,0
1532,27,3,42,22,SF,75,74,2392,471,1011,0.466,159,399,0.398,312,612,0.51,0.545,177,234,0.756,80,377,457,158,58,14,92,148,1278,0
1503,15,3,43,22,PF,78,78,2126,430,1036,0.415,128,401,0.319,302,635,0.476,0.477,284,345,0.823,119,335,454,86,73,177,130,272,1272,0
1198,29,3,44,29,SG,79,1,2141,466,1113,0.419,190,597,0.318,276,516,0.535,0.504,144,174,0.828,67,206,273,194,66,16,129,149,1266,0
1053,26,3,45,29,PF,77,77,2580,391,834,0.469,142,360,0.394,249,474,0.525,0.554,341,413,0.826,82,350,432,186,53,14,118,94,1265,0
1449,26,3,46,29,SG,55,6,1574,265,693,0.382,182,495,0.368,83,198,0.419,0.514,80,92,0.87,43,178,221,105,48,15,90,113,792,0
1449,12,3,46,29,SG,26,26,925,181,405,0.447,80,221,0.362,101,184,0.549,0.546,31,35,0.886,23,109,132,124,25,10,63,71,473,0
1507,13,3,47,31,SG,75,75,2337,479,1222,0.392,167,512,0.326,312,710,0.439,0.46,138,163,0.847,39,232,271,359,55,15,173,159,1263,0
1428,23,3,48,29,PF,73,73,2543,493,1022,0.482,101,275,0.367,392,747,0.525,0.532,170,202,0.842,77,419,496,252,47,43,116,164,1257,1
2122,10,3,49,26,SF,73,73,2330,475,1019,0.466,157,399,0.393,318,620,0.513,0.543,149,235,0.634,85,240,325,161,76,51,111,158,1256,0
1093,29,3,50,32,PF,69,69,2131,422,928,0.455,181,468,0.387,241,460,0.524,0.552,223,260,0.858,58,238,296,120,34,1,118,116,1248,0
1493,19,3,51,24,SF,55,55,1869,453,983,0.461,74,226,0.327,379,757,0.501,0.498,266,322,0.826,35,285,320,307,34,26,151,119,1246,0
1459,17,3,52,31,PG,67,64,2208,478,954,0.501,132,321,0.411,346,633,0.547,0.57,137,180,0.761,69,232,301,457,108,29,183,133,1225,0
1151,16,3,53,32,SF,57,57,1931,398,829,0.48,27,116,0.233,371,713,0.52,0.496,396,455,0.87,102,234,336,312,94,27,121,88,1219,4
2155,11,3,54,26,C,68,67,2094,440,878,0.501,131,336,0.39,309,542,0.57,0.576,207,332,0.623,110,576,686,155,54,65,126,171,1218,0
2077,22,3,55,20,SF,79,79,2429,456,975,0.468,96,271,0.354,360,704,0.511,0.517,189,219,0.863,84,272,356,231,68,34,119,164,1197,0
1405,26,3,56,21,SG,51,51,1757,268,586,0.457,104,252,0.413,164,334,0.491,0.546,87,104,0.837,39,160,199,379,86,34,115,71,727,0
1405,12,3,56,21,PG,26,26,938,162,323,0.502,57,137,0.416,105,186,0.565,0.59,73,86,0.849,22,90,112,249,48,15,84,50,454,0
1919,18,3,57,25,PG,65,65,2077,401,975,0.411,176,518,0.34,225,457,0.492,0.502,198,240,0.825,25,191,216,460,62,22,165,130,1176,0
1922,12,3,58,25,PF,47,46,1632,331,571,0.58,35,108,0.324,296,463,0.639,0.61,191,258,0.74,155,412,567,236,46,22,143,146,888,5
1922,26,3,58,25,PF,15,15,504,112,202,0.554,4,17,0.235,108,185,0.584,0.564,55,74,0.743,46,139,185,87,13,5,52,57,283,0
1117,24,3,59,25,SF,82,82,2854,458,858,0.534,115,312,0.369,343,546,0.628,0.601,131,157,0.834,74,273,347,185,96,36,68,150,1162,0
1393,11,3,60,19,SG,67,67,2138,406,954,0.426,157,458,0.343,249,496,0.502,0.508,188,236,0.797,33,193,226,176,44,18,135,103,1157,0
1809,4,3,61,26,SF,76,13,1999,410,932,0.44,191,553,0.345,219,379,0.578,0.542,126,189,0.667,79,223,302,84,77,31,67,189,1137,0
1054,28,3,62,20,PF,74,74,2617,459,932,0.492,58,193,0.301,401,739,0.543,0.524,158,215,0.735,195,362,557,256,80,55,136,192,1134,0
1596,30,3,63,26,PF,66,66,2204,423,936,0.452,128,375,0.341,295,561,0.526,0.52,156,219,0.712,70,491,561,233,42,57,169,128,1130,1
1377,8,3,64,26,PF,75,75,2376,434,834,0.52,87,260,0.335,347,574,0.605,0.573,171,230,0.743,125,314,439,188,44,44,133,148,1126,0
1335,20,3,65,29,SG,80,80,2358,402,965,0.417,241,619,0.389,161,346,0.465,0.541,80,113,0.708,34,176,210,171,79,20,105,180,1125,0
1236,9,3,66,20,SG,64,64,2088,429,1031,0.416,114,363,0.314,315,668,0.472,0.471,142,168,0.845,58,296,354,356,78,43,234,200,1114,2
1004,16,3,67,24,C,56,56,1825,406,729,0.557,0,6,0.0,406,723,0.562,0.557,256,340,0.753,137,427,564,190,80,44,148,171,1068,0
1026,22,3,68,21,PG,65,65,2059,357,912,0.391,132,391,0.338,225,521,0.432,0.464,216,253,0.854,32,316,348,369,46,17,170,171,1062,0
1853,17,3,69,26,C,72,59,2028,417,871,0.479,133,338,0.393,284,533,0.533,0.555,85,113,0.752,180,477,657,86,53,51,90,174,1052,0
1730,14,3,70,23,SG,76,37,2139,391,826,0.473,173,442,0.391,218,384,0.568,0.578,93,117,0.795,37,219,256,218,61,29,122,138,1048,0
1057,8,3,71,31,SG,71,71,2277,392,896,0.438,157,430,0.365,235,466,0.504,0.525,102,127,0.803,44,296,340,276,55,31,127,114,1043,0
1725,6,3,72,20,PF,69,69,2331,422,830,0.508,23,92,0.25,399,738,0.541,0.522,167,252,0.663,143,427,570,174,56,115,133,147,1034,0
1854,7,3,73,26,PF,34,34,1002,229,508,0.451,49,173,0.283,180,335,0.537,0.499,147,170,0.865,64,197,261,69,25,59,53,88,654,0
1854,30,3,73,26,PF,17,17,479,123,259,0.475,29,79,0.367,94,180,0.522,0.531,101,116,0.871,38,112,150,50,12,25,28,49,376,0
1372,29,3,74,29,C,66,66,2120,362,508,0.713,0,4,0.0,362,504,0.718,0.713,303,439,0.69,241,727,968,72,45,137,119,176,1027,0
1157,30,3,75,28,SG,77,77,2329,361,829,0.435,159,408,0.39,202,421,0.48,0.531,137,154,0.89,41,220,261,145,83,26,97,139,1018,0
1634,6,3,76,33,C,74,4,1665,327,761,0.43,187,477,0.392,140,284,0.493,0.553,166,198,0.838,87,449,536,160,26,18,98,101,1007,0
1034,24,3,77,23,C,58,58,1713,442,697,0.634,7,19,0.368,435,678,0.642,0.639,106,142,0.746,149,444,593,84,40,40,91,142,997,0
2115,27,3,78,27,SG,49,48,1486,243,570,0.426,81,258,0.314,162,312,0.519,0.497,139,160,0.869,25,148,173,274,49,42,87,116,706,0
2115,2,3,78,27,SG,26,4,713,94,230,0.409,34,111,0.306,60,119,0.504,0.483,64,75,0.853,13,75,88,92,15,16,32,56,286,0
1966,25,3,79,22,SG,57,30,1681,353,797,0.443,179,442,0.405,174,355,0.49,0.555,103,116,0.888,26,125,151,221,30,6,115,110,988,0
1213,29,3,80,34,PG,72,72,2058,344,791,0.435,169,414,0.408,175,377,0.464,0.542,129,162,0.796,47,170,217,385,96,21,123,142,986,0
1618,12,3,81,27,SG,39,39,1214,278,622,0.447,61,189,0.323,217,433,0.501,0.496,111,146,0.76,30,120,150,173,35,18,75,91,728,0
1618,6,3,81,27,SG,19,10,567,101,232,0.435,21,67,0.313,80,165,0.485,0.481,35,47,0.745,13,51,64,75,16,5,33,40,258,0
1237,23,3,82,31,SG,45,45,1566,256,528,0.485,100,250,0.4,156,278,0.561,0.58,64,73,0.877,17,134,151,181,36,11,84,101,676,0
1237,3,3,82,31,SG,19,19,569,104,211,0.493,58,124,0.468,46,87,0.529,0.63,18,21,0.857,4,45,49,49,17,3,25,47,284,0
1821,24,3,83,36,PG,65,65,2139,363,736,0.493,63,199,0.317,300,537,0.559,0.536,169,202,0.837,22,261,283,702,121,20,153,134,958,2
1069,18,3,84,25,SG,79,18,1976,332,850,0.391,240,637,0.377,92,213,0.432,0.532,49,60,0.817,26,201,227,116,43,12,43,88,953,0
1092,1,3,85,29,SG,63,27,1848,342,794,0.431,169,459,0.368,173,335,0.516,0.537,97,115,0.843,29,221,250,194,68,14,70,132,950,0
1850,11,3,86,21,PG,61,61,1907,335,808,0.415,155,413,0.375,180,395,0.456,0.511,124,193,0.642,43,224,267,376,69,22,192,156,949,1
1744,8,3,87,26,PG,75,74,2239,374,773,0.484,124,314,0.395,250,459,0.545,0.564,73,84,0.869,27,199,226,333,56,14,78,92,945,0
1147,20,3,88,30,SG,81,44,2318,285,728,0.391,157,389,0.404,128,339,0.378,0.499,217,264,0.822,47,350,397,239,85,26,91,215,944,0
1422,30,3,89,28,C,46,3,1117,247,383,0.645,4,15,0.267,243,368,0.66,0.65,149,205,0.727,96,213,309,96,18,31,50,88,647,0
1422,4,3,89,28,C,25,0,524,111,172,0.645,0,2,0.0,111,170,0.653,0.645,63,91,0.692,53,69,122,49,11,12,22,49,285,0
1172,22,3,90,22,PF,62,61,1852,359,684,0.525,70,214,0.327,289,470,0.615,0.576,143,207,0.691,139,509,648,171,36,43,117,169,931,0
1068,30,3,91,28,SG,40,40,1439,348,771,0.451,63,210,0.3,285,561,0.508,0.492,169,203,0.833,38,151,189,265,36,15,135,95,928,0
1244,14,3,92,28,C,40,40,1404,370,695,0.532,13,70,0.186,357,625,0.571,0.542,174,244,0.713,106,288,394,122,49,90,82,97,927,0
1715,3,3,93,33,SG,81,48,2346,324,794,0.408,227,568,0.4,97,226,0.429,0.551,48,59,0.814,18,138,156,183,51,17,73,112,923,0
1025,14,3,94,37,PF,69,3,1793,319,723,0.441,149,397,0.375,170,326,0.521,0.544,132,159,0.83,62,226,288,68,47,52,59,166,919,0
2013,11,3,95,26,PF,78,77,2056,363,729,0.498,63,202,0.312,300,527,0.569,0.541,130,184,0.707,135,285,420,222,72,41,139,286,919,0
1269,30,3,96,28,PG,44,44,1330,185,492,0.376,70,226,0.31,115,266,0.432,0.447,116,143,0.811,36,171,207,256,27,7,73,107,556,1
1269,7,3,96,28,PG,23,7,650,121,243,0.498,42,104,0.404,79,139,0.568,0.584,79,109,0.725,9,63,72,90,17,6,31,43,363,0
1842,27,3,97,26,C,68,67,1970,410,663,0.618,1,1,1.0,409,662,0.618,0.619,94,190,0.495,262,372,634,189,45,118,109,212,915,0
1013,6,3,98,23,C,56,56,1810,369,545,0.677,1,10,0.1,368,535,0.688,0.678,165,233,0.708,192,410,602,92,44,75,94,97,904,0
1382,9,3,99,27,PF,47,47,1500,298,699,0.426,91,254,0.358,207,445,0.465,0.491,217,259,0.838,28,163,191,111,44,49,85,107,904,0
1380,19,3,100,26,PG,76,63,2162,296,815,0.363,192,563,0.341,104,252,0.413,0.481,118,140,0.843,37,140,177,316,71,12,105,95,902,0
1656,6,3,101,24,SF,61,61,1878,313,703,0.445,136,380,0.358,177,323,0.548,0.542,138,159,0.868,59,286,345,81,45,30,54,130,900,0
1478,1,3,102,23,SF,74,60,2188,345,760,0.454,160,411,0.389,185,349,0.53,0.559,42,52,0.808,32,222,254,203,55,26,91,185,892,0
1872,20,3,103,22,PG,78,3,1802,284,724,0.392,137,396,0.346,147,328,0.448,0.487,177,201,0.881,31,216,247,275,54,3,99,167,882,2
1322,7,3,104,28,PF,80,80,2644,326,692,0.471,172,435,0.395,154,257,0.599,0.595,56,83,0.675,122,253,375,150,88,39,80,183,880,0
1273,21,3,105,22,SG,51,51,1665,293,726,0.404,130,391,0.332,163,335,0.487,0.493,161,191,0.843,38,174,212,88,46,18,88,149,877,0
1209,1,3,106,24,PF,54,53,1663,339,644,0.526,64,176,0.364,275,468,0.588,0.576,134,169,0.793,93,329,422,98,33,56,60,164,876,0
1652,13,3,107,25,SF,81,33,2317,334,690,0.484,76,208,0.365,258,482,0.535,0.539,128,164,0.78,104,321,425,209,55,21,84,178,872,0
2070,27,3,108,21,SF,71,32,1937,326,764,0.427,137,380,0.361,189,384,0.492,0.516,83,99,0.838,44,262,306,136,76,41,58,143,872,0
1941,2,3,109,28,PG,49,25,1433,257,584,0.44,67,192,0.349,190,392,0.485,0.497,123,145,0.848,28,136,164,208,41,5,104,116,704,0
1941,11,3,109,28,PG,15,4,404,55,140,0.393,19,58,0.328,36,82,0.439,0.461,34,39,0.872,6,44,50,88,12,3,39,38,163,0
1902,16,3,110,27,SG,79,68,2043,290,726,0.399,232,624,0.372,58,102,0.569,0.559,51,61,0.836,24,179,203,129,42,14,60,201,863,0
1722,26,3,111,23,PG,75,19,2076,352,843,0.418,101,320,0.316,251,523,0.48,0.477,56,85,0.659,33,133,166,313,55,24,114,141,861,0
1978,2,3,112,27,PG,71,71,2296,300,718,0.418,119,360,0.331,181,358,0.506,0.501,142,179,0.793,42,228,270,417,119,18,159,160,861,0
1861,25,3,113,28,SF,40,39,1333,247,542,0.456,93,229,0.406,154,313,0.492,0.542,159,198,0.803,17,114,131,82,40,17,62,92,746,0
1861,13,3,113,28,SG,5,2,125,32,63,0.508,13,24,0.542,19,39,0.487,0.611,30,35,0.857,3,11,14,14,2,4,7,14,107,0
2084,27,3,114,23,SG,70,6,1612,311,764,0.407,111,353,0.314,200,411,0.487,0.48,116,148,0.784,18,163,181,152,44,19,71,98,849,0
1636,16,3,115,35,PG,63,63,2133,276,627,0.44,144,382,0.377,132,245,0.539,0.555,148,174,0.851,33,249,282,474,67,17,168,177,844,2
1784,25,3,116,27,C,56,56,1579,321,600,0.535,15,56,0.268,306,544,0.563,0.548,185,268,0.69,167,452,619,157,62,34,143,189,842,0
1569,13,3,117,25,SG,70,13,1919,287,639,0.449,190,423,0.449,97,216,0.449,0.598,69,77,0.896,20,209,229,146,42,6,60,101,833,0
1743,13,3,118,32,PF,54,54,1564,300,691,0.434,101,275,0.367,199,416,0.478,0.507,129,148,0.872,26,213,239,113,28,18,69,115,830,0
1027,28,3,119,24,SF,48,48,1728,309,697,0.443,115,317,0.363,194,380,0.511,0.526,89,118,0.754,74,190,264,125,71,25,80,131,822,0
1526,24,3,120,25,PF,66,16,1730,279,607,0.46,166,391,0.425,113,216,0.523,0.596,98,114,0.86,42,231,273,99,57,16,47,113,822,0
1162,1,3,121,27,C,74,73,2042,370,604,0.613,0,1,0.0,370,603,0.614,0.613,80,169,0.473,279,598,877,92,55,93,44,166,820,0
1430,19,3,122,26,SG,41,40,1374,195,386,0.505,42,130,0.323,153,256,0.598,0.56,116,154,0.753,53,265,318,168,45,11,81,118,548,0
1430,25,3,122,26,SG,13,13,417,92,183,0.503,31,83,0.373,61,100,0.61,0.587,44,57,0.772,9,61,70,56,16,2,33,32,259,0
1495,3,3,123,29,PG,29,29,1091,289,616,0.469,100,239,0.418,189,377,0.501,0.55,118,129,0.915,16,111,127,167,41,17,73,81,796,0
1700,15,3,124,23,SG,73,15,1657,281,695,0.404,139,372,0.374,142,323,0.44,0.504,90,120,0.75,64,264,328,194,104,39,112,128,791,0
1640,9,3,125,26,PF,51,3,990,175,384,0.456,44,146,0.301,131,238,0.55,0.513,138,176,0.784,60,184,244,58,22,26,54,91,532,0
1640,26,3,125,26,PF,24,20,547,87,178,0.489,23,63,0.365,64,115,0.557,0.553,57,67,0.851,29,106,135,30,7,6,19,32,254,0
2172,13,3,126,24,C,76,76,1852,310,495,0.626,0,0,,310,495,0.626,0.626,165,227,0.727,217,427,644,120,36,77,114,203,785,0
1437,4,3,127,31,SF,49,48,1564,283,617,0.459,86,220,0.391,197,397,0.496,0.528,126,149,0.846,38,186,224,177,47,22,81,85,778,0
1394,8,3,128,35,PF,75,63,1849,277,529,0.524,53,168,0.315,224,361,0.62,0.574,165,198,0.833,41,190,231,96,28,27,71,151,772,0
2113,5,3,129,21,PG,61,17,1675,279,644,0.433,136,353,0.385,143,291,0.491,0.539,78,91,0.857,17,165,182,176,29,11,70,137,772,0
1349,1,3,130,33,PF,66,18,1672,259,597,0.434,112,294,0.381,147,303,0.485,0.528,141,156,0.904,35,273,308,101,28,12,38,93,771,0
1378,11,3,131,33,SG,57,46,1670,268,564,0.475,124,301,0.412,144,263,0.548,0.585,105,135,0.778,15,98,113,154,28,18,107,63,765,0
1046,22,3,132,23,C,71,69,1824,296,617,0.48,107,281,0.381,189,336,0.563,0.566,57,73,0.781,148,424,572,85,38,118,77,182,756,0
1103,28,3,133,29,SF,80,9,1690,268,577,0.464,68,229,0.297,200,348,0.575,0.523,150,193,0.777,179,315,494,25,49,75,42,174,754,0
1362,13,3,134,31,PF,31,31,1077,268,636,0.421,91,257,0.354,177,379,0.467,0.493,127,148,0.858,12,201,213,176,67,13,126,74,754,0
1460,12,3,135,32,SF,49,40,1416,190,458,0.415,127,336,0.378,63,122,0.516,0.553,34,41,0.829,18,117,135,90,36,18,49,105,541,0
1460,26,3,135,32,SG,25,25,641,71,204,0.348,50,146,0.342,21,58,0.362,0.471,16,21,0.762,11,44,55,38,21,15,21,49,208,0
1067,21,3,136,21,PF,69,53,1924,274,649,0.422,80,269,0.297,194,380,0.511,0.484,117,170,0.688,71,365,436,97,58,70,90,68,745,0
1547,19,3,137,23,PF,78,69,2335,274,576,0.476,57,169,0.337,217,407,0.533,0.525,137,163,0.84,98,198,296,167,130,60,100,238,742,0
1012,17,3,138,26,SG,66,61,1805,255,569,0.448,159,389,0.409,96,180,0.533,0.588,64,74,0.865,32,190,222,100,46,18,43,96,733,0
2006,16,3,139,25,SF,68,16,1587,249,564,0.441,181,442,0.41,68,122,0.557,0.602,42,53,0.792,24,178,202,92,28,16,57,116,721,0
1283,12,3,140,24,SG,55,39,1541,268,621,0.432,94,255,0.369,174,366,0.475,0.507,90,112,0.804,41,185,226,114,56,10,90,95,720,0
1859,7,3,141,30,C,82,71,1798,269,401,0.671,13,37,0.351,256,364,0.703,0.687,166,212,0.783,173,231,404,97,37,39,64,220,717,0
1482,1,3,142,24,SF,53,52,1577,254,575,0.442,74,195,0.379,180,380,0.474,0.506,127,166,0.765,26,150,176,68,36,21,69,155,709,0
1807,6,3,143,26,SF,66,3,1462,247,572,0.432,128,359,0.357,119,213,0.559,0.544,87,131,0.664,25,121,146,135,52,10,67,127,709,0
1469,2,3,144,35,C,69,69,2005,266,569,0.467,89,265,0.336,177,304,0.582,0.546,80,95,0.842,108,422,530,232,49,92,65,130,701,0
1772,23,3,145,28,PF,76,7,1736,246,563,0.437,156,387,0.403,90,176,0.511,0.575,52,59,0.881,25,178,203,102,30,13,59,190,700,0
1487,8,3,146,21,SG,69,4,1310,230,571,0.403,131,358,0.366,99,213,0.465,0.518,107,125,0.856,14,174,188,191,41,20,86,153,698,0
1664,11,3,147,21,SF,79,2,1656,279,523,0.533,60,168,0.357,219,355,0.617,0.591,78,123,0.634,80,217,297,101,34,40,60,113,696,0
1623,25,3,148,31,PG,29,29,1056,222,552,0.402,92,284,0.324,130,268,0.485,0.486,159,181,0.878,13,107,120,212,17,11,83,37,695,0
1949,11,3,149,19,C,72,13,1489,249,525,0.474,29,117,0.248,220,408,0.539,0.502,165,232,0.711,138,255,393,185,59,68,145,214,692,0
1009,19,3,150,23,SG,50,19,1317,237,632,0.375,95,305,0.311,142,327,0.434,0.45,70,97,0.722,36,128,164,139,41,19,85,88,639,0
1009,29,3,150,23,SG,15,2,149,16,48,0.333,10,33,0.303,6,15,0.4,0.438,11,12,0.917,1,22,23,17,5,4,8,15,53,0
1123,12,3,151,29,PG,36,36,1206,243,543,0.448,58,186,0.312,185,357,0.518,0.501,143,167,0.856,33,152,185,212,30,14,77,71,687,1
1032,30,3,152,21,SF,82,8,1984,250,579,0.432,82,259,0.317,168,320,0.525,0.503,103,136,0.757,52,373,425,167,59,44,87,190,685,0
1688,24,3,153,34,C,74,17,1172,288,458,0.629,2,9,0.222,286,449,0.637,0.631,102,146,0.699,163,333,496,42,22,81,98,181,680,0
1274,5,3,154,22,SG,77,40,2110,278,535,0.52,70,186,0.376,208,349,0.596,0.585,53,78,0.679,27,187,214,256,60,29,108,182,679,0
1423,22,3,155,27,SG,61,30,1730,240,553,0.434,116,302,0.384,124,251,0.494,0.539,83,95,0.874,36,86,122,108,59,9,61,112,679,0
1348,30,3,156,23,C,72,53,1444,285,411,0.693,0,1,0.0,285,410,0.695,0.693,107,153,0.699,155,252,407,68,30,99,65,170,677,0
1364,21,3,157,19,SF,54,54,1700,281,670,0.419,56,213,0.263,225,457,0.492,0.461,56,79,0.709,98,323,421,345,51,20,171,88,674,4
2097,4,3,158,23,C,65,28,1768,250,532,0.47,110,301,0.365,140,231,0.606,0.573,58,81,0.716,82,255,337,147,57,61,82,152,668,0
1195,15,3,159,25,PF,64,1,1246,288,447,0.644,5,22,0.227,283,425,0.666,0.65,85,130,0.654,135,207,342,86,39,68,34,122,666,0
1892,2,3,160,28,SG,44,0,1087,152,343,0.443,62,156,0.397,90,187,0.481,0.534,61,71,0.859,26,99,125,66,34,23,39,82,427,0
1892,27,3,160,28,SG,21,7,513,82,191,0.429,40,90,0.444,42,101,0.416,0.534,35,37,0.946,16,44,60,49,22,6,27,34,239,0
1001,28,3,161,22,C,73,28,1725,265,603,0.439,56,156,0.359,209,447,0.468,0.486,78,131,0.595,146,327,473,82,37,41,84,151,664,0
1330,27,3,162,28,SG,40,1,676,128,296,0.432,63,151,0.417,65,145,0.448,0.539,44,49,0.898,4,59,63,41,17,3,33,42,363,0
1330,8,3,162,28,SG,35,1,610,103,243,0.424,59,144,0.41,44,99,0.444,0.545,35,38,0.921,6,24,30,34,8,2,23,53,300,0
1695,25,3,163,28,SG,64,6,1285,216,539,0.401,151,417,0.362,65,122,0.533,0.541,72,88,0.818,12,91,103,59,38,10,55,103,655,0
1434,19,3,164,21,C,70,28,1398,245,398,0.616,20,57,0.351,225,341,0.66,0.641,144,188,0.766,115,200,315,43,33,55,54,155,654,0
1594,10,3,165,19,SF,70,12,1185,236,460,0.513,50,149,0.336,186,311,0.598,0.567,130,190,0.684,54,180,234,64,31,22,74,146,652,0
2034,10,3,166,31,SG,32,32,941,246,573,0.429,114,296,0.385,132,277,0.477,0.529,46,51,0.902,15,110,125,88,16,17,43,54,652,0
1668,11,3,167,25,SG,65,33,1712,184,461,0.399,139,386,0.36,45,75,0.6,0.55,143,180,0.794,32,158,190,64,57,24,41,168,650,0
2048,20,3,168,23,PF,72,10,1230,251,473,0.531,52,169,0.308,199,304,0.655,0.586,94,124,0.758,69,199,268,77,25,33,56,102,648,0
1128,3,3,169,25,SF,72,45,1774,256,506,0.506,38,94,0.404,218,412,0.529,0.543,97,128,0.758,100,245,345,148,77,52,56,176,647,0
1685,18,3,170,21,PF,70,31,1803,255,554,0.46,80,252,0.317,175,302,0.579,0.532,57,71,0.803,76,217,293,79,52,54,75,224,647,0
1214,17,3,171,29,SF,65,19,1691,227,496,0.458,146,370,0.395,81,126,0.643,0.605,45,54,0.833,45,228,273,82,59,15,35,86,645,0
1888,18,3,172,22,C,77,6,1215,233,476,0.489,57,166,0.343,176,310,0.568,0.549,114,149,0.765,102,199,301,71,40,71,82,172,637,0
1262,9,3,173,23,SG,58,29,1269,261,526,0.496,23,93,0.247,238,433,0.55,0.518,91,140,0.65,69,208,277,73,71,17,58,143,636,0
1577,30,3,174,22,SF,77,36,1801,234,514,0.455,112,320,0.35,122,194,0.629,0.564,54,62,0.871,53,156,209,85,35,22,50,93,634,0
1230,24,3,175,31,PF,67,67,1886,217,544,0.399,127,365,0.348,90,179,0.503,0.516,71,90,0.789,30,324,354,124,95,30,55,173,632,0
1555,15,3,176,25,PG,73,23,1549,249,552,0.451,80,205,0.39,169,347,0.487,0.524,54,66,0.818,17,159,176,324,66,2,46,32,632,0
1914,22,3,177,30,SG,63,0,1448,220,554,0.397,77,264,0.292,143,290,0.493,0.467,112,130,0.862,20,141,161,116,28,12,75,68,629,0
1822,24,3,178,27,PG,58,12,1278,240,587,0.409,71,211,0.336,169,376,0.449,0.469,75,89,0.843,24,151,175,282,40,17,103,119,626,0
1653,21,3,179,20,PG,60,26,1367,231,588,0.393,98,272,0.36,133,316,0.421,0.476,65,82,0.793,25,146,171,91,47,12,71,102,625,0
1206,13,3,180,24,SG,69,30,1567,211,466,0.453,96,254,0.378,115,212,0.542,0.556,101,117,0.863,26,171,197,124,38,15,45,87,619,0
1120,12,3,181,23,SF,67,25,1564,208,506,0.411,83,237,0.35,125,269,0.465,0.493,114,164,0.695,108,250,358,72,44,29,54,116,613,0
1907,20,3,182,23,C,72,62,1848,261,343,0.761,0,0,,261,343,0.761,0.761,88,181,0.486,295,322,617,38,58,133,60,195,610,0
1007,3,3,183,36,C,47,12,1050,252,458,0.55,14,46,0.304,238,412,0.578,0.566,89,102,0.873,73,185,258,42,14,47,44,78,607,0
2142,2,3,184,24,C,61,61,1804,271,368,0.736,0,1,0.0,271,367,0.738,0.736,65,90,0.722,238,350,588,121,56,134,63,137,607,1
1791,22,3,185,23,PF,70,20,1749,216,575,0.376,118,371,0.318,98,204,0.48,0.478,55,65,0.846,47,300,347,118,97,42,57,95,605,0
1224,25,3,186,31,PF,48,40,1431,128,336,0.381,79,230,0.343,49,106,0.462,0.499,30,36,0.833,41,233,274,68,74,63,58,132,365,0
1224,13,3,186,31,PF,23,2,509,81,162,0.5,49,109,0.45,32,53,0.604,0.651,28,33,0.848,18,99,117,24,29,28,17,58,239,0
2129,2,3,187,23,PF,77,21,1875,205,432,0.475,106,258,0.411,99,174,0.569,0.597,86,95,0.905,64,210,274,78,38,57,62,186,602,0
1414,7,3,188,29,SG,42,20,1245,209,530,0.394,102,304,0.336,107,226,0.473,0.491,78,103,0.757,13,143,156,92,38,6,34,74,598,0
1470,14,3,189,21,SG,60,19,1511,224,538,0.416,49,182,0.269,175,356,0.492,0.462,100,125,0.8,37,156,193,159,59,29,82,148,597,0
2072,16,3,190,25,PG,68,27,1589,214,513,0.417,119,323,0.368,95,190,0.5,0.533,44,54,0.815,22,104,126,210,62,12,98,158,591,0
1125,15,3,191,26,SF,32,31,885,227,526,0.432,46,149,0.309,181,377,0.48,0.475,90,106,0.849,29,73,102,88,36,8,50,105,590,0
2004,9,3,192,20,C,71,71,1816,250,490,0.51,15,46,0.326,235,444,0.529,0.526,74,103,0.718,226,391,617,82,22,78,85,211,589,0
1795,6,3,193,21,SF,67,61,1981,207,431,0.48,55,157,0.35,152,274,0.555,0.544,119,155,0.768,72,129,201,121,56,22,58,164,588,0
1190,11,3,194,20,SG,74,2,1334,224,500,0.448,56,189,0.296,168,311,0.54,0.504,83,113,0.735,52,134,186,150,65,13,114,97,587,0
1145,7,3,195,30,SF,68,37,1902,201,501,0.401,141,392,0.36,60,109,0.55,0.542,40,48,0.833,33,208,241,83,41,14,40,111,583,0
1282,23,3,196,28,C,49,12,902,128,238,0.538,0,2,0.0,128,236,0.542,0.538,42,82,0.512,136,297,433,97,56,45,79,121,298,0
1282,3,3,196,28,C,24,24,535,119,195,0.61,0,1,0.0,119,194,0.613,0.61,44,82,0.537,93,154,247,34,22,23,36,71,282,0
1686,27,3,197,30,PF,51,51,1223,215,465,0.462,108,256,0.422,107,209,0.512,0.578,40,51,0.784,18,97,115,64,13,6,43,79,578,0
1952,24,3,198,24,SG,69,14,1437,191,485,0.394,123,334,0.368,68,151,0.45,0.521,68,81,0.84,16,110,126,108,28,9,41,92,573,0
1804,29,3,199,28,SF,77,77,2406,203,444,0.457,119,306,0.389,84,138,0.609,0.591,45,56,0.804,64,304,368,191,86,32,79,183,570,0
2026,3,3,200,20,SG,67,2,1176,218,503,0.433,47,174,0.27,171,329,0.52,0.48,87,105,0.829,16,145,161,78,33,8,55,66,570,0
2007,22,3,201,20,PG,48,45,1307,198,548,0.361,42,196,0.214,156,352,0.443,0.4,126,163,0.773,26,145,171,209,59,19,143,142,564,0
2078,22,3,202,24,C,63,3,960,197,396,0.497,66,201,0.328,131,195,0.672,0.581,104,129,0.806,42,190,232,87,20,13,56,123,564,0
1429,13,3,203,23,C,68,0,1216,229,366,0.626,14,30,0.467,215,336,0.64,0.645,91,132,0.689,117,215,332,160,50,77,84,167,563,0
1500,9,3,204,23,PG,53,7,1164,194,483,0.402,86,279,0.308,108,204,0.529,0.491,86,104,0.827,19,68,87,55,27,9,38,89,560,0
1659,16,3,205,26,SF,60,12,1372,208,410,0.507,64,155,0.413,144,255,0.565,0.585,71,93,0.763,70,160,230,64,58,30,52,104,551,0
1310,27,3,206,24,C,49,9,595,84,159,0.528,1,8,0.125,83,151,0.55,0.531,59,79,0.747,64,132,196,50,13,30,46,61,228,0
1310,25,3,206,24,C,22,22,650,137,212,0.646,4,15,0.267,133,197,0.675,0.656,40,51,0.784,66,120,186,35,18,10,35,61,318,0
1660,4,3,207,26,SF,71,11,1866,204,423,0.482,61,159,0.384,143,264,0.542,0.554,75,107,0.701,82,203,285,179,88,32,61,116,544,0
2060,12,3,208,25,C,42,42,1235,200,393,0.509,61,183,0.333,139,210,0.662,0.587,79,105,0.752,65,232,297,44,28,118,54,119,540,0
1038,26,3,209,22,PF,30,17,663,114,246,0.463,15,62,0.242,99,184,0.538,0.494,35,47,0.745,67,148,215,17,9,11,21,50,278,0
1038,9,3,209,22,PF,18,8,490,111,200,0.555,8,35,0.229,103,165,0.624,0.575,32,54,0.593,38,85,123,19,13,7,18,43,262,0
2057,16,3,210,36,PF,71,70,1981,207,428,0.484,80,193,0.415,127,235,0.54,0.577,45,61,0.738,100,287,387,149,58,15,66,161,539,0
1089,13,3,211,32,PG,54,29,1361,197,468,0.421,51,163,0.313,146,305,0.479,0.475,89,117,0.761,28,154,182,225,69,19,116,85,534,0
1703,26,3,212,24,C,60,20,1279,203,449,0.452,57,186,0.306,146,263,0.555,0.516,71,91,0.78,34,301,335,60,51,32,61,93,534,0
2116,29,3,213,32,C,65,8,1162,215,330,0.652,0,0,,215,330,0.652,0.652,104,167,0.623,166,328,494,26,22,103,53,179,534,0
1079,18,3,214,33,PG,58,54,1476,177,436,0.406,83,242,0.343,94,194,0.485,0.501,96,133,0.722,62,178,240,268,67,52,73,174,533,0
1003,15,3,215,28,C,76,75,1999,210,384,0.547,0,1,0.0,210,383,0.548,0.547,108,199,0.543,349,411,760,256,65,60,115,153,528,0
1779,18,3,216,22,SG,62,1,975,196,413,0.475,63,160,0.394,133,253,0.526,0.551,72,92,0.783,22,101,123,130,27,10,36,73,527,0
1767,30,3,217,29,PG,70,19,1372,204,441,0.463,35,120,0.292,169,321,0.526,0.502,83,108,0.769,13,121,134,217,55,3,79,104,526,0
1019,15,3,218,28,PF,69,11,1484,209,469,0.446,36,109,0.33,173,360,0.481,0.484,67,105,0.638,69,299,368,183,77,45,71,108,521,0
1557,9,3,219,30,PG,65,39,1600,178,400,0.445,65,157,0.414,113,243,0.465,0.526,100,113,0.885,29,145,174,237,42,17,85,147,521,0
1227,12,3,220,31,SF,51,14,1034,128,281,0.456,46,138,0.333,82,143,0.573,0.537,27,35,0.771,59,136,195,58,24,19,39,95,329,0
1227,24,3,220,31,SF,27,2,562,72,160,0.45,31,96,0.323,41,64,0.641,0.547,12,17,0.706,27,88,115,33,22,17,28,56,187,0
1852,10,3,221,28,PF,63,15,1396,193,416,0.464,80,216,0.37,113,200,0.565,0.56,49,61,0.803,86,276,362,94,68,29,37,83,515,0
2067,18,3,222,22,PF,74,67,1880,212,361,0.587,2,14,0.143,210,347,0.605,0.59,86,131,0.656,215,409,624,94,99,46,73,181,512,0
1589,23,3,223,24,SG,67,19,1414,182,470,0.387,77,266,0.289,105,204,0.515,0.469,68,84,0.81,22,153,175,127,33,9,48,58,509,0
1824,10,3,224,29,SG,71,16,1248,212,344,0.616,43,120,0.358,169,224,0.754,0.679,35,58,0.603,72,175,247,64,96,22,40,131,502,0
1864,18,3,225,27,PF,69,8,1177,177,390,0.454,86,229,0.376,91,161,0.565,0.564,62,82,0.756,26,148,174,68,47,23,53,116,502,0
2145,15,3,226,20,SF,62,31,1346,191,424,0.45,76,242,0.314,115,182,0.632,0.54,43,55,0.782,26,103,129,65,35,12,41,113,501,0
1881,1,3,227,22,SF,34,7,797,138,343,0.402,58,153,0.379,80,190,0.421,0.487,72,80,0.9,20,64,84,38,35,11,44,45,406,0
1881,20,3,227,22,SF,15,0,215,27,65,0.415,8,31,0.258,19,34,0.559,0.477,29,32,0.906,5,16,21,10,12,4,13,15,91,0
1063,13,3,228,33,PF,59,54,1463,179,387,0.463,108,270,0.4,71,117,0.607,0.602,25,38,0.658,29,225,254,100,58,42,40,80,491,0
1629,10,3,229,25,C,82,80,1732,208,364,0.571,0,1,0.0,208,363,0.573,0.571,75,125,0.6,208,388,596,165,50,52,67,215,491,0
1412,22,3,230,20,SG,64,14,1402,175,457,0.383,64,183,0.35,111,274,0.405,0.453,75,117,0.641,23,171,194,158,42,13,87,101,489,0
1786,17,3,231,23,SF,62,13,1185,186,462,0.403,79,227,0.348,107,235,0.455,0.488,36,43,0.837,37,184,221,59,25,17,57,78,487,0
1840,4,3,232,31,C,73,73,1793,205,320,0.641,0,2,0.0,205,318,0.645,0.641,67,171,0.392,176,389,565,226,61,52,100,224,477,0
1403,30,3,233,23,PF,42,13,943,187,381,0.491,55,123,0.447,132,258,0.512,0.563,46,66,0.697,25,135,160,48,23,9,33,53,475,0
2096,12,3,234,21,PG,48,7,968,173,427,0.405,81,215,0.377,92,212,0.434,0.5,46,61,0.754,4,79,83,85,26,3,57,66,473,0
1982,24,3,235,21,PF,29,4,382,63,137,0.46,9,39,0.231,54,98,0.551,0.493,40,52,0.769,55,84,139,6,6,18,22,52,175,0
1982,12,3,235,21,PF,22,4,543,113,213,0.531,31,83,0.373,82,130,0.631,0.603,38,50,0.76,46,122,168,18,9,23,20,44,295,0
1392,5,3,236,28,SF,65,45,1519,176,325,0.542,36,101,0.356,140,224,0.625,0.597,80,96,0.833,91,185,276,60,67,32,30,132,468,0
1464,26,3,237,28,C,45,37,1074,198,300,0.66,2,5,0.4,196,295,0.664,0.663,70,90,0.778,93,224,317,48,17,41,56,128,468,0
1612,10,3,238,29,SG,63,5,1256,169,383,0.441,63,187,0.337,106,196,0.541,0.523,66,75,0.88,27,176,203,63,39,6,38,95,467,0
1844,21,3,239,20,PF,61,12,1233,186,456,0.408,57,197,0.289,129,259,0.498,0.47,35,50,0.7,73,245,318,131,39,38,94,88,464,1
1045,5,3,240,24,PG,35,35,1212,162,383,0.423,110,260,0.423,52,123,0.423,0.567,21,28,0.75,35,155,190,178,64,31,82,85,455,1
1543,26,3,241,26,C,56,15,1017,175,266,0.658,10,29,0.345,165,237,0.696,0.677,94,131,0.718,75,171,246,69,26,47,59,130,454,0
1909,21,3,242,23,PF,45,28,948,166,323,0.514,44,99,0.444,122,224,0.545,0.582,78,116,0.672,75,142,217,71,36,34,43,109,454,0
1435,9,3,243,20,PG,66,40,1647,176,459,0.383,44,167,0.263,132,292,0.452,0.431,57,74,0.77,36,174,210,277,78,35,111,183,453,0
1445,19,3,244,27,C,50,8,839,170,327,0.52,4,12,0.333,166,315,0.527,0.526,109,141,0.773,143,195,338,63,21,19,51,97,453,0
1716,23,3,245,25,SG,55,6,1179,173,403,0.429,43,133,0.323,130,270,0.481,0.483,61,73,0.836,30,112,142,139,28,17,44,99,450,0
1359,29,3,246,35,PF,55,1,1038,157,379,0.414,70,203,0.345,87,176,0.494,0.507,62,79,0.785,55,187,242,56,25,19,47,95,446,0
1917,6,3,247,31,PG,34,8,970,149,411,0.363,59,174,0.339,90,237,0.38,0.434,88,103,0.854,15,126,141,225,49,7,90,75,445,0
1879,14,3,248,23,SG,61,19,1418,146,318,0.459,53,167,0.317,93,151,0.616,0.542,99,118,0.839,45,148,193,110,29,20,40,87,444,1
1865,2,3,249,24,PG,71,2,1001,160,373,0.429,101,245,0.412,59,128,0.461,0.564,21,21,1.0,32,102,134,139,25,6,41,61,442,0
1086,10,3,250,33,C,71,0,1143,160,342,0.468,54,149,0.362,106,193,0.549,0.547,59,81,0.728,62,232,294,159,41,26,87,128,433,0
1391,8,3,251,31,PF,67,8,1085,159,327,0.486,33,124,0.266,126,203,0.621,0.537,81,93,0.871,81,200,281,59,43,26,57,158,432,0
2083,20,3,252,31,PG,37,37,948,149,370,0.403,73,199,0.367,76,171,0.444,0.501,60,71,0.845,14,97,111,131,26,7,48,37,431,1
1223,17,3,253,31,C,17,5,287,55,118,0.466,13,48,0.271,42,70,0.6,0.521,31,38,0.816,24,74,98,18,16,8,16,46,154,0
1223,8,3,253,31,C,31,2,431,94,206,0.456,24,74,0.324,70,132,0.53,0.515,64,87,0.736,50,122,172,53,19,13,69,93,276,0
1251,16,3,254,32,C,67,15,1065,164,290,0.566,19,47,0.404,145,243,0.597,0.598,75,100,0.75,105,281,386,47,24,42,70,174,422,0
2121,21,3,255,23,SG,50,35,1209,156,337,0.463,42,138,0.304,114,199,0.573,0.525,62,85,0.729,51,127,178,68,30,10,54,93,416,0
1554,27,3,256,22,PG,69,11,1148,166,339,0.49,10,51,0.196,156,288,0.542,0.504,71,91,0.78,29,126,155,233,42,7,46,78,413,0
1578,7,3,257,30,PF,59,21,1450,141,354,0.398,83,255,0.325,58,99,0.586,0.516,46,65,0.708,70,280,350,68,30,58,47,137,411,0
1199,3,3,258,22,C,47,19,974,178,264,0.674,0,0,,178,264,0.674,0.674,54,93,0.581,91,173,264,43,24,51,38,110,410,0
1624,25,3,259,21,SF,42,23,1088,145,315,0.46,51,154,0.331,94,161,0.584,0.541,69,94,0.734,58,178,236,54,25,36,40,82,410,0
1599,12,3,260,29,SF,39,0,613,85,228,0.373,39,117,0.333,46,111,0.414,0.458,67,80,0.838,15,79,94,51,23,14,24,44,276,0
1599,26,3,260,29,SG,17,0,322,48,119,0.403,16,53,0.302,32,66,0.485,0.471,22,26,0.846,11,49,60,30,8,8,13,15,134,0
1981,4,3,261,33,PG,37,1,511,73,185,0.395,10,25,0.4,63,160,0.394,0.422,12,19,0.632,11,46,57,98,20,10,36,34,168,0
1981,30,3,261,33,PG,28,0,615,112,245,0.457,15,42,0.357,97,203,0.478,0.488,3,5,0.6,14,69,83,146,27,13,42,44,242,0
1899,8,3,262,29,SG,67,18,1480,146,350,0.417,79,231,0.342,67,119,0.563,0.53,32,44,0.727,19,95,114,90,51,6,54,121,403,0
1458,30,3,263,25,PG,41,14,663,100,214,0.467,23,67,0.343,77,147,0.524,0.521,28,35,0.8,9,58,67,78,24,9,39,60,251,0
1458,24,3,263,25,PG,22,1,358,51,124,0.411,16,36,0.444,35,88,0.398,0.476,31,33,0.939,15,40,55,75,18,0,28,32,149,0
1108,14,3,264,31,SG,62,45,1406,148,350,0.423,82,210,0.39,66,140,0.471,0.54,16,18,0.889,31,105,136,47,53,9,38,118,394,0
1794,1,3,265,21,C,48,6,992,156,226,0.69,0,0,,156,226,0.69,0.69,80,110,0.727,115,168,283,53,31,60,44,149,392,0
2001,1,3,266,31,SG,6,0,70,5,13,0.385,0,3,0.0,5,10,0.5,0.385,1,2,0.5,1,14,15,11,0,0,4,8,11,0
2001,12,3,266,31,PG,40,1,744,142,310,0.458,27,87,0.31,115,223,0.516,0.502,62,78,0.795,11,101,112,154,24,4,68,88,373,0
2023,11,3,267,29,C,26,21,584,84,179,0.469,23,79,0.291,61,100,0.61,0.534,27,40,0.675,32,98,130,20,11,17,31,62,218,0
2023,2,3,267,29,C,21,6,393,67,112,0.598,10,28,0.357,57,84,0.679,0.643,22,32,0.688,27,71,98,21,9,14,15,49,166,0
2003,6,3,268,24,PF,63,13,1015,156,319,0.489,18,65,0.277,138,254,0.543,0.517,53,75,0.707,47,117,164,44,31,18,41,106,383,0
1270,17,3,269,25,SG,17,0,341,39,118,0.331,21,74,0.284,18,44,0.409,0.419,23,27,0.852,18,42,60,29,11,3,28,26,122,0
1270,26,3,269,25,SG,25,1,665,79,218,0.362,53,144,0.368,26,74,0.351,0.484,47,56,0.839,22,88,110,89,37,5,44,43,258,0
2038,23,3,270,24,SG,66,50,1685,150,300,0.5,45,144,0.313,105,156,0.673,0.575,34,43,0.791,42,109,151,75,115,71,39,158,379,0
1473,14,3,271,36,C,60,27,971,134,219,0.612,8,15,0.533,126,204,0.618,0.63,96,146,0.658,118,238,356,35,34,36,47,115,372,0
1389,23,3,272,34,SF,62,28,1353,126,320,0.394,103,271,0.38,23,49,0.469,0.555,11,14,0.786,32,125,157,64,60,37,45,105,366,0
1905,21,3,273,21,C,49,36,1087,134,324,0.414,58,165,0.352,76,159,0.478,0.503,40,54,0.741,75,199,274,49,29,15,39,75,366,0
1801,9,3,274,30,C,40,1,764,128,286,0.448,40,119,0.336,88,167,0.527,0.517,69,89,0.775,54,123,177,111,31,19,58,100,365,0
1488,13,3,275,32,C,35,10,538,94,192,0.49,24,62,0.387,70,130,0.538,0.552,20,29,0.69,40,110,150,36,7,26,33,56,232,0
1488,17,3,275,32,C,19,2,339,54,104,0.519,13,37,0.351,41,67,0.612,0.582,12,15,0.8,22,78,100,13,4,7,10,46,133,0
2102,25,3,276,21,SF,48,10,869,142,267,0.532,9,38,0.237,133,229,0.581,0.549,71,94,0.755,57,142,199,81,25,28,44,116,364,0
2134,21,3,277,27,SF,49,0,1072,146,317,0.461,41,121,0.339,105,196,0.536,0.525,30,55,0.545,75,145,220,108,44,10,46,81,363,0
1647,21,3,278,20,PG,51,7,908,119,317,0.375,44,150,0.293,75,167,0.449,0.445,79,100,0.79,20,111,131,111,31,11,65,67,361,0
1397,3,3,279,32,C,56,24,958,133,313,0.425,38,145,0.262,95,168,0.565,0.486,55,76,0.724,60,168,228,105,27,14,31,95,359,0
2135,1,3,280,35,PG,56,0,799,125,320,0.391,37,102,0.363,88,218,0.404,0.448,67,78,0.859,16,71,87,105,28,3,43,48,354,0
1083,12,3,281,22,C,50,16,729,131,252,0.52,23,80,0.288,108,172,0.628,0.565,64,94,0.681,79,98,177,55,21,42,46,107,349,0
1588,15,3,282,25,SG,72,7,1292,135,262,0.515,52,126,0.413,83,136,0.61,0.615,27,49,0.551,87,242,329,109,45,22,29,90,349,1
1390,10,3,283,31,PF,46,44,1329,135,257,0.525,16,54,0.296,119,203,0.586,0.556,60,91,0.659,45,291,336,320,61,50,139,136,346,1
1756,21,3,284,30,C,43,0,592,113,248,0.456,70,163,0.429,43,85,0.506,0.597,48,57,0.842,21,108,129,22,18,26,14,58,344,0
2035,26,3,285,30,C,30,3,455,76,151,0.503,1,1,1.0,75,150,0.5,0.507,32,60,0.533,72,89,161,18,11,12,29,52,185,0
2035,12,3,285,30,C,4,0,66,13,24,0.542,0,0,,13,24,0.542,0.542,3,8,0.375,7,11,18,2,0,2,4,7,29,0
2035,5,3,285,30,C,23,3,376,52,92,0.565,0,2,0.0,52,90,0.578,0.565,26,48,0.542,41,68,109,14,12,7,12,39,130,0
1102,13,3,286,20,SG,51,0,760,125,325,0.385,34,111,0.306,91,214,0.425,0.437,59,72,0.819,17,94,111,51,26,13,31,43,343,0
2156,1,3,287,29,SG,77,8,1452,122,269,0.454,44,116,0.379,78,153,0.51,0.535,54,63,0.857,50,170,220,188,93,19,45,56,342,0
1521,21,3,288,24,SG,48,4,801,124,328,0.378,54,186,0.29,70,142,0.493,0.46,38,47,0.809,19,59,78,109,30,5,37,73,340,0
1529,3,3,289,34,PF,62,10,1191,144,307,0.469,23,85,0.271,121,222,0.545,0.507,29,55,0.527,51,164,215,130,30,34,48,162,340,0
1684,4,3,290,24,SF,55,2,895,123,254,0.484,41,108,0.38,82,146,0.562,0.565,53,72,0.736,37,133,170,58,26,22,36,93,340,0
1301,25,3,291,21,SF,58,28,1174,121,308,0.393,37,126,0.294,84,182,0.462,0.453,60,84,0.714,66,161,227,87,35,19,56,116,339,0
1061,27,3,292,26,SF,59,14,957,136,263,0.517,17,55,0.309,119,208,0.572,0.549,46,61,0.754,62,169,231,41,27,14,45,61,335,0
1451,17,3,293,35,PG,54,17,1253,118,275,0.429,41,134,0.306,77,141,0.546,0.504,57,62,0.919,38,117,155,120,42,6,41,70,334,0
1749,19,3,294,21,SF,62,1,864,109,277,0.394,71,186,0.382,38,91,0.418,0.522,45,51,0.882,47,100,147,38,23,7,16,60,334,0
1817,29,3,295,25,PF,58,3,737,114,235,0.485,40,108,0.37,74,127,0.583,0.57,66,86,0.767,30,76,106,36,9,5,27,51,334,0
1159,8,3,296,30,PG,65,4,1184,107,296,0.361,58,193,0.301,49,103,0.476,0.459,60,78,0.769,23,94,117,220,63,23,67,124,332,0
1016,19,3,297,23,PG,54,1,834,131,294,0.446,32,110,0.291,99,184,0.538,0.5,36,53,0.679,25,75,100,152,71,7,40,73,330,0
1504,9,3,298,24,SF,39,3,707,103,251,0.41,30,113,0.265,73,138,0.529,0.47,40,56,0.714,17,106,123,49,21,18,38,71,276,0
1504,26,3,298,24,SF,12,0,123,17,49,0.347,3,17,0.176,14,32,0.438,0.378,15,21,0.714,4,14,18,5,5,4,9,17,52,0
1492,29,3,299,34,SF,45,15,1122,115,285,0.404,78,225,0.347,37,60,0.617,0.54,17,22,0.773,12,119,131,158,23,5,46,82,325,0
2165,27,3,300,33,PF,26,1,370,74,128,0.578,0,5,0.0,74,123,0.602,0.578,10,22,0.455,40,53,93,59,23,7,30,38,158,0
2165,28,3,300,33,PF,26,0,475,67,144,0.465,17,43,0.395,50,101,0.495,0.524,13,27,0.481,40,75,115,45,31,11,22,43,164,0
1759,25,3,301,29,C,37,11,858,102,198,0.515,19,62,0.306,83,136,0.61,0.563,32,49,0.653,58,151,209,73,38,13,27,67,255,0
1759,19,3,301,29,PF,9,0,182,27,49,0.551,4,8,0.5,23,41,0.561,0.592,8,8,1.0,14,25,39,8,5,7,10,17,66,0
1536,14,3,302,25,PF,48,27,1094,117,251,0.466,33,105,0.314,84,146,0.575,0.532,53,74,0.716,34,121,155,80,43,14,35,109,320,0
1395,7,3,303,21,SG,67,3,1039,130,256,0.508,28,78,0.359,102,178,0.573,0.563,31,45,0.689,52,109,161,79,45,14,44,115,319,0
2015,12,3,304,22,PF,33,7,714,135,220,0.614,12,38,0.316,123,182,0.676,0.641,36,51,0.706,95,77,172,41,14,8,23,61,318,0
1657,19,3,305,24,SF,55,4,735,109,269,0.405,21,105,0.2,88,164,0.537,0.444,74,93,0.796,38,104,142,62,33,8,46,69,313,0
1248,26,3,306,24,SG,30,11,536,113,267,0.423,49,149,0.329,64,118,0.542,0.515,36,44,0.818,11,83,94,40,25,11,33,70,311,0
1913,20,3,307,33,PG,26,4,636,122,274,0.445,37,92,0.402,85,182,0.467,0.513,30,31,0.968,21,57,78,103,22,12,39,15,311,0
1078,30,3,308,29,PF,34,0,501,60,171,0.351,46,144,0.319,14,27,0.519,0.485,28,30,0.933,6,55,61,16,11,6,14,55,194,0
1078,7,3,308,29,PF,22,0,306,39,104,0.375,31,86,0.36,8,18,0.444,0.524,8,10,0.8,6,50,56,15,6,6,5,30,117,0
2018,19,3,309,35,SG,59,16,1098,111,295,0.376,59,185,0.319,52,110,0.473,0.476,28,41,0.683,29,114,143,74,43,23,42,81,309,0
2126,25,3,310,22,PG,24,16,640,105,282,0.372,31,106,0.292,74,176,0.42,0.427,68,97,0.701,19,55,74,94,24,10,58,52,309,0
1174,5,3,311,27,SG,41,18,1147,102,256,0.398,42,126,0.333,60,130,0.462,0.48,58,73,0.795,33,115,148,165,71,15,57,106,304,0
2167,16,3,312,23,C,56,12,706,130,247,0.526,1,11,0.091,129,236,0.547,0.528,38,61,0.623,85,209,294,49,17,20,41,84,299,0
2049,10,3,313,28,SF,73,6,994,115,235,0.489,28,87,0.322,87,148,0.588,0.549,40,70,0.571,28,148,176,127,48,17,68,115,298,0
1502,12,3,314,20,C,36,15,541,116,206,0.563,5,16,0.313,111,190,0.584,0.575,60,88,0.682,60,89,149,10,25,52,40,92,297,0
1031,11,3,315,34,PG,34,2,510,55,136,0.404,39,96,0.406,16,40,0.4,0.548,33,38,0.868,7,34,41,74,10,0,45,17,182,0
1031,14,3,315,34,PG,21,0,373,39,86,0.453,29,68,0.426,10,18,0.556,0.622,5,5,1.0,4,23,27,33,7,1,11,22,112,0
1863,27,3,316,19,SF,50,16,965,101,270,0.374,42,137,0.307,59,133,0.444,0.452,44,59,0.746,32,81,113,81,20,23,57,79,288,0
1124,11,3,317,23,SG,41,8,690,87,251,0.347,64,213,0.3,23,38,0.605,0.474,16,19,0.842,12,69,81,49,21,8,23,60,254,0
1124,28,3,317,23,PG,13,3,154,11,38,0.289,10,36,0.278,1,2,0.5,0.421,2,2,1.0,8,14,22,13,7,3,4,14,34,0
1303,14,3,318,34,SG,43,9,810,98,237,0.414,82,211,0.389,16,26,0.615,0.586,9,11,0.818,10,67,77,30,23,5,19,42,287,0
1545,5,3,319,24,PF,51,8,899,105,195,0.538,20,61,0.328,85,134,0.634,0.59,56,70,0.8,60,109,169,30,25,33,30,105,286,0
1299,3,3,320,21,SF,48,23,987,110,267,0.412,48,136,0.353,62,131,0.473,0.502,16,19,0.842,44,128,172,31,29,24,42,85,284,0
1074,3,3,321,27,SF,48,20,949,121,213,0.568,15,36,0.417,106,177,0.599,0.603,21,35,0.6,38,114,152,60,47,25,30,104,278,0
1074,17,3,321,27,SF,8,0,77,3,8,0.375,0,0,,3,8,0.375,0.375,0,0,,4,7,11,6,2,0,1,9,6,0
1138,5,3,322,22,SF,66,7,1055,108,258,0.419,47,133,0.353,61,125,0.488,0.51,20,26,0.769,39,164,203,66,36,5,26,62,283,0
1169,3,3,323,26,PG,46,1,552,58,174,0.333,42,127,0.331,16,47,0.34,0.454,7,10,0.7,9,58,67,46,14,10,26,45,165,0
1169,17,3,323,26,PG,20,2,353,40,79,0.506,24,43,0.558,16,36,0.444,0.658,8,8,1.0,5,38,43,50,10,4,8,22,112,0
1398,20,3,324,21,SG,46,6,786,95,235,0.404,72,189,0.381,23,46,0.5,0.557,13,19,0.684,24,70,94,44,31,11,28,72,275,0
2149,13,3,325,25,PF,37,1,480,63,141,0.447,5,29,0.172,58,112,0.518,0.465,25,41,0.61,30,103,133,52,21,18,37,46,156,0
2149,25,3,325,25,PF,11,10,295,47,116,0.405,10,37,0.27,37,79,0.468,0.448,14,25,0.56,20,49,69,32,14,7,12,21,118,0
1691,9,3,326,30,SG,51,2,754,98,225,0.436,58,146,0.397,40,79,0.506,0.564,19,26,0.731,31,80,111,48,21,7,24,58,273,0
1774,8,3,327,21,PF,41,1,698,96,186,0.516,37,80,0.463,59,106,0.557,0.616,41,65,0.631,56,91,147,17,16,13,23,79,270,0
2076,6,3,328,25,PF,51,28,980,99,217,0.456,51,142,0.359,48,75,0.64,0.574,20,30,0.667,31,119,150,52,29,7,16,88,269,0
1533,13,3,329,19,SG,15,0,135,17,51,0.333,3,11,0.273,14,40,0.35,0.363,16,21,0.762,6,15,21,13,7,2,7,21,53,0
1533,25,3,329,19,SG,22,12,562,79,221,0.357,31,89,0.348,48,132,0.364,0.428,25,30,0.833,18,42,60,63,21,10,39,48,214,0
1600,27,3,330,26,C,54,1,589,101,204,0.495,29,89,0.326,72,115,0.626,0.566,34,41,0.829,63,75,138,45,10,14,31,53,265,0
1757,28,3,331,24,SF,56,5,716,91,234,0.389,41,134,0.306,50,100,0.5,0.476,32,37,0.865,20,72,92,45,26,4,32,54,255,0
1631,22,3,332,33,C,36,9,612,110,199,0.553,2,6,0.333,108,193,0.56,0.558,32,54,0.593,68,58,126,54,2,18,44,67,254,0
2040,15,3,333,23,PF,53,2,701,98,216,0.454,10,49,0.204,88,167,0.527,0.477,46,71,0.648,66,95,161,62,49,15,34,63,252,0
1672,17,3,334,35,SG,49,14,1002,87,220,0.395,53,157,0.338,34,63,0.54,0.516,22,28,0.786,30,62,92,36,23,8,18,87,249,0
1471,11,3,335,28,SF,16,1,233,25,74,0.338,10,34,0.294,15,40,0.375,0.405,17,19,0.895,4,39,43,19,5,5,18,16,77,0
1471,20,3,335,28,SF,1,0,3,0,1,0.0,0,1,0.0,0,0,,0.0,0,0,,0,0,0,0,0,0,0,0,0,0
1471,29,3,335,28,SF,25,6,491,55,123,0.447,34,82,0.415,21,41,0.512,0.585,27,39,0.692,14,54,68,25,16,12,15,35,171,0
1082,28,3,336,29,C,55,28,991,97,200,0.485,0,14,0.0,97,186,0.522,0.485,53,71,0.746,122,117,239,56,30,26,29,104,247,0
1781,7,3,337,23,SG,58,5,685,89,223,0.399,38,111,0.342,51,112,0.455,0.484,24,25,0.96,12,67,79,69,27,7,31,61,240,0
1614,26,3,338,28,C,39,10,620,94,176,0.534,6,21,0.286,88,155,0.568,0.551,41,63,0.651,52,109,161,45,13,25,43,100,235,0
1694,18,3,339,25,PG,62,3,902,88,200,0.44,27,85,0.318,61,115,0.53,0.508,30,40,0.75,22,72,94,180,57,10,38,54,233,0
1785,11,3,340,29,SF,46,4,609,85,176,0.483,15,49,0.306,70,127,0.551,0.526,48,67,0.716,41,110,151,35,28,20,21,55,233,0
1363,20,3,341,36,C,52,4,946,86,166,0.518,15,38,0.395,71,128,0.555,0.563,42,52,0.808,88,141,229,32,22,40,27,137,229,0
1682,12,3,342,29,PG,27,8,652,100,208,0.481,10,33,0.303,90,175,0.514,0.505,19,23,0.826,20,70,90,131,29,10,29,53,229,0
1732,10,3,343,19,SG,52,11,607,80,183,0.437,40,110,0.364,40,73,0.548,0.546,28,36,0.778,17,63,80,23,7,10,13,43,228,0
1639,1,3,344,26,SF,52,18,685,74,186,0.398,44,122,0.361,30,64,0.469,0.516,35,41,0.854,17,65,82,40,18,6,20,76,227,0
1132,25,3,345,20,SF,48,6,640,81,190,0.426,19,61,0.311,62,129,0.481,0.476,44,65,0.677,38,97,135,35,26,24,36,90,225,0
1211,27,3,346,24,C,28,4,502,76,155,0.49,14,41,0.341,62,114,0.544,0.535,52,65,0.8,46,107,153,61,13,23,45,67,218,0
1601,2,3,347,22,SG,44,5,728,79,184,0.429,29,83,0.349,50,101,0.495,0.508,20,34,0.588,30,74,104,19,21,16,16,46,207,0
1601,27,3,347,22,SG,4,0,43,4,7,0.571,0,2,0.0,4,5,0.8,0.571,3,8,0.375,0,4,4,2,1,0,0,1,11,0
1418,26,3,348,28,SF,47,24,863,83,181,0.459,31,101,0.307,52,80,0.65,0.544,20,28,0.714,12,100,112,23,29,24,31,77,217,0
1146,7,3,349,29,PG,42,0,441,84,215,0.391,26,82,0.317,58,133,0.436,0.451,20,23,0.87,4,29,33,57,12,0,26,39,214,0
1085,24,3,350,29,C,36,3,506,86,145,0.593,0,0,,86,145,0.593,0.593,38,71,0.535,63,104,167,23,12,26,25,70,210,0
1113,22,3,351,23,SF,42,1,536,81,188,0.431,27,87,0.31,54,101,0.535,0.503,21,32,0.656,23,49,72,37,10,3,17,48,210,0
1883,8,3,352,26,SG,48,5,668,81,161,0.503,37,86,0.43,44,75,0.587,0.618,10,15,0.667,14,94,108,53,24,9,16,63,209,0
1613,9,3,353,22,PG,37,0,604,69,177,0.39,14,60,0.233,55,117,0.47,0.429,56,71,0.789,18,69,87,107,36,12,36,44,208,0
1315,21,3,354,30,C,39,18,653,94,182,0.516,2,16,0.125,92,166,0.554,0.522,16,25,0.64,58,126,184,25,17,12,9,62,206,0
1979,25,3,355,24,PG,37,4,638,79,189,0.418,6,27,0.222,73,162,0.451,0.434,42,64,0.656,20,68,88,132,45,12,51,52,206,0
1556,14,3,356,33,C,32,19,408,60,89,0.674,0,0,,60,89,0.674,0.674,12,26,0.462,51,121,172,13,10,26,21,50,132,0
1556,23,3,356,33,C,16,1,214,32,54,0.593,0,0,,32,54,0.593,0.593,10,14,0.714,32,60,92,8,2,9,16,21,74,0
1049,28,3,357,22,PG,64,1,696,83,202,0.411,13,51,0.255,70,151,0.464,0.443,26,44,0.591,38,86,124,99,28,10,53,68,205,0
1142,30,3,358,24,C,27,9,439,77,148,0.52,12,42,0.286,65,106,0.613,0.561,35,40,0.875,26,82,108,23,6,21,19,43,201,0
2100,21,3,359,24,SG,25,1,465,71,175,0.406,53,146,0.363,18,29,0.621,0.557,4,5,0.8,6,67,73,24,19,8,11,31,199,0
1522,23,3,360,22,SG,55,1,609,62,177,0.35,45,135,0.333,17,42,0.405,0.477,29,31,0.935,6,50,56,35,14,3,19,47,198,0
1954,3,3,361,20,PF,32,8,391,86,149,0.577,2,7,0.286,84,142,0.592,0.584,24,41,0.585,81,79,160,17,10,15,30,60,198,0
1937,19,3,362,30,SG,32,3,481,32,107,0.299,5,31,0.161,27,76,0.355,0.322,19,25,0.76,18,46,64,76,14,1,23,33,88,0
1937,27,3,362,30,SF,1,0,9,0,0,,0,0,,0,0,,,3,4,0.75,0,1,1,0,0,0,0,0,3,0
1937,30,3,362,30,PG,22,10,416,40,84,0.476,6,22,0.273,34,62,0.548,0.512,21,25,0.84,9,52,61,108,15,4,23,38,107,0
1766,2,3,363,22,SF,52,3,574,72,182,0.396,31,115,0.27,41,67,0.612,0.481,21,26,0.808,15,74,89,22,20,5,31,70,196,0
1333,29,3,364,23,PG,60,6,765,76,155,0.49,5,27,0.185,71,128,0.555,0.506,38,48,0.792,23,76,99,106,30,6,48,43,195,0
1344,22,3,365,23,PG,18,3,360,83,175,0.474,4,17,0.235,79,158,0.5,0.486,25,31,0.806,4,45,49,99,20,5,40,22,195,0
1328,28,3,366,23,PG,44,5,537,72,183,0.393,30,90,0.333,42,93,0.452,0.475,15,24,0.625,10,53,63,70,20,4,13,45,189,0
1592,21,3,367,21,SG,30,8,690,68,167,0.407,32,98,0.327,36,69,0.522,0.503,19,22,0.864,18,83,101,57,19,8,29,65,187,0
1992,25,3,368,30,SG,38,10,546,36,97,0.371,24,75,0.32,12,22,0.545,0.495,3,3,1.0,11,61,72,20,8,7,11,44,99,0
1992,19,3,368,30,SG,15,2,277,33,74,0.446,21,53,0.396,12,21,0.571,0.588,1,1,1.0,5,26,31,8,8,2,8,26,88,0
1356,9,3,369,23,C,32,5,389,66,147,0.449,16,49,0.327,50,98,0.51,0.503,38,61,0.623,58,42,100,20,9,6,18,55,186,0
1912,14,3,370,35,PG,18,0,289,23,71,0.324,8,30,0.267,15,41,0.366,0.38,1,2,0.5,10,39,49,67,12,5,34,25,55,0
1912,6,3,370,35,PG,21,1,409,45,105,0.429,23,58,0.397,22,47,0.468,0.538,18,24,0.75,5,54,59,103,18,1,34,31,131,0
2027,14,3,371,32,PG,4,1,101,12,39,0.308,5,22,0.227,7,17,0.412,0.372,8,11,0.727,1,7,8,6,0,2,5,12,37,0
2027,7,3,371,32,PG,1,0,13,3,8,0.375,0,3,0.0,3,5,0.6,0.375,0,0,,0,0,0,4,0,0,0,0,6,0
2027,4,3,371,32,PG,17,0,219,52,120,0.433,23,58,0.397,29,62,0.468,0.529,14,15,0.933,3,18,21,24,7,3,10,22,141,0
1368,30,3,372,29,PF,44,0,463,62,109,0.569,14,26,0.538,48,83,0.578,0.633,42,52,0.808,33,52,85,27,5,11,18,58,180,0
2012,12,3,373,28,PG,32,11,566,69,190,0.363,27,90,0.3,42,100,0.42,0.434,15,17,0.882,8,37,45,62,12,4,33,51,180,0
1951,6,3,374,23,SG,11,11,316,68,151,0.45,11,45,0.244,57,106,0.538,0.487,29,39,0.744,13,23,36,23,10,0,31,25,176,0
1024,17,3,375,29,SF,48,6,473,70,128,0.547,2,14,0.143,68,114,0.596,0.555,29,46,0.63,40,61,101,22,16,12,26,68,171,0
1375,6,3,376,26,PG,36,5,502,64,154,0.416,19,55,0.345,45,99,0.455,0.477,24,38,0.632,14,53,67,91,25,1,36,39,171,0
1663,12,3,377,26,SF,27,1,444,70,168,0.417,22,74,0.297,48,94,0.511,0.482,9,13,0.692,16,37,53,21,13,9,14,36,171,0
1663,2,3,377,26,SF,3,0,6,0,3,0.0,0,1,0.0,0,2,0.0,0.0,0,0,,1,1,2,0,0,0,0,0,0,0
1136,7,3,378,22,C,26,1,169,27,50,0.54,0,0,,27,50,0.54,0.54,27,43,0.628,16,45,61,1,3,9,14,28,81,0
1136,6,3,378,22,C,14,5,176,37,58,0.638,0,0,,37,58,0.638,0.638,16,29,0.552,23,51,74,0,4,7,6,25,90,0
1109,5,3,379,24,C,55,7,549,72,123,0.585,0,0,,72,123,0.585,0.585,19,29,0.655,67,119,186,27,10,33,34,62,163,0
2099,28,3,380,27,SF,38,4,445,56,138,0.406,27,79,0.342,29,59,0.492,0.504,24,40,0.6,18,74,92,21,11,16,19,38,163,0
1466,17,3,381,29,PF,39,0,581,46,131,0.351,24,80,0.3,22,51,0.431,0.443,13,14,0.929,13,54,67,30,12,4,7,27,129,0
1466,13,3,381,29,SF,13,0,128,12,26,0.462,6,11,0.545,6,15,0.4,0.577,4,5,0.8,2,8,10,8,3,2,4,4,34,0
1150,29,3,382,21,SG,42,1,360,61,151,0.404,28,88,0.318,33,63,0.524,0.497,11,16,0.688,5,40,45,63,17,8,33,47,161,0
1630,17,3,383,33,C,13,11,298,61,131,0.466,19,53,0.358,42,78,0.538,0.538,20,23,0.87,19,34,53,6,8,15,12,34,161,0
2030,5,3,384,27,SG,40,0,459,55,134,0.41,35,91,0.385,20,43,0.465,0.541,16,20,0.8,3,47,50,20,8,3,8,18,161,0
1137,7,3,385,26,SG,49,3,628,59,155,0.381,28,92,0.304,31,63,0.492,0.471,14,15,0.933,26,123,149,34,14,7,23,56,160,0
1425,3,3,386,30,SF,14,14,423,56,124,0.452,41,88,0.466,15,36,0.417,0.617,5,6,0.833,5,51,56,14,7,2,16,31,158,0
1280,28,3,387,35,PG,5,2,90,13,34,0.382,4,14,0.286,9,20,0.45,0.441,10,10,1.0,2,12,14,9,5,1,1,8,40,0
1280,3,3,387,35,PG,16,6,408,44,117,0.376,12,49,0.245,32,68,0.471,0.427,17,23,0.739,11,40,51,77,14,3,33,37,117,0
1191,7,3,388,24,PF,34,0,346,62,134,0.463,8,25,0.32,54,109,0.495,0.493,22,33,0.667,33,70,103,17,13,12,17,64,154,0
1266,1,3,389,32,C,44,3,371,53,112,0.473,29,68,0.426,24,44,0.545,0.603,19,26,0.731,32,89,121,34,11,13,20,52,154,0
1649,17,3,390,22,PF,41,3,407,57,115,0.496,22,52,0.423,35,63,0.556,0.591,18,22,0.818,35,47,82,22,9,9,15,28,154,0
1935,21,3,391,22,C,22,2,421,58,101,0.574,13,29,0.448,45,72,0.625,0.639,24,29,0.828,34,59,93,19,6,15,22,52,153,0
2141,5,3,392,20,PF,17,9,422,54,102,0.529,15,29,0.517,39,73,0.534,0.603,30,41,0.732,17,52,69,15,9,9,16,28,153,0
1823,24,3,393,27,PG,50,1,549,67,175,0.383,4,18,0.222,63,157,0.401,0.394,12,32,0.375,21,67,88,99,25,6,47,38,150,0
1893,4,3,394,24,C,50,5,367,60,90,0.667,0,0,,60,90,0.667,0.667,30,43,0.698,34,52,86,13,9,21,24,51,150,0
1940,22,3,395,24,SF,38,1,469,54,129,0.419,26,79,0.329,28,50,0.56,0.519,12,15,0.8,17,72,89,25,4,5,21,58,146,0
1104,4,3,396,21,SG,31,0,304,49,141,0.348,17,49,0.347,32,92,0.348,0.408,27,31,0.871,22,30,52,26,7,1,15,29,142,0
1619,19,3,397,20,PG,24,0,341,59,146,0.404,13,58,0.224,46,88,0.523,0.449,10,12,0.833,9,30,39,49,11,1,26,17,141,0
1347,3,3,398,24,PF,1,0,1,0,0,,0,0,,0,0,,,0,0,,0,1,1,0,0,0,0,0,0,0
1347,13,3,398,24,PF,6,0,46,5,13,0.385,2,5,0.4,3,8,0.375,0.462,2,4,0.5,5,9,14,2,1,2,3,11,14,0
1347,14,3,398,24,PF,19,5,311,49,97,0.505,6,23,0.261,43,74,0.581,0.536,23,38,0.605,34,48,82,12,4,9,13,57,127,0
2168,25,3,399,29,C,27,0,355,51,90,0.567,0,4,0.0,51,86,0.593,0.567,38,49,0.776,50,75,125,22,8,6,19,56,140,0
1582,18,3,400,24,PF,37,2,267,45,88,0.511,4,13,0.308,41,75,0.547,0.534,44,60,0.733,32,53,85,22,7,8,18,42,138,0
1793,18,3,401,23,SG,49,6,516,42,104,0.404,14,47,0.298,28,57,0.491,0.471,35,51,0.686,29,41,70,25,26,12,23,53,133,0
1006,15,3,402,21,PF,32,0,360,53,132,0.402,6,48,0.125,47,84,0.56,0.424,20,32,0.625,33,54,87,21,6,10,16,36,132,0
1066,14,3,403,32,SF,39,14,545,45,139,0.324,29,80,0.363,16,59,0.271,0.428,13,17,0.765,13,56,69,34,25,9,21,70,132,0
1444,2,3,404,26,PF,18,0,96,5,27,0.185,3,18,0.167,2,9,0.222,0.241,6,9,0.667,9,16,25,3,4,2,6,7,19,0
1444,27,3,404,26,PF,5,0,51,2,6,0.333,0,3,0.0,2,3,0.667,0.333,3,4,0.75,4,11,15,3,1,1,2,0,7,0
1444,29,3,404,26,PF,17,9,298,37,73,0.507,21,48,0.438,16,25,0.64,0.651,10,21,0.476,15,45,60,14,9,7,8,18,105,0
1234,15,3,405,22,SG,37,0,338,51,135,0.378,12,47,0.255,39,88,0.443,0.422,16,34,0.471,13,35,48,33,20,5,20,42,130,0
1742,16,3,406,32,PF,17,1,298,54,114,0.474,13,39,0.333,41,75,0.547,0.531,8,9,0.889,17,28,45,23,6,1,20,33,129,0
1564,2,3,407,29,C,35,1,411,51,97,0.526,2,5,0.4,49,92,0.533,0.536,24,28,0.857,61,99,160,8,5,14,20,42,128,0
1475,8,3,408,22,SG,31,0,176,39,101,0.386,28,70,0.4,11,31,0.355,0.525,20,23,0.87,2,10,12,7,9,0,7,17,126,0
1480,29,3,409,23,SF,14,1,112,15,36,0.417,10,28,0.357,5,8,0.625,0.556,3,3,1.0,2,15,17,6,4,1,7,7,43,0
1480,25,3,409,23,SG,22,3,322,32,108,0.296,15,67,0.224,17,41,0.415,0.366,4,6,0.667,4,37,41,16,10,7,10,32,83,0
1490,10,3,410,38,SF,31,0,603,46,121,0.38,17,74,0.23,29,47,0.617,0.45,15,20,0.75,21,79,100,114,27,22,28,34,124,0
1626,9,3,411,23,SF,19,5,383,41,90,0.456,27,64,0.422,14,26,0.538,0.606,12,14,0.857,15,42,57,21,13,7,15,37,121,0
2039,15,3,412,23,C,36,3,461,43,127,0.339,27,86,0.314,16,41,0.39,0.445,5,8,0.625,21,39,60,22,23,15,13,58,118,0
1884,23,3,413,22,C,38,2,302,54,96,0.563,2,8,0.25,52,88,0.591,0.573,6,14,0.429,44,48,92,16,33,14,10,57,116,0
1714,3,3,414,36,C,24,0,270,32,85,0.376,6,27,0.222,26,58,0.448,0.412,12,17,0.706,29,60,89,24,5,11,11,48,82,0
1714,23,3,414,36,C,9,1,106,13,30,0.433,2,8,0.25,11,22,0.5,0.467,5,7,0.714,12,13,25,5,5,2,8,19,33,0
2148,6,3,415,25,SF,50,0,459,37,98,0.378,21,70,0.3,16,28,0.571,0.485,15,18,0.833,21,68,89,34,14,3,16,47,110,0
2079,24,3,416,27,PF,45,0,359,41,104,0.394,19,59,0.322,22,45,0.489,0.486,7,12,0.583,27,27,54,15,20,6,13,49,108,0
1287,25,3,417,27,PG,14,3,336,44,102,0.431,1,11,0.091,43,91,0.473,0.436,17,18,0.944,9,40,49,79,23,3,32,38,106,0
1286,3,3,418,22,PG,22,7,341,39,108,0.361,9,37,0.243,30,71,0.423,0.403,17,21,0.81,30,37,67,17,14,7,9,36,104,0
1456,21,3,419,22,SF,7,5,240,44,90,0.489,9,25,0.36,35,65,0.538,0.539,6,14,0.429,30,54,84,17,6,5,8,14,103,0
1018,6,3,420,28,SF,3,0,47,4,8,0.5,2,6,0.333,2,2,1.0,0.625,3,4,0.75,0,6,6,6,1,0,2,4,13,0
1018,12,3,420,28,SF,13,6,269,32,87,0.368,13,53,0.245,19,34,0.559,0.443,12,15,0.8,4,36,40,27,7,6,6,18,89,0
1196,19,3,421,27,PF,38,1,378,33,88,0.375,28,70,0.4,5,18,0.278,0.534,7,10,0.7,23,67,90,18,13,7,10,20,101,0
1797,16,3,422,29,SG,8,1,173,35,73,0.479,15,36,0.417,20,37,0.541,0.582,14,19,0.737,3,20,23,28,5,1,16,13,99,0
1655,7,3,423,33,C,23,0,128,42,70,0.6,1,4,0.25,41,66,0.621,0.607,13,22,0.591,8,31,39,3,0,3,15,24,98,0
1788,17,3,424,27,PF,20,0,308,18,70,0.257,11,41,0.268,7,29,0.241,0.336,10,13,0.769,25,33,58,5,5,5,5,26,57,0
1788,13,3,424,27,PF,10,0,98,12,29,0.414,4,9,0.444,8,20,0.4,0.483,13,16,0.813,2,14,16,4,2,1,4,4,41,0
1279,8,3,425,25,SG,18,0,340,36,99,0.364,15,48,0.313,21,51,0.412,0.439,10,13,0.769,14,49,63,29,11,6,13,33,97,0
1029,14,3,426,36,SF,24,11,462,33,99,0.333,20,74,0.27,13,25,0.52,0.434,10,18,0.556,10,72,82,27,13,6,11,20,96,0
1090,25,3,427,26,SF,31,1,349,34,111,0.306,21,72,0.292,13,39,0.333,0.401,6,11,0.545,16,29,45,19,13,1,17,29,95,0
1563,24,3,428,28,C,9,0,181,36,66,0.545,5,15,0.333,31,51,0.608,0.583,18,20,0.9,11,30,41,13,8,7,5,14,95,0
1583,20,3,429,22,SF,13,0,111,15,40,0.375,10,28,0.357,5,12,0.417,0.5,7,10,0.7,8,14,22,3,2,1,5,5,47,0
1583,1,3,429,22,SF,17,0,111,16,45,0.356,5,26,0.192,11,19,0.579,0.411,9,12,0.75,6,16,22,7,2,1,2,14,46,0
1830,25,3,430,21,PF,9,1,177,39,78,0.5,3,16,0.188,36,62,0.581,0.519,9,15,0.6,15,31,46,12,9,6,11,30,90,0
1830,12,3,430,21,PF,1,0,10,1,1,1.0,0,0,,1,1,1.0,1.0,0,0,,0,1,1,0,0,0,0,3,2,0
1971,20,3,431,23,PF,41,5,555,39,54,0.722,0,0,,39,54,0.722,0.722,12,29,0.414,61,108,169,21,11,22,20,66,90,0
1677,20,3,432,21,PG,40,2,372,32,108,0.296,17,68,0.25,15,40,0.375,0.375,8,12,0.667,4,38,42,41,14,1,5,45,89,0
1851,8,3,433,23,SF,9,9,265,37,103,0.359,10,48,0.208,27,55,0.491,0.408,5,9,0.556,9,50,59,17,10,2,12,16,89,0
1319,2,3,434,23,C,20,0,58,7,14,0.5,1,1,1.0,6,13,0.462,0.536,4,5,0.8,7,8,15,4,0,3,5,6,19,0
1319,11,3,434,23,C,10,0,94,29,41,0.707,0,1,0.0,29,40,0.725,0.707,11,19,0.579,11,29,40,3,1,8,9,18,69,0
1561,17,3,435,23,SF,9,0,48,5,11,0.455,2,4,0.5,3,7,0.429,0.545,4,9,0.444,4,4,8,0,1,1,4,8,16,0
1561,21,3,435,23,SF,4,4,166,26,56,0.464,8,22,0.364,18,34,0.529,0.536,10,21,0.476,2,11,13,12,10,1,16,11,70,0
1776,20,3,436,27,C,25,11,562,32,60,0.533,0,3,0.0,32,57,0.561,0.533,21,30,0.7,48,93,141,23,30,31,20,67,85,0
2093,12,3,437,32,PG,22,1,293,26,72,0.361,4,17,0.235,22,55,0.4,0.389,20,22,0.909,6,29,35,48,5,6,23,42,76,0
2093,30,3,437,32,PG,1,1,27,2,5,0.4,0,0,,2,5,0.4,0.4,3,3,1.0,0,4,4,7,2,0,0,3,7,0
1180,28,3,438,20,SF,36,0,281,31,67,0.463,10,28,0.357,21,39,0.538,0.537,9,9,1.0,37,35,72,11,8,4,8,32,81,0
1608,18,3,439,27,SF,34,1,231,30,73,0.411,8,35,0.229,22,38,0.579,0.466,13,18,0.722,6,30,36,9,7,5,10,12,81,0
1035,29,3,440,22,C,17,6,195,37,49,0.755,0,0,,37,49,0.755,0.755,6,11,0.545,18,53,71,0,1,11,12,25,80,0
1674,1,3,441,24,SG,28,5,220,32,64,0.5,8,25,0.32,24,39,0.615,0.563,8,9,0.889,5,20,25,17,7,0,10,9,80,0
2123,17,3,442,23,PG,19,0,199,26,61,0.426,9,26,0.346,17,35,0.486,0.5,19,35,0.543,3,22,25,23,5,1,12,17,80,0
1572,23,3,443,24,SF,2,0,6,1,2,0.5,0,1,0.0,1,1,1.0,0.5,0,0,,1,1,2,1,1,0,2,1,2,0
1572,9,3,443,24,SF,9,0,191,32,70,0.457,6,20,0.3,26,50,0.52,0.5,7,13,0.538,12,36,48,10,9,11,9,25,77,0
1906,17,3,444,24,PG,17,0,198,18,57,0.316,10,37,0.27,8,20,0.4,0.404,2,2,1.0,2,11,13,21,8,0,11,17,48,0
1906,26,3,444,24,PG,3,0,15,1,8,0.125,0,3,0.0,1,5,0.2,0.125,0,0,,0,1,1,2,0,0,1,2,2,0
1906,9,3,444,24,PG,5,0,91,9,28,0.321,8,21,0.381,1,7,0.143,0.464,2,6,0.333,2,5,7,9,1,1,5,8,28,0
1773,11,3,445,19,SG,24,0,261,27,67,0.403,7,26,0.269,20,41,0.488,0.455,16,30,0.533,7,26,33,40,15,0,26,21,77,0
1796,16,3,446,22,PF,21,0,244,30,69,0.435,9,26,0.346,21,43,0.488,0.5,8,11,0.727,11,30,41,14,4,7,5,25,77,0
1731,18,3,447,31,C,4,0,81,13,22,0.591,0,0,,13,22,0.591,0.591,3,7,0.429,6,18,24,16,4,6,7,9,29,0
1731,30,3,447,31,C,2,0,18,4,8,0.5,0,0,,4,8,0.5,0.5,0,0,,7,3,10,1,1,1,2,2,8,0
1731,17,3,447,31,C,5,0,70,11,22,0.5,0,0,,11,22,0.5,0.5,5,9,0.556,11,10,21,2,3,2,3,7,27,0
1731,29,3,447,31,C,3,0,26,4,5,0.8,0,0,,4,5,0.8,0.8,4,7,0.571,6,3,9,3,0,1,0,6,12,0
1402,16,3,448,24,SG,19,0,186,26,65,0.4,14,40,0.35,12,25,0.48,0.508,8,12,0.667,4,13,17,17,7,1,13,12,74,0
1452,1,3,449,26,SG,3,0,46,5,8,0.625,3,5,0.6,2,3,0.667,0.813,4,4,1.0,2,4,6,1,4,1,0,7,17,0
1452,5,3,449,26,SF,16,0,166,19,44,0.432,10,31,0.323,9,13,0.692,0.545,7,10,0.7,9,20,29,7,3,2,3,17,55,0
1058,23,3,450,21,C,23,0,168,30,47,0.638,0,4,0.0,30,43,0.698,0.638,9,12,0.75,22,40,62,7,5,17,8,32,69,0
2066,6,3,451,28,SG,22,0,204,23,62,0.371,18,44,0.409,5,18,0.278,0.516,0,0,,9,29,38,11,7,0,10,17,64,0
2066,29,3,451,28,SG,2,0,18,2,4,0.5,1,3,0.333,1,1,1.0,0.625,0,0,,0,4,4,0,1,0,2,3,5,0
1747,22,3,452,27,PG,15,2,195,20,67,0.299,13,46,0.283,7,21,0.333,0.396,2,2,1.0,2,19,21,3,4,1,8,12,55,0
1747,16,3,452,27,PG,2,1,44,4,10,0.4,4,8,0.5,0,2,0.0,0.6,2,2,1.0,0,3,3,2,0,1,0,1,14,0
1187,10,3,453,26,PG,34,1,372,24,81,0.296,17,53,0.321,7,28,0.25,0.401,2,3,0.667,9,27,36,65,13,0,32,32,67,0
1218,5,3,454,24,PF,20,2,200,23,38,0.605,0,0,,23,38,0.605,0.605,21,32,0.656,16,37,53,3,4,4,7,28,67,0
2036,4,3,455,19,PF,33,0,262,24,55,0.436,7,27,0.259,17,28,0.607,0.5,12,20,0.6,11,32,43,19,8,11,10,26,67,0
1432,2,3,456,24,SF,26,0,158,23,50,0.46,19,44,0.432,4,6,0.667,0.65,0,0,,5,24,29,10,1,2,2,7,65,0
1160,8,3,457,24,PF,15,1,176,23,41,0.561,7,12,0.583,16,29,0.552,0.646,9,14,0.643,8,23,31,17,2,3,9,18,62,0
2120,27,3,458,22,SG,29,0,205,20,56,0.357,14,43,0.326,6,13,0.462,0.482,7,13,0.538,4,10,14,9,4,3,2,14,61,0
1874,26,3,459,20,SG,19,0,134,24,58,0.414,5,18,0.278,19,40,0.475,0.457,7,14,0.5,4,9,13,7,1,1,5,10,60,0
1692,5,3,460,29,SF,17,3,206,24,61,0.393,9,27,0.333,15,34,0.441,0.467,2,8,0.25,13,20,33,5,2,3,7,26,59,0
1734,13,3,461,27,SG,10,0,137,25,51,0.49,5,14,0.357,20,37,0.541,0.539,3,5,0.6,2,12,14,24,7,3,6,9,58,0
1260,21,3,462,25,PF,13,3,188,25,47,0.532,0,5,0.0,25,42,0.595,0.532,6,11,0.545,17,42,59,2,5,9,7,33,56,0
1815,2,3,463,26,PF,12,0,112,18,38,0.474,8,16,0.5,10,22,0.455,0.579,9,9,1.0,5,23,28,6,4,1,8,13,53,0
1530,1,3,464,20,PF,22,0,120,22,41,0.537,3,13,0.231,19,28,0.679,0.573,5,7,0.714,2,24,26,3,3,2,9,9,52,0
1999,9,3,465,22,SG,9,1,155,19,46,0.413,4,17,0.235,15,29,0.517,0.457,10,10,1.0,5,14,19,4,5,2,6,17,52,0
1977,17,3,466,22,PG,13,1,160,11,43,0.256,4,18,0.222,7,25,0.28,0.302,5,6,0.833,4,15,19,14,4,2,9,11,31,0
1977,16,3,466,22,PG,4,0,40,8,17,0.471,4,9,0.444,4,8,0.5,0.588,0,0,,1,4,5,2,2,1,2,1,20,0
1097,18,3,467,21,SF,35,2,241,17,54,0.315,5,18,0.278,12,36,0.333,0.361,11,13,0.846,16,27,43,21,6,0,13,26,50,0
1161,22,3,468,25,PG,5,0,145,15,44,0.341,15,37,0.405,0,7,0.0,0.511,5,7,0.714,1,5,6,10,5,3,5,9,50,0
1384,22,3,469,25,PG,8,3,171,18,38,0.474,11,26,0.423,7,12,0.583,0.618,3,4,0.75,1,20,21,20,5,1,9,13,50,0
1835,9,3,470,24,PF,13,0,176,18,50,0.36,13,39,0.333,5,11,0.455,0.49,1,2,0.5,6,26,32,7,0,7,5,12,50,0
1944,13,3,471,21,SG,18,0,121,18,46,0.391,6,21,0.286,12,25,0.48,0.457,7,10,0.7,2,14,16,8,4,3,7,9,49,0
1355,11,3,472,19,PF,24,2,240,19,44,0.432,5,20,0.25,14,24,0.583,0.489,5,7,0.714,21,62,83,17,10,11,6,28,48,0
1837,7,3,473,26,SF,19,0,148,14,39,0.359,10,30,0.333,4,9,0.444,0.487,10,10,1.0,2,19,21,17,5,2,5,12,48,0
1155,27,3,474,25,PF,15,0,121,21,31,0.677,0,0,,21,31,0.677,0.677,4,7,0.571,8,34,42,6,8,7,3,16,46,0
1576,26,3,475,22,SF,10,0,104,15,47,0.319,8,27,0.296,7,20,0.35,0.404,7,10,0.7,0,12,12,9,2,1,0,14,45,0
1871,26,3,476,22,C,15,0,120,17,38,0.447,0,0,,17,38,0.447,0.447,11,17,0.647,14,17,31,6,1,8,6,18,45,0
1969,21,3,477,24,PG,4,4,174,19,52,0.365,1,8,0.125,18,44,0.409,0.375,5,5,1.0,2,19,21,30,5,4,10,15,44,0
1450,16,3,478,25,SF,19,1,163,16,46,0.348,9,28,0.321,7,18,0.389,0.446,2,5,0.4,10,16,26,6,2,3,3,13,43,0
1870,11,3,479,24,SG,10,0,74,15,33,0.455,9,24,0.375,6,9,0.667,0.591,4,4,1.0,7,9,16,4,5,1,7,6,43,0
1524,5,3,480,25,PF,16,0,121,12,23,0.522,0,2,0.0,12,21,0.571,0.522,4,7,0.571,16,20,36,8,3,0,8,15,28,0
1524,30,3,480,25,PF,3,0,18,2,6,0.333,0,2,0.0,2,4,0.5,0.333,0,1,0.0,5,7,12,0,0,0,3,0,4,0
1524,19,3,480,25,PF,4,0,28,3,10,0.3,0,0,,3,10,0.3,0.3,3,4,0.75,7,6,13,1,2,0,1,3,9,0
1813,6,3,481,29,PG,24,3,166,15,46,0.326,6,26,0.231,9,20,0.45,0.391,3,4,0.75,2,9,11,30,3,0,7,11,39,0
1340,22,3,482,31,PG,10,3,200,13,43,0.302,6,17,0.353,7,26,0.269,0.372,5,9,0.556,5,14,19,33,3,1,13,24,37,0
1340,6,3,482,31,PG,2,0,8,1,2,0.5,0,0,,1,2,0.5,0.5,0,0,,0,0,0,1,0,0,2,3,2,0
1420,19,3,483,24,PG,5,0,43,14,26,0.538,5,12,0.417,9,14,0.643,0.635,4,4,1.0,2,0,2,14,4,1,2,5,37,0
1632,19,3,484,22,SF,2,0,7,0,3,0.0,0,3,0.0,0,0,,0.0,0,0,,2,0,2,1,0,0,0,0,0,0
1632,25,3,484,22,SG,7,1,122,12,30,0.4,9,20,0.45,3,10,0.3,0.55,2,2,1.0,3,12,15,4,2,2,5,13,35,0
1177,7,3,485,28,C,18,2,177,16,35,0.457,1,2,0.5,15,33,0.455,0.471,1,2,0.5,13,25,38,9,6,3,7,17,34,0
1177,23,3,485,28,C,2,0,6,0,0,,0,0,,0,0,,,0,0,,0,2,2,1,0,0,0,2,0,0
1758,24,3,486,28,SF,14,0,145,12,35,0.343,4,14,0.286,8,21,0.381,0.4,6,10,0.6,4,23,27,7,8,4,11,20,34,0
1094,8,3,487,22,PF,14,0,81,15,27,0.556,1,4,0.25,14,23,0.609,0.574,2,5,0.4,4,16,20,5,1,2,4,4,33,0
1338,21,3,488,25,SG,3,0,120,13,48,0.271,1,21,0.048,12,27,0.444,0.281,5,7,0.714,5,8,13,1,1,0,3,8,32,0
1431,16,3,489,41,C,13,0,83,14,31,0.452,1,4,0.25,13,27,0.481,0.468,3,3,1.0,4,21,25,4,1,1,5,15,32,0
1581,7,3,490,30,PG,5,0,65,10,25,0.4,4,17,0.235,6,8,0.75,0.48,8,8,1.0,0,8,8,8,1,0,4,5,32,0
2105,21,3,491,27,SF,9,3,156,12,35,0.343,6,26,0.231,6,9,0.667,0.429,1,2,0.5,3,24,27,8,3,3,4,10,31,0
1130,14,3,492,23,SF,2,0,21,1,7,0.143,0,3,0.0,1,4,0.25,0.143,0,0,,0,2,2,0,0,0,1,0,2,0
1130,1,3,492,23,SG,3,2,83,9,25,0.36,6,15,0.4,3,10,0.3,0.48,5,6,0.833,1,13,14,4,2,0,0,7,29,0
2107,10,3,493,25,SG,11,0,73,12,21,0.571,1,5,0.2,11,16,0.688,0.595,5,5,1.0,2,12,14,5,1,1,3,15,30,0
2146,28,3,494,25,PF,4,1,54,11,15,0.733,0,2,0.0,11,13,0.846,0.733,8,10,0.8,1,15,16,5,5,1,2,6,30,0
1129,7,3,495,24,SG,3,0,15,1,5,0.2,0,3,0.0,1,2,0.5,0.2,0,0,,0,1,1,1,2,1,0,2,2,0
1129,23,3,495,24,SG,19,2,162,9,34,0.265,1,9,0.111,8,25,0.32,0.279,9,10,0.9,14,17,31,5,8,3,5,16,28,0
1590,6,3,496,26,C,2,0,15,1,5,0.2,0,1,0.0,1,4,0.25,0.2,2,3,0.667,2,1,3,1,0,1,0,1,4,0
1590,17,3,496,26,C,1,0,3,0,1,0.0,0,0,,0,1,0.0,0.0,0,0,,1,0,1,0,0,0,0,1,0,0
1590,2,3,496,26,C,12,0,85,12,21,0.571,0,4,0.0,12,17,0.706,0.571,2,3,0.667,10,15,25,8,3,2,0,7,26,0
1276,5,3,497,22,PG,11,0,85,11,23,0.478,2,9,0.222,9,14,0.643,0.522,5,9,0.556,1,8,9,15,1,0,5,11,29,0
1307,3,3,498,31,SF,2,0,14,2,7,0.286,1,2,0.5,1,5,0.2,0.357,0,0,,2,3,5,0,1,1,0,0,5,0
1307,13,3,498,31,SF,2,0,28,7,11,0.636,2,4,0.5,5,7,0.714,0.727,4,4,1.0,2,3,5,0,1,1,1,4,20,0
1307,8,3,498,31,SF,3,0,14,2,6,0.333,0,2,0.0,2,4,0.5,0.333,0,1,0.0,1,1,2,3,0,0,1,1,4,0
1245,6,3,499,32,C,31,3,201,11,16,0.688,0,0,,11,16,0.688,0.688,6,14,0.429,14,50,64,7,3,9,5,33,28,0
1552,14,3,500,23,SG,4,0,51,7,15,0.467,1,4,0.25,6,11,0.545,0.5,12,15,0.8,1,9,10,4,2,0,1,8,27,0
1525,22,3,501,26,SF,4,0,65,11,25,0.44,4,10,0.4,7,15,0.467,0.52,0,0,,6,9,15,0,0,1,0,4,26,0
1963,18,3,502,25,PF,1,0,3,0,0,,0,0,,0,0,,,0,0,,0,1,1,0,0,0,0,0,0,0
1963,16,3,502,25,PF,9,0,88,8,15,0.533,0,0,,8,15,0.533,0.533,10,12,0.833,13,22,35,7,0,1,8,20,26,0
1702,15,3,503,25,SG,6,0,58,8,24,0.333,7,23,0.304,1,1,1.0,0.479,2,4,0.5,1,6,7,4,0,0,2,3,25,0
1296,9,3,504,23,SG,4,0,79,9,30,0.3,4,16,0.25,5,14,0.357,0.367,1,1,1.0,2,4,6,14,2,0,5,4,23,0
1800,1,3,505,25,SF,2,0,43,10,15,0.667,1,3,0.333,9,12,0.75,0.7,2,3,0.667,2,4,6,3,1,1,0,5,23,0
1498,1,3,506,27,SF,3,1,82,8,18,0.444,3,5,0.6,5,13,0.385,0.528,3,4,0.75,3,10,13,0,1,0,1,8,22,0
1550,4,3,507,21,C,21,0,63,9,14,0.643,1,2,0.5,8,12,0.667,0.679,3,8,0.375,3,8,11,4,1,2,6,8,22,0
1370,22,3,508,24,PF,9,2,119,9,22,0.409,0,1,0.0,9,21,0.429,0.409,3,7,0.429,13,23,36,5,3,9,5,18,21,0
2025,2,3,509,25,SG,12,0,60,8,18,0.444,2,9,0.222,6,9,0.667,0.5,3,5,0.6,2,8,10,11,1,1,6,7,21,0
1323,29,3,510,24,PF,7,0,35,2,9,0.222,2,4,0.5,0,5,0.0,0.333,0,0,,0,10,10,0,0,0,2,3,6,0
1323,2,3,510,24,PF,8,0,28,6,10,0.6,3,6,0.5,3,4,0.75,0.75,0,0,,2,5,7,5,0,0,0,1,15,0
2058,8,3,511,24,SG,3,0,29,1,2,0.5,1,2,0.5,0,0,,0.75,3,4,0.75,1,3,4,4,1,0,0,3,6,0
2058,17,3,511,24,SG,2,0,42,5,7,0.714,3,3,1.0,2,4,0.5,0.929,2,3,0.667,2,2,4,6,3,0,1,2,15,0
2042,30,3,512,20,PF,12,0,74,7,26,0.269,4,16,0.25,3,10,0.3,0.346,2,6,0.333,3,9,12,4,4,2,4,4,20,0
1164,4,3,513,20,C,4,1,17,3,6,0.5,0,0,,3,6,0.5,0.5,2,3,0.667,3,2,5,0,1,0,1,1,8,0
1164,30,3,513,20,C,3,0,27,4,7,0.571,0,0,,4,7,0.571,0.571,4,10,0.4,5,2,7,0,1,1,2,3,12,0
2092,9,3,514,26,PG,3,3,108,6,26,0.231,3,13,0.231,3,13,0.231,0.288,4,4,1.0,2,8,10,21,7,4,11,8,19,0
1278,10,3,515,24,PG,4,0,28,3,6,0.5,0,1,0.0,3,5,0.6,0.5,0,0,,1,6,7,3,0,1,1,2,6,0
1278,17,3,515,24,PG,1,0,3,0,1,0.0,0,1,0.0,0,0,,0.0,0,0,,0,0,0,0,0,0,0,0,0,0
1278,22,3,515,24,PG,4,0,77,5,19,0.263,1,7,0.143,4,12,0.333,0.289,2,2,1.0,7,4,11,7,5,0,4,3,13,0
1250,21,3,516,26,PF,7,0,56,8,14,0.571,2,4,0.5,6,10,0.6,0.643,0,0,,1,5,6,5,1,0,2,2,18,0
2000,16,3,517,28,SG,2,0,24,3,8,0.375,2,4,0.5,1,4,0.25,0.5,3,4,0.75,1,2,3,1,0,0,0,1,11,0
2000,2,3,517,28,SG,6,0,15,2,6,0.333,2,6,0.333,0,0,,0.5,1,2,0.5,0,0,0,1,0,0,1,0,7,0
1967,5,3,518,22,C,9,0,35,4,15,0.267,1,5,0.2,3,10,0.3,0.3,8,11,0.727,5,5,10,0,1,1,2,6,17,0
2088,19,3,519,27,SG,6,0,75,7,20,0.35,2,8,0.25,5,12,0.417,0.4,1,5,0.2,0,8,8,1,3,1,2,7,17,0
1538,23,3,520,29,PG,3,0,38,4,10,0.4,3,7,0.429,1,3,0.333,0.55,0,0,,1,5,6,2,1,1,1,4,11,0
1538,27,3,520,29,PG,3,0,53,2,10,0.2,2,6,0.333,0,4,0.0,0.3,0,0,,2,4,6,5,2,2,1,3,6,0
1028,20,3,521,27,PG,10,0,76,6,12,0.5,4,9,0.444,2,3,0.667,0.667,0,0,,0,8,8,4,1,0,3,5,16,0
1764,6,3,522,22,SG,14,0,63,6,18,0.333,0,2,0.0,6,16,0.375,0.333,3,4,0.75,3,4,7,12,1,0,3,2,15,0
1505,2,3,523,26,SF,1,0,2,0,1,0.0,0,0,,0,1,0.0,0.0,2,2,1.0,0,0,0,0,0,0,0,0,2,0
1505,24,3,523,26,SF,6,0,35,5,14,0.357,3,9,0.333,2,5,0.4,0.464,0,0,,1,6,7,2,0,0,1,3,13,0
1220,8,3,524,26,PF,13,0,38,5,15,0.333,1,8,0.125,4,7,0.571,0.367,3,4,0.75,7,7,14,3,1,1,4,7,14,0
1277,14,3,525,21,PF,2,0,16,5,8,0.625,1,2,0.5,4,6,0.667,0.688,3,4,0.75,2,4,6,0,3,2,2,1,14,0
1331,22,3,526,24,SF,5,0,74,6,20,0.3,2,15,0.133,4,5,0.8,0.35,0,0,,2,13,15,2,1,0,4,7,14,0
1690,25,3,527,24,SF,3,0,46,5,14,0.357,2,6,0.333,3,8,0.375,0.429,2,2,1.0,6,9,15,3,0,1,0,7,14,0
2150,30,3,528,23,PG,7,0,39,4,11,0.364,2,6,0.333,2,5,0.4,0.455,4,4,1.0,0,1,1,7,0,0,3,9,14,0
1350,3,3,529,30,SG,4,0,58,5,13,0.385,2,8,0.25,3,5,0.6,0.462,0,0,,1,7,8,5,0,0,5,5,12,0
1350,17,3,529,30,SG,3,0,49,1,13,0.077,0,8,0.0,1,5,0.2,0.077,0,0,,2,8,10,7,1,0,1,2,2,0
1354,16,3,530,23,SG,12,0,128,5,21,0.238,1,4,0.25,4,17,0.235,0.262,2,5,0.4,9,14,23,7,5,3,2,16,13,0
1637,24,3,531,27,SG,4,0,44,5,19,0.263,3,8,0.375,2,11,0.182,0.342,0,0,,2,5,7,11,3,0,3,7,13,0
1846,15,3,532,22,SF,12,0,71,5,16,0.313,3,9,0.333,2,7,0.286,0.406,0,2,0.0,5,7,12,1,1,4,1,6,13,0
1860,23,3,533,24,PG,11,0,52,5,17,0.294,1,6,0.167,4,11,0.364,0.324,2,2,1.0,1,5,6,3,1,0,3,8,13,0
1100,28,3,534,22,SF,15,0,69,3,13,0.231,1,4,0.25,2,9,0.222,0.269,5,8,0.625,4,3,7,4,8,2,2,10,12,0
1314,6,3,535,26,C,11,1,59,5,12,0.417,0,0,,5,12,0.417,0.417,2,7,0.286,7,16,23,2,0,6,3,3,12,0
1856,9,3,536,23,C,3,0,31,5,11,0.455,0,2,0.0,5,9,0.556,0.455,2,2,1.0,4,5,9,0,1,1,1,4,12,0
1261,9,3,537,25,C,3,0,31,3,8,0.375,0,0,,3,8,0.375,0.375,5,6,0.833,4,8,12,0,1,0,1,6,11,0
2101,28,3,538,24,PG,2,0,42,3,12,0.25,2,9,0.222,1,3,0.333,0.333,0,0,,0,4,4,7,4,0,4,2,8,0
2101,30,3,538,24,PG,1,0,8,1,2,0.5,0,0,,1,2,0.5,0.5,0,0,,0,0,0,0,1,0,0,2,2,0
1808,28,3,539,22,C,3,0,27,3,6,0.5,0,1,0.0,3,5,0.6,0.5,3,5,0.6,1,4,5,0,0,2,0,1,9,0
1453,1,3,540,30,SF,13,1,139,3,20,0.15,2,13,0.154,1,7,0.143,0.2,0,0,,6,17,23,12,4,2,1,16,8,0
1769,6,3,541,24,PG,1,0,8,3,5,0.6,0,1,0.0,3,4,0.75,0.6,2,2,1.0,0,1,1,1,0,0,1,0,8,0
2162,12,3,542,28,SG,2,0,21,2,7,0.286,1,6,0.167,1,1,1.0,0.357,3,5,0.6,0,2,2,4,2,1,1,4,8,0
1680,5,3,543,23,PG,1,0,3,1,1,1.0,0,0,,1,1,1.0,1.0,0,0,,0,0,0,0,0,0,1,0,2,0
1680,14,3,543,23,SG,1,0,22,2,5,0.4,1,3,0.333,1,2,0.5,0.5,1,1,1.0,0,3,3,1,1,1,2,5,6,0
1219,1,3,544,20,PG,13,0,39,3,14,0.214,1,6,0.167,2,8,0.25,0.25,0,0,,0,5,5,5,0,0,5,1,7,0
1803,7,3,545,24,SF,4,0,18,2,5,0.4,1,2,0.5,1,3,0.333,0.5,2,4,0.5,2,5,7,2,0,0,0,2,7,0
2154,26,3,546,22,SF,12,0,42,2,16,0.125,1,4,0.25,1,12,0.083,0.156,2,2,1.0,5,6,11,3,1,1,1,3,7,0
1059,24,3,547,26,SF,2,0,7,2,6,0.333,0,2,0.0,2,4,0.5,0.333,2,2,1.0,2,2,4,0,1,0,2,2,6,0
1669,15,3,548,26,SG,6,0,16,2,6,0.333,2,6,0.333,0,0,,0.5,0,0,,0,2,2,1,1,0,0,1,6,0
1827,29,3,549,28,C,3,0,19,3,5,0.6,0,0,,3,5,0.6,0.6,0,0,,3,3,6,0,0,1,2,1,6,0
1943,6,3,550,25,SF,2,0,11,3,6,0.5,0,1,0.0,3,5,0.6,0.5,0,0,,1,1,2,0,1,1,0,2,6,0
2011,30,3,551,28,SG,3,0,19,3,4,0.75,0,1,0.0,3,3,1.0,0.75,0,0,,0,0,0,1,4,0,1,7,6,0
1740,28,3,552,24,PF,1,0,27,2,3,0.667,1,2,0.5,1,1,1.0,0.833,0,0,,2,2,4,1,0,0,0,3,5,0
1740,2,3,552,24,PF,1,0,4,0,0,,0,0,,0,0,,,0,0,,0,0,0,0,0,0,0,0,0,0
1805,29,3,553,24,SG,16,0,44,2,9,0.222,1,8,0.125,1,1,1.0,0.278,0,1,0.0,1,6,7,5,0,0,1,7,5,0
1938,30,3,554,23,SG,4,0,30,1,11,0.091,1,6,0.167,0,5,0.0,0.136,2,2,1.0,2,6,8,0,1,0,1,0,5,0
1948,20,3,555,27,SG,3,0,19,1,4,0.25,1,2,0.5,0,2,0.0,0.375,2,4,0.5,0,1,1,1,0,0,0,1,5,0
1991,15,3,556,24,SF,2,0,8,0,2,0.0,0,2,0.0,0,0,,0.0,0,0,,1,1,2,0,0,0,0,2,0,0
1991,29,3,556,24,SF,7,0,31,2,8,0.25,1,6,0.167,1,2,0.5,0.313,0,0,,1,3,4,1,0,0,0,0,5,0
2158,18,3,557,23,PG,5,0,19,2,3,0.667,1,2,0.5,1,1,1.0,0.833,0,0,,0,0,0,3,0,0,1,1,5,0
2159,13,3,558,23,PF,1,0,1,0,0,,0,0,,0,0,,,0,0,,0,0,0,1,0,0,0,0,0,0
2159,7,3,558,23,PF,3,0,13,1,4,0.25,0,1,0.0,1,3,0.333,0.25,3,3,1.0,1,2,3,1,0,1,0,0,5,0
1207,14,3,559,34,PG,3,0,37,2,7,0.286,0,3,0.0,2,4,0.5,0.286,0,0,,0,4,4,2,1,0,1,5,4,0
1275,20,3,560,27,SG,2,0,21,2,4,0.5,0,1,0.0,2,3,0.667,0.5,0,0,,0,2,2,1,0,0,0,0,4,0
1427,3,3,561,28,SG,2,0,23,2,6,0.333,0,2,0.0,2,4,0.5,0.333,0,0,,1,3,4,3,1,1,2,3,4,0
1468,21,3,562,32,SG,1,0,18,2,4,0.5,0,1,0.0,2,3,0.667,0.5,0,0,,0,1,1,1,0,0,2,1,4,0
1486,24,3,563,25,SF,6,0,22,1,2,0.5,0,0,,1,2,0.5,0.5,2,2,1.0,0,5,5,2,0,0,4,1,4,0
1549,14,3,564,26,SF,2,0,15,2,3,0.667,0,0,,2,3,0.667,0.667,0,0,,2,1,3,0,1,0,0,2,4,0
1540,7,3,565,24,PG,3,0,19,0,7,0.0,0,1,0.0,0,6,0.0,0.0,2,2,1.0,1,2,3,5,1,0,3,0,2,0
1540,8,3,565,24,PG,2,0,4,1,2,0.5,0,0,,1,2,0.5,0.5,0,0,,0,0,0,0,0,0,0,0,2,0
1300,21,3,566,25,SG,2,0,11,1,4,0.25,1,4,0.25,0,0,,0.375,0,0,,0,3,3,0,0,0,1,0,3,0
1746,26,3,567,25,PG,2,0,11,0,2,0.0,0,0,,0,2,0.0,0.0,3,4,0.75,0,0,0,4,1,0,1,1,3,0
1921,2,3,568,24,SF,1,0,5,1,5,0.2,1,5,0.2,0,0,,0.3,0,0,,0,0,0,0,1,0,0,0,3,0
1972,9,3,569,21,SG,3,0,27,1,10,0.1,1,7,0.143,0,3,0.0,0.15,0,0,,0,6,6,1,3,1,0,4,3,0
1033,30,3,570,21,SG,7,0,20,1,6,0.167,0,1,0.0,1,5,0.2,0.167,0,0,,1,2,3,4,0,0,0,0,2,0
1143,15,3,571,25,SG,2,0,10,1,4,0.25,0,2,0.0,1,2,0.5,0.25,0,0,,1,1,2,2,1,0,2,1,2,0
1178,12,3,572,25,SG,1,0,1,1,1,1.0,0,0,,1,1,1.0,1.0,0,0,,0,0,0,0,0,0,0,0,2,0
1235,25,3,573,24,SG,3,0,12,1,2,0.5,0,1,0.0,1,1,1.0,0.5,0,0,,1,2,3,1,0,0,0,2,2,0
1440,23,3,574,22,SF,6,0,17,1,5,0.2,0,1,0.0,1,4,0.25,0.2,0,0,,0,1,1,0,0,2,2,2,2,0
1518,15,3,575,24,SG,3,0,9,1,2,0.5,0,1,0.0,1,1,1.0,0.5,0,0,,0,2,2,1,0,0,0,1,2,0
1531,2,3,576,40,SG,1,0,2,1,1,1.0,0,0,,1,1,1.0,1.0,0,0,,0,0,0,0,0,0,0,0,2,0
1741,27,3,577,26,SG,3,0,16,0,6,0.0,0,2,0.0,0,4,0.0,0.0,2,4,0.5,0,2,2,2,0,0,1,2,2,0
1998,23,3,578,19,SG,2,0,6,1,1,1.0,0,0,,1,1,1.0,1.0,0,0,,1,1,2,0,0,2,1,0,2,0
2021,15,3,579,21,PG,2,0,3,1,1,1.0,0,0,,1,1,1.0,1.0,0,0,,0,0,0,0,0,0,0,1,2,0
1575,7,3,580,28,SF,4,0,19,0,5,0.0,0,4,0.0,0,1,0.0,0.0,1,2,0.5,0,5,5,0,0,0,1,4,1,0
1621,4,3,581,21,SG,2,0,7,0,0,,0,0,,0,0,,,1,2,0.5,0,0,0,1,1,0,0,0,1,0
1050,1,3,582,27,PG,3,0,13,0,4,0.0,0,0,,0,4,0.0,0.0,0,4,0.0,1,2,3,3,0,0,1,1,0,0
1073,5,3,583,27,C,1,0,2,0,0,,0,0,,0,0,,,0,0,,1,0,1,0,1,0,0,2,0,0
1186,29,3,584,26,SF,1,0,5,0,3,0.0,0,2,0.0,0,1,0.0,0.0,0,0,,0,0,0,0,0,0,0,0,0,0
1252,28,3,585,27,PF,1,0,1,0,0,,0,0,,0,0,,,0,0,,0,0,0,0,0,0,0,0,0,0
1253,17,3,586,23,C,1,0,3,0,0,,0,0,,0,0,,,0,0,,0,1,1,0,1,0,0,1,0,0
1292,30,3,587,24,C,1,0,3,0,0,,0,0,,0,0,,,0,0,,0,0,0,0,0,0,0,0,0,0
1376,30,3,588,23,SG,2,0,6,0,3,0.0,0,1,0.0,0,2,0.0,0.0,0,0,,0,1,1,0,0,0,0,1,0,0
1411,20,3,589,24,SG,1,0,2,0,0,,0,0,,0,0,,,0,0,,0,0,0,0,0,0,0,0,0,0
1455,12,3,590,22,SG,2,0,2,0,1,0.0,0,0,,0,1,0.0,0.0,0,0,,0,0,0,0,0,0,1,0,0,0
1479,14,3,591,23,C,4,0,20,0,3,0.0,0,2,0.0,0,1,0.0,0.0,0,0,,1,3,4,1,1,1,1,1,0,0
1483,20,3,592,22,SF,2,0,8,0,2,0.0,0,0,,0,2,0.0,0.0,0,0,,1,0,1,1,1,0,1,1,0,0
1516,12,3,593,24,SG,1,0,1,0,0,,0,0,,0,0,,,0,0,,0,0,0,0,0,0,0,0,0,0
1528,28,3,594,20,SG,2,0,2,0,1,0.0,0,1,0.0,0,0,,0.0,0,0,,0,0,0,0,0,0,0,0,0,0
1593,4,3,595,24,SF,2,0,5,0,1,0.0,0,1,0.0,0,0,,0.0,0,0,,0,0,0,0,0,0,0,1,0,0
1598,27,3,596,24,SF,2,0,8,0,2,0.0,0,2,0.0,0,0,,0.0,0,0,,0,1,1,2,0,0,0,0,0,0
1693,7,3,597,24,PG,4,0,11,0,2,0.0,0,1,0.0,0,1,0.0,0.0,0,0,,0,0,0,2,0,0,0,1,0,0
1707,2,3,598,34,SG,1,0,2,0,0,,0,0,,0,0,,,0,0,,0,0,0,0,0,0,0,1,0,0
1733,20,3,599,25,SG,1,0,2,0,1,0.0,0,1,0.0,0,0,,0.0,0,0,,0,0,0,0,1,0,1,0,0,0
1748,26,3,600,24,SG,1,0,1,0,0,,0,0,,0,0,,,0,0,,0,0,0,0,0,0,0,0,0,0
1811,9,3,601,27,PG,1,0,7,0,3,0.0,0,2,0.0,0,1,0.0,0.0,0,0,,0,1,1,1,0,0,1,2,0,0
1812,9,3,602,27,SG,1,0,17,0,1,0.0,0,0,,0,1,0.0,0.0,0,0,,0,2,2,0,0,0,1,2,0,0
2020,24,3,603,25,PF,3,0,18,0,5,0.0,0,0,,0,5,0.0,0.0,0,0,,8,7,15,2,1,0,5,4,0,0
2022,15,3,604,24,C,3,0,8,0,1,0.0,0,0,,0,1,0.0,0.0,0,2,0.0,0,2,2,1,1,0,0,1,0,0
2085,24,3,605,23,SG,2,0,8,0,4,0.0,0,2,0.0,0,2,0.0,0.0,0,0,,0,1,1,1,2,0,0,1,0,0
2014,2,4,1,24,SF,74,74,2732,727,1559,0.466,240,686,0.35,487,873,0.558,0.543,531,622,0.854,78,571,649,342,78,51,213,160,2225,1
1305,23,4,2,28,C,66,66,2284,728,1328,0.548,66,200,0.33,662,1128,0.587,0.573,661,771,0.857,113,557,670,274,66,112,226,205,2183,1
1271,7,4,3,23,PG,66,66,2391,719,1449,0.496,185,541,0.342,534,908,0.588,0.56,515,694,0.742,54,515,569,529,90,33,236,166,2138,10
1367,21,4,4,24,PG,68,68,2416,704,1381,0.51,58,168,0.345,646,1213,0.533,0.531,669,739,0.905,59,270,329,371,112,65,192,192,2135,0
1022,17,4,5,28,PF,63,63,2024,707,1278,0.553,47,171,0.275,660,1107,0.596,0.572,498,772,0.645,137,605,742,359,52,51,246,197,1959,6
1295,18,4,6,21,SG,79,79,2842,707,1541,0.459,213,578,0.369,494,963,0.513,0.528,319,422,0.756,47,411,458,350,125,58,259,186,1946,0
1876,20,4,7,28,PF,77,77,2737,658,1432,0.459,218,636,0.343,440,796,0.553,0.536,402,531,0.757,141,626,767,316,49,21,216,233,1936,0
1723,6,4,8,26,SG,68,68,2432,679,1402,0.484,245,635,0.386,434,767,0.566,0.572,319,368,0.867,63,226,289,301,99,27,180,168,1922,0
2166,1,4,9,24,PG,73,73,2541,597,1390,0.429,154,460,0.335,443,930,0.476,0.485,566,639,0.886,56,161,217,741,80,9,300,104,1914,0
1605,5,4,10,27,SG,77,77,2768,673,1388,0.485,204,544,0.375,469,844,0.556,0.558,363,428,0.848,42,303,345,327,69,18,194,159,1913,0
1623,25,4,11,32,PG,58,58,2107,556,1202,0.463,244,658,0.371,312,544,0.574,0.564,510,558,0.914,44,233,277,425,50,18,191,109,1866,2
1336,26,4,12,25,PG,73,73,2435,682,1331,0.512,119,367,0.324,563,964,0.584,0.557,343,440,0.78,40,266,306,447,83,23,181,172,1826,0
1258,5,4,13,33,SF,74,74,2682,657,1303,0.504,46,142,0.324,611,1161,0.526,0.522,456,523,0.872,34,309,343,377,83,36,153,186,1816,0
1133,2,4,14,26,SF,67,67,2405,679,1383,0.491,163,487,0.335,516,896,0.576,0.55,263,344,0.765,78,381,459,232,75,26,197,172,1784,0
1962,28,4,15,28,PF,71,71,2652,630,1313,0.48,93,287,0.324,537,1026,0.523,0.515,367,474,0.774,131,425,556,415,65,36,169,228,1720,2
1656,29,4,16,25,PF,66,66,2273,571,1145,0.499,200,511,0.391,371,634,0.585,0.586,349,399,0.875,130,440,570,123,42,38,127,137,1691,0
1539,8,4,17,27,C,69,69,2323,646,1022,0.632,57,149,0.383,589,873,0.675,0.66,341,415,0.822,167,650,817,678,87,47,247,174,1690,29
1393,11,4,18,20,SG,76,76,2602,566,1359,0.416,187,554,0.338,379,805,0.471,0.485,364,463,0.786,43,241,284,281,59,18,200,131,1683,0
1847,10,4,19,23,PG,82,43,2458,550,1278,0.43,214,637,0.336,336,641,0.524,0.514,361,415,0.87,32,193,225,369,63,21,252,214,1675,0
1117,24,4,20,26,SF,56,56,2040,354,764,0.463,101,261,0.387,253,503,0.503,0.529,156,174,0.897,56,187,243,201,65,45,78,115,965,0
1117,3,4,20,26,SG,27,27,923,239,503,0.475,68,181,0.376,171,322,0.531,0.543,160,179,0.894,23,98,121,72,26,16,49,44,706,0
1238,10,4,21,34,PG,56,56,1941,559,1133,0.493,273,639,0.427,286,494,0.579,0.614,257,281,0.915,39,302,341,352,52,20,179,117,1648,1
1139,20,4,22,26,PG,68,68,2379,587,1195,0.491,134,322,0.416,453,873,0.519,0.547,325,392,0.829,40,201,241,421,61,15,142,152,1633,0
1495,3,4,23,30,PG,40,40,1478,398,819,0.486,130,348,0.374,268,471,0.569,0.565,158,179,0.883,38,166,204,211,41,33,91,109,1084,0
1495,7,4,23,30,SG,20,20,763,196,384,0.51,58,148,0.392,138,236,0.585,0.586,89,94,0.947,21,79,100,120,25,12,37,56,539,0
1739,15,4,24,23,PG,61,59,1948,566,1214,0.466,92,300,0.307,474,914,0.519,0.504,372,497,0.748,61,296,357,493,66,16,206,100,1596,7
1512,14,4,25,38,PF,55,54,1954,609,1219,0.5,121,377,0.321,488,842,0.58,0.549,251,327,0.768,65,392,457,375,50,32,178,88,1590,2
1681,19,4,26,31,PG,75,75,2649,587,1344,0.437,211,543,0.389,376,801,0.469,0.515,183,238,0.769,55,273,328,429,70,38,183,153,1568,0
1004,16,4,27,25,C,75,75,2598,602,1114,0.54,1,12,0.083,601,1102,0.545,0.541,324,402,0.806,184,504,688,240,88,61,187,208,1529,0
1751,1,4,28,26,SG,74,74,2693,612,1319,0.464,133,387,0.344,479,932,0.514,0.514,158,190,0.832,53,336,389,448,112,19,160,106,1515,1
1922,26,4,29,26,C,79,79,2736,577,938,0.615,31,83,0.373,546,855,0.639,0.632,325,438,0.742,251,722,973,573,65,39,230,279,1510,14
2034,10,4,30,32,SF,69,69,2279,546,1252,0.436,301,731,0.412,245,521,0.47,0.556,116,132,0.879,39,247,286,163,49,29,123,130,1509,0
1854,30,4,31,27,C,65,65,2120,507,1018,0.498,137,356,0.385,370,662,0.559,0.565,354,416,0.851,114,432,546,174,58,100,137,196,1505,0
1353,6,4,32,23,PG,69,69,2447,522,1129,0.462,169,412,0.41,353,717,0.492,0.537,277,321,0.863,28,157,185,538,85,9,199,148,1490,0
2077,22,4,33,21,SF,80,80,2609,542,1118,0.485,130,360,0.361,412,758,0.544,0.543,271,322,0.842,70,259,329,283,77,17,167,183,1485,0
1101,24,4,34,26,SG,53,53,1835,527,1067,0.494,111,316,0.351,416,751,0.554,0.546,306,358,0.855,46,194,240,293,51,18,145,159,1471,0
1151,16,4,35,33,PF,64,64,2138,479,888,0.539,36,103,0.35,443,785,0.564,0.56,472,555,0.85,141,234,375,340,117,21,101,80,1466,0
1244,14,4,36,29,C,56,54,1904,542,962,0.563,19,74,0.257,523,888,0.589,0.573,348,444,0.784,195,507,702,148,59,114,122,146,1451,0
2074,5,4,37,32,C,82,82,2746,597,1148,0.52,121,347,0.349,476,801,0.594,0.573,132,158,0.835,159,744,903,265,60,57,139,179,1447,1
1047,22,4,38,20,PF,72,72,2430,479,1122,0.427,85,285,0.298,394,837,0.471,0.465,394,534,0.738,84,413,497,269,60,39,200,160,1437,0
1056,20,4,39,22,SG,73,73,2475,510,1176,0.434,121,390,0.31,389,786,0.495,0.485,290,392,0.74,60,308,368,201,31,15,164,179,1431,0
1532,27,4,40,23,SF,63,63,2063,503,1113,0.452,134,407,0.329,369,706,0.523,0.512,245,327,0.749,56,262,318,183,46,11,134,125,1385,0
1269,7,4,41,29,SG,53,53,1808,316,694,0.455,138,341,0.405,178,353,0.504,0.555,170,207,0.821,19,144,163,279,39,16,90,124,940,0
1269,3,4,41,29,PG,26,26,917,144,356,0.404,43,149,0.289,101,207,0.488,0.465,98,123,0.797,9,98,107,236,28,8,55,63,429,0
1289,3,4,42,34,PF,39,39,1403,410,734,0.559,71,189,0.376,339,545,0.622,0.607,267,286,0.934,14,248,262,207,32,57,136,92,1158,1
1289,24,4,42,34,PF,8,8,269,73,128,0.57,22,41,0.537,51,87,0.586,0.656,40,48,0.833,3,48,51,28,2,10,20,7,208,0
1596,30,4,43,27,PF,64,64,2239,512,1142,0.448,160,481,0.333,352,661,0.533,0.518,173,237,0.73,55,408,463,239,36,29,190,145,1357,1
1446,16,4,44,23,SG,67,67,2337,487,1109,0.439,203,537,0.378,284,572,0.497,0.531,170,182,0.934,27,333,360,280,51,16,158,101,1347,1
1449,12,4,45,30,SF,80,73,2482,475,1038,0.458,288,677,0.425,187,361,0.518,0.596,106,129,0.822,67,333,400,225,92,26,139,156,1344,0
2068,28,4,46,28,PG,69,69,2535,437,1112,0.393,207,606,0.342,230,506,0.455,0.486,254,283,0.898,30,250,280,495,123,38,140,193,1335,1
1362,13,4,47,32,SF,56,56,1939,459,1004,0.457,158,426,0.371,301,578,0.521,0.536,256,294,0.871,45,297,342,288,83,20,176,159,1332,1
1916,4,4,48,28,SG,63,63,2221,493,1188,0.415,165,505,0.327,328,683,0.48,0.484,178,220,0.809,51,208,259,319,74,16,134,119,1329,0
1966,25,4,49,23,SG,62,62,2171,467,1045,0.447,212,562,0.377,255,483,0.528,0.548,160,179,0.894,18,143,161,253,42,14,128,142,1306,0
1670,12,4,50,20,SG,78,17,2222,413,951,0.434,100,310,0.323,313,641,0.488,0.487,376,454,0.828,87,231,318,116,48,13,152,162,1302,0
1752,8,4,51,25,PG,65,65,2133,473,1041,0.454,172,432,0.398,301,609,0.494,0.537,180,216,0.833,48,209,257,400,66,16,145,103,1298,1
1382,25,4,52,28,PF,63,63,2246,434,913,0.475,144,359,0.401,290,554,0.523,0.554,278,342,0.813,53,230,283,150,51,53,116,152,1290,0
1459,17,4,53,32,PG,67,65,2183,490,1023,0.479,158,411,0.384,332,612,0.542,0.556,152,177,0.859,79,262,341,495,79,25,197,116,1290,0
1725,6,4,54,21,PF,79,79,2715,525,947,0.554,22,102,0.216,503,845,0.595,0.566,205,304,0.674,187,524,711,224,60,119,146,218,1277,0
1093,9,4,55,33,PF,59,59,1893,430,882,0.488,145,353,0.411,285,529,0.539,0.57,268,303,0.884,36,187,223,152,34,8,135,113,1273,0
1198,29,4,56,30,SG,61,61,1988,458,1031,0.444,155,459,0.338,303,572,0.53,0.519,200,245,0.816,72,174,246,270,33,13,186,120,1271,0
1919,18,4,57,26,PG,54,54,1778,338,727,0.465,148,379,0.391,190,348,0.546,0.567,143,167,0.856,28,137,165,334,60,21,147,117,967,0
1919,14,4,57,26,PG,17,17,526,107,221,0.484,46,111,0.414,61,110,0.555,0.588,36,49,0.735,7,43,50,103,10,8,39,23,296,0
1364,21,4,58,20,PF,76,76,2367,539,1118,0.482,76,234,0.325,463,884,0.524,0.516,106,145,0.731,148,451,599,469,57,31,211,143,1260,4
1048,15,4,59,24,SG,58,58,1841,450,939,0.479,166,407,0.408,284,532,0.534,0.568,181,205,0.883,43,248,291,254,56,22,126,150,1247,0
1615,13,4,60,31,SF,52,50,1748,446,871,0.512,104,250,0.416,342,621,0.551,0.572,243,279,0.871,57,281,338,204,72,28,88,84,1239,0
1630,17,4,61,34,C,78,78,2373,477,899,0.531,136,364,0.374,341,535,0.637,0.606,149,190,0.784,157,363,520,99,37,193,107,203,1239,0
1053,26,4,62,30,PF,82,82,2662,374,791,0.473,132,353,0.374,242,438,0.553,0.556,350,413,0.847,87,279,366,128,57,10,86,103,1230,0
1673,23,4,63,22,SG,60,41,2016,439,913,0.481,160,369,0.434,279,544,0.513,0.568,180,213,0.845,23,153,176,212,49,8,80,132,1218,0
1415,23,4,64,33,PG,58,58,2135,371,842,0.441,161,418,0.385,210,424,0.495,0.536,313,361,0.867,40,314,354,618,71,31,195,112,1216,5
1872,20,4,65,23,SG,81,21,2344,419,936,0.448,168,454,0.37,251,482,0.521,0.537,203,248,0.819,58,279,337,279,80,14,100,166,1209,0
1497,9,4,66,20,SG,74,73,2304,409,983,0.416,120,350,0.343,289,633,0.457,0.477,266,356,0.747,73,215,288,387,61,17,237,242,1204,0
1034,24,4,67,24,C,67,67,2035,522,887,0.589,7,24,0.292,515,863,0.597,0.592,152,200,0.76,172,495,667,115,37,53,120,190,1203,0
1054,28,4,68,21,SF,77,76,2678,463,1016,0.456,63,224,0.281,400,792,0.505,0.487,190,246,0.772,179,333,512,371,83,61,154,170,1179,1
1503,15,4,69,23,C,63,63,1787,416,822,0.506,100,282,0.355,316,540,0.585,0.567,241,306,0.788,108,318,426,60,65,189,107,227,1173,0
1068,30,4,70,29,SG,50,50,1673,444,878,0.506,80,219,0.365,364,659,0.552,0.551,192,228,0.842,41,155,196,271,45,33,145,107,1160,0
1405,12,4,71,22,PG,56,56,1883,412,841,0.49,161,402,0.4,251,439,0.572,0.586,175,201,0.871,33,172,205,585,91,25,141,69,1160,0
2111,14,4,72,34,PG,52,3,1491,304,729,0.417,63,213,0.296,241,516,0.467,0.46,156,238,0.655,59,262,321,391,53,23,184,121,827,4
2111,13,4,72,34,PG,21,21,635,128,262,0.489,26,73,0.356,102,189,0.54,0.538,50,76,0.658,30,72,102,160,23,10,71,41,332,0
1749,19,4,73,22,SF,79,65,2448,387,800,0.484,202,497,0.406,185,303,0.611,0.61,172,190,0.905,59,222,281,112,89,43,61,155,1148,0
2054,28,4,74,24,SG,66,44,2118,405,935,0.433,166,450,0.369,239,485,0.493,0.522,172,205,0.839,30,143,173,106,104,14,55,102,1148,0
2097,4,4,75,24,PF,73,73,2380,434,978,0.444,149,428,0.348,285,550,0.518,0.52,127,174,0.73,73,285,358,175,66,79,110,193,1144,0
1478,26,4,76,24,SG,75,75,2203,420,866,0.485,205,510,0.402,215,356,0.604,0.603,95,131,0.725,42,209,251,221,80,24,97,181,1140,0
1850,11,4,77,22,PG,59,59,2024,391,884,0.442,141,385,0.366,250,499,0.501,0.522,207,264,0.784,76,238,314,338,82,17,188,156,1130,1
1027,28,4,78,25,SF,67,67,2386,421,885,0.476,142,367,0.387,279,518,0.539,0.556,140,167,0.838,95,237,332,131,128,50,132,200,1124,0
2065,19,4,79,30,C,79,79,1968,446,816,0.547,38,109,0.349,408,707,0.577,0.57,185,224,0.826,225,579,804,140,20,52,159,245,1115,0
2155,7,4,80,27,C,67,17,1738,396,769,0.515,105,279,0.376,291,490,0.594,0.583,217,281,0.772,87,404,491,121,30,72,121,169,1114,0
2060,12,4,81,26,C,62,62,1825,402,733,0.548,93,249,0.373,309,484,0.638,0.612,216,276,0.783,88,378,466,89,36,140,103,215,1113,0
1493,19,4,82,25,SF,45,45,1538,404,835,0.484,64,164,0.39,340,671,0.507,0.522,240,272,0.882,23,223,246,262,32,19,148,116,1112,2
1377,8,4,83,27,PF,68,68,2055,429,761,0.564,60,173,0.347,369,588,0.628,0.603,191,314,0.608,164,282,446,203,54,51,98,129,1109,0
1949,11,4,84,20,C,75,72,2171,442,799,0.553,19,57,0.333,423,742,0.57,0.565,206,288,0.715,242,436,678,291,70,70,193,258,1109,2
1428,23,4,85,30,SF,74,74,2436,423,845,0.501,126,324,0.389,297,521,0.57,0.575,113,129,0.876,67,357,424,186,68,40,89,149,1085,0
1851,8,4,86,24,SF,62,62,1798,398,817,0.487,188,454,0.414,210,363,0.579,0.602,96,120,0.8,64,277,341,65,37,29,68,119,1080,0
1080,9,4,87,23,SF,52,30,1500,245,606,0.404,101,293,0.345,144,313,0.46,0.488,180,209,0.861,59,183,242,84,50,12,54,86,771,0
1080,1,4,87,23,SF,25,7,629,108,230,0.47,50,125,0.4,58,105,0.552,0.578,25,29,0.862,39,81,120,34,20,1,17,37,291,0
2130,21,4,88,21,SG,75,62,2276,414,794,0.521,73,205,0.356,341,589,0.579,0.567,155,191,0.812,84,253,337,248,103,35,123,191,1056,0
1125,15,4,89,27,SF,73,73,2214,392,991,0.396,143,439,0.326,249,552,0.451,0.468,120,154,0.779,45,199,244,189,65,16,104,240,1047,0
1730,26,4,90,24,SG,77,0,1719,357,796,0.448,143,398,0.359,214,398,0.538,0.538,184,207,0.889,32,171,203,298,49,20,146,125,1041,0
1664,11,4,91,22,SF,82,49,2292,410,720,0.569,68,216,0.315,342,504,0.679,0.617,151,222,0.68,126,326,452,123,41,30,91,147,1039,0
1482,1,4,92,25,SF,67,67,2126,379,822,0.461,100,286,0.35,279,536,0.521,0.522,171,207,0.826,46,238,284,94,35,17,82,199,1029,0
1069,29,4,93,26,SG,55,13,1472,265,669,0.396,169,471,0.359,96,198,0.485,0.522,37,44,0.841,27,170,197,93,44,8,60,75,736,0
1069,14,4,93,26,SG,26,14,621,105,268,0.392,66,187,0.353,39,81,0.481,0.515,13,21,0.619,8,78,86,31,21,1,30,32,289,0
1414,7,4,94,30,SF,71,45,2152,340,847,0.401,212,550,0.385,128,297,0.431,0.527,127,165,0.77,21,230,251,129,49,12,60,120,1019,0
1861,13,4,95,29,SG,60,8,1567,340,710,0.479,114,287,0.397,226,423,0.534,0.559,225,277,0.812,24,151,175,109,50,18,101,125,1019,0
2115,2,4,96,28,SG,82,70,2319,350,758,0.462,149,391,0.381,201,367,0.548,0.56,168,192,0.875,52,241,293,321,54,76,95,177,1017,0
1273,21,4,97,23,SF,74,73,2272,339,873,0.388,135,409,0.33,204,464,0.44,0.466,200,259,0.772,128,216,344,154,75,23,92,243,1013,0
1983,11,4,98,19,PF,79,79,2451,364,892,0.408,120,391,0.307,244,501,0.487,0.475,162,206,0.786,122,447,569,101,43,74,104,227,1010,0
1123,2,4,99,30,PG,67,0,1744,354,732,0.484,132,297,0.444,222,435,0.51,0.574,160,184,0.87,42,238,280,248,45,18,98,109,1000,0
1853,17,4,100,27,PF,70,22,1818,398,803,0.496,95,257,0.37,303,546,0.555,0.555,96,125,0.768,154,518,672,105,29,16,81,115,987,0
1753,26,4,101,22,SF,80,78,2382,354,782,0.453,206,501,0.411,148,281,0.527,0.584,62,81,0.765,89,282,371,98,61,42,60,162,976,0
1809,4,4,102,27,SF,48,40,1548,353,819,0.431,108,339,0.319,245,480,0.51,0.497,158,208,0.76,65,184,249,54,68,18,64,141,972,0
1013,6,4,103,24,C,68,68,2220,403,626,0.644,1,10,0.1,402,616,0.653,0.645,162,221,0.733,221,445,666,113,54,84,93,153,969,0
1199,3,4,104,23,C,76,76,2271,414,587,0.705,0,2,0.0,414,585,0.708,0.705,133,246,0.541,184,518,702,144,65,189,96,212,961,0
1685,18,4,105,22,SF,79,79,2416,370,716,0.517,107,269,0.398,263,447,0.588,0.591,106,144,0.736,92,215,307,148,74,76,112,272,953,0
1372,18,4,106,30,C,70,70,2148,360,546,0.659,0,3,0.0,360,543,0.663,0.659,219,340,0.644,231,583,814,87,56,95,122,210,939,0
1209,1,4,107,25,PF,71,71,2130,359,707,0.508,70,240,0.292,289,467,0.619,0.557,143,178,0.803,77,385,462,85,42,73,79,220,931,0
1128,8,4,108,26,SF,80,31,2280,358,741,0.483,91,254,0.358,267,487,0.548,0.545,116,153,0.758,63,265,328,268,87,51,123,190,923,1
2006,16,4,109,26,SF,80,33,2272,324,790,0.41,197,563,0.35,127,227,0.559,0.535,78,89,0.876,49,209,258,171,42,12,70,166,923,0
1618,6,4,110,28,SG,74,30,2237,320,742,0.431,127,324,0.392,193,418,0.462,0.517,130,180,0.722,53,229,282,287,72,24,116,170,897,0
1842,27,4,111,27,C,46,46,1199,239,388,0.616,0,1,0.0,239,387,0.618,0.616,78,129,0.605,152,264,416,141,36,52,96,118,556,0
1842,28,4,111,27,C,26,25,707,150,230,0.652,0,0,,150,230,0.652,0.652,41,72,0.569,84,153,237,56,30,34,29,77,341,0
1554,27,4,112,23,PG,68,65,1984,341,743,0.459,45,158,0.285,296,585,0.506,0.489,148,172,0.86,56,189,245,448,89,9,110,98,875,2
1172,22,4,113,23,C,57,54,1690,322,613,0.525,80,225,0.356,242,388,0.624,0.591,144,195,0.738,120,377,497,132,30,33,106,159,868,0
1840,4,4,114,32,C,56,56,1597,265,396,0.669,0,0,,265,396,0.669,0.669,155,256,0.605,187,354,541,205,35,35,87,161,685,0
1840,13,4,114,32,C,23,4,457,64,88,0.727,0,0,,64,88,0.727,0.727,44,57,0.772,42,117,159,40,11,12,30,56,172,0
1378,11,4,115,34,SG,47,47,1418,210,478,0.439,85,245,0.347,125,233,0.536,0.528,110,135,0.815,12,85,97,136,30,17,83,45,615,0
1378,13,4,115,34,SG,22,11,547,81,175,0.463,47,111,0.423,34,64,0.531,0.597,32,38,0.842,4,33,37,47,13,8,21,33,241,0
1801,29,4,116,31,C,68,68,1942,278,557,0.499,93,236,0.394,185,321,0.576,0.583,198,232,0.853,82,338,420,252,60,37,168,232,847,0
1044,4,4,117,21,PG,36,36,1268,296,721,0.411,144,383,0.376,152,338,0.45,0.51,102,122,0.836,42,189,231,304,46,11,129,118,838,3
1344,22,4,118,24,PG,60,60,1778,349,679,0.514,27,87,0.31,322,592,0.544,0.534,112,143,0.783,69,165,234,341,87,26,139,131,837,0
1879,14,4,119,24,SG,64,22,1843,259,490,0.529,86,216,0.398,173,274,0.631,0.616,229,265,0.864,33,160,193,215,33,19,99,108,833,0
2141,5,4,120,21,PF,82,65,2323,314,677,0.464,115,277,0.415,199,400,0.498,0.549,90,105,0.857,78,249,327,100,72,70,101,147,833,0
1941,14,4,121,29,PG,66,50,1986,270,650,0.415,74,225,0.329,196,425,0.461,0.472,216,252,0.857,21,144,165,298,50,10,112,145,830,0
1555,15,4,122,26,PG,80,22,1940,311,710,0.438,121,326,0.371,190,384,0.495,0.523,80,100,0.8,28,172,200,417,83,6,74,32,823,1
1157,8,4,123,29,SG,76,76,2381,292,632,0.462,135,319,0.423,157,313,0.502,0.569,103,125,0.824,35,173,208,183,112,35,86,145,822,0
1577,30,4,124,23,SF,74,45,2093,291,585,0.497,163,384,0.424,128,201,0.637,0.637,75,88,0.852,33,174,207,87,32,9,55,97,820,0
1821,24,4,125,37,PG,59,59,1889,294,668,0.44,98,261,0.375,196,407,0.482,0.513,133,160,0.831,27,224,251,524,91,22,114,126,819,0
2172,13,4,126,25,C,76,76,2170,326,514,0.634,0,2,0.0,326,512,0.637,0.634,166,238,0.697,236,520,756,77,29,98,117,219,818,0
1398,20,4,127,22,SG,71,66,2121,282,602,0.468,157,407,0.386,125,195,0.641,0.599,78,98,0.796,49,180,229,150,47,26,69,177,799,0
1213,29,4,128,35,PG,43,42,1276,153,375,0.408,77,213,0.362,76,162,0.469,0.511,78,96,0.813,17,90,107,330,44,10,74,94,461,0
1213,18,4,128,35,PG,24,24,753,108,235,0.46,58,138,0.42,50,97,0.515,0.583,63,73,0.863,16,59,75,120,29,4,29,45,337,0
1794,1,4,129,22,C,80,18,1849,317,497,0.638,4,13,0.308,313,484,0.647,0.642,153,196,0.781,217,359,576,81,56,107,81,251,791,0
1955,25,4,130,19,SG,80,15,1779,306,648,0.472,102,283,0.36,204,365,0.559,0.551,75,105,0.714,63,173,236,94,38,24,83,136,789,0
1435,9,4,131,21,PG,76,56,2154,307,815,0.377,80,286,0.28,227,529,0.429,0.426,92,112,0.821,28,193,221,470,104,28,173,219,786,0
1026,22,4,132,22,PG,60,4,1552,277,610,0.454,75,206,0.364,202,404,0.5,0.516,152,170,0.894,47,241,288,235,37,31,91,158,781,0
1888,18,4,133,23,C,68,11,1251,310,577,0.537,75,217,0.346,235,360,0.653,0.602,86,127,0.677,73,260,333,77,42,53,92,176,781,0
1700,23,4,134,24,SG,77,58,2150,277,651,0.425,157,403,0.39,120,248,0.484,0.546,69,87,0.793,69,243,312,197,126,41,102,191,780,0
1162,1,4,135,28,C,65,63,1730,350,536,0.653,0,1,0.0,350,535,0.654,0.653,79,131,0.603,258,459,717,58,45,79,54,139,779,0
1291,11,4,136,21,PF,82,5,1767,296,660,0.448,59,172,0.343,237,488,0.486,0.493,109,145,0.752,195,301,496,88,96,47,101,189,760,0
1092,1,4,137,30,SG,54,9,1508,273,611,0.447,146,360,0.406,127,251,0.506,0.566,64,77,0.831,23,142,165,150,43,18,65,86,756,0
1684,4,4,138,25,SF,56,21,1494,221,494,0.447,65,202,0.322,156,292,0.534,0.513,88,104,0.846,44,226,270,111,66,29,80,158,595,0
1684,23,4,138,25,SF,24,3,419,60,123,0.488,12,30,0.4,48,93,0.516,0.537,28,34,0.824,19,57,76,19,17,5,13,51,160,0
2144,19,4,139,22,PF,29,29,956,285,469,0.608,7,19,0.368,278,450,0.618,0.615,177,248,0.714,58,144,202,133,32,16,99,65,754,0
1012,17,4,140,27,SG,72,70,1972,245,557,0.44,146,366,0.399,99,191,0.518,0.571,114,126,0.905,61,176,237,163,62,14,72,117,750,0
1430,25,4,141,27,SF,51,51,1704,183,363,0.504,34,112,0.304,149,251,0.594,0.551,87,119,0.731,95,322,417,200,54,9,79,133,487,0
1430,20,4,141,27,SF,25,1,750,92,157,0.586,27,52,0.519,65,105,0.619,0.672,45,57,0.789,47,129,176,90,34,12,38,62,256,0
1766,12,4,142,23,SF,73,60,1816,252,590,0.427,115,314,0.366,137,276,0.496,0.525,119,142,0.838,62,215,277,98,55,34,75,235,738,0
1437,4,4,143,32,SF,50,50,1577,276,581,0.475,52,160,0.325,224,421,0.532,0.52,129,159,0.811,33,182,215,206,42,12,99,70,733,0
1211,27,4,144,25,C,63,26,1441,284,548,0.518,55,147,0.374,229,401,0.571,0.568,108,142,0.761,116,286,402,180,37,49,129,199,731,0
1743,13,4,145,33,PF,65,65,1825,274,643,0.426,112,308,0.364,162,335,0.484,0.513,68,87,0.782,29,229,258,114,42,21,56,136,728,0
2113,5,4,146,22,SG,74,2,1730,263,594,0.443,128,344,0.372,135,250,0.54,0.551,61,70,0.871,16,196,212,204,54,6,74,122,715,0
1652,13,4,147,26,SG,81,36,1872,272,524,0.519,77,198,0.389,195,326,0.598,0.593,92,118,0.78,77,199,276,184,42,22,80,149,713,0
1103,28,4,148,30,PF,76,0,1523,261,529,0.493,62,189,0.328,199,340,0.585,0.552,128,168,0.762,157,264,421,29,47,64,41,143,712,0
1763,12,4,149,23,SG,75,63,2073,284,644,0.441,92,263,0.35,192,381,0.504,0.512,49,62,0.79,35,164,199,341,70,13,126,179,709,0
1403,30,4,150,24,PF,30,0,728,158,324,0.488,30,89,0.337,128,235,0.545,0.534,44,58,0.759,19,109,128,35,11,12,36,39,390,0
1403,14,4,150,24,PF,33,9,738,126,260,0.485,21,71,0.296,105,189,0.556,0.525,44,61,0.721,34,121,155,23,8,14,17,33,317,0
1348,30,4,151,24,C,78,47,1604,289,395,0.732,0,0,,289,395,0.732,0.732,127,187,0.679,163,270,433,84,33,99,85,187,705,0
1779,18,4,152,23,SG,65,2,1252,280,625,0.448,67,232,0.289,213,393,0.542,0.502,77,99,0.778,36,134,170,132,42,5,65,101,704,0
1978,2,4,153,28,PG,61,61,1957,250,602,0.415,115,342,0.336,135,260,0.519,0.511,88,118,0.746,46,145,191,382,93,23,143,172,703,0
2070,27,4,154,22,SG,38,32,1178,261,595,0.439,103,266,0.387,158,329,0.48,0.525,78,100,0.78,8,140,148,136,43,17,57,57,703,0
1470,29,4,155,22,SG,65,20,1313,257,613,0.419,58,203,0.286,199,410,0.485,0.467,126,168,0.75,41,169,210,246,41,29,126,108,698,0
1657,19,4,156,25,SF,77,21,1792,247,571,0.433,66,218,0.303,181,353,0.513,0.49,138,175,0.789,48,231,279,189,54,14,97,113,698,0
1032,30,4,157,22,SF,76,40,2020,253,579,0.437,69,232,0.297,184,347,0.53,0.497,122,165,0.739,74,413,487,211,65,29,123,209,697,0
1006,15,4,158,22,PF,77,20,1682,247,525,0.47,94,266,0.353,153,259,0.591,0.56,108,144,0.75,85,286,371,97,45,48,60,143,696,0
1784,25,4,159,28,C,52,52,1391,262,505,0.519,43,119,0.361,219,386,0.567,0.561,127,192,0.661,114,357,471,149,43,44,119,185,694,0
1507,13,4,160,32,PG,52,38,1338,214,512,0.418,77,220,0.35,137,292,0.469,0.493,61,66,0.924,22,94,116,183,38,5,96,92,566,0
1507,8,4,160,32,PG,16,2,319,49,128,0.383,19,68,0.279,30,60,0.5,0.457,10,12,0.833,3,25,28,50,9,1,19,22,127,0
1522,21,4,161,23,SG,73,10,1395,224,508,0.441,161,394,0.409,63,114,0.553,0.599,82,100,0.82,27,148,175,88,48,8,39,105,691,0
1274,5,4,162,23,SG,80,51,2098,281,570,0.493,59,189,0.312,222,381,0.583,0.545,66,82,0.805,45,175,220,206,62,26,99,182,687,0
1951,29,4,163,24,PG,48,15,1145,237,468,0.506,48,122,0.393,189,346,0.546,0.558,163,199,0.819,37,68,105,138,27,6,85,112,685,0
1659,16,4,164,27,SF,71,49,2077,254,548,0.464,84,236,0.356,170,312,0.545,0.54,91,113,0.805,88,256,344,117,71,31,78,145,683,0
1571,29,4,165,21,C,74,40,1703,298,414,0.72,1,3,0.333,297,411,0.723,0.721,82,159,0.516,231,389,620,69,26,173,58,169,679,0
1270,10,4,166,26,SG,72,36,1894,235,540,0.435,150,378,0.397,85,162,0.525,0.574,58,71,0.817,80,245,325,252,97,10,112,133,678,0
1110,27,4,167,19,SG,66,32,1550,269,611,0.44,77,255,0.302,192,356,0.539,0.503,58,70,0.829,28,153,181,127,33,7,76,115,673,0
1804,3,4,168,29,SF,76,53,2409,229,593,0.386,163,419,0.389,66,174,0.379,0.524,50,69,0.725,55,329,384,283,65,49,114,239,671,1
1807,6,4,169,27,SF,77,2,1548,239,530,0.451,116,312,0.372,123,218,0.564,0.56,75,108,0.694,25,151,176,115,35,11,52,122,669,0
1594,10,4,170,20,PF,67,16,1394,261,497,0.525,54,146,0.37,207,351,0.59,0.579,90,138,0.652,70,161,231,125,41,31,95,157,666,0
1487,8,4,171,22,PG,42,1,820,173,434,0.399,91,241,0.378,82,193,0.425,0.503,71,82,0.866,10,76,86,125,28,13,67,66,508,0
1487,13,4,171,22,PG,14,0,265,55,137,0.401,26,74,0.351,29,63,0.46,0.496,15,20,0.75,10,39,49,47,11,2,15,30,151,0
1686,27,4,172,31,SF,64,0,1314,239,523,0.457,123,298,0.413,116,225,0.516,0.575,53,70,0.757,23,116,139,91,13,6,58,118,654,0
2084,14,4,173,24,SG,56,32,1297,236,527,0.448,91,249,0.365,145,278,0.522,0.534,91,106,0.858,14,95,109,64,30,17,46,71,654,0
1892,27,4,174,29,SG,42,6,997,177,406,0.436,74,207,0.357,103,199,0.518,0.527,53,60,0.883,30,89,119,137,40,11,63,70,481,0
1892,19,4,174,29,SG,23,4,533,62,148,0.419,33,86,0.384,29,62,0.468,0.53,16,21,0.762,11,45,56,37,29,9,23,47,173,0
1147,9,4,175,31,SG,51,8,1122,200,459,0.436,99,239,0.414,101,220,0.459,0.544,153,188,0.814,19,139,158,114,38,8,58,98,652,0
1169,17,4,176,27,PG,81,39,1810,239,565,0.423,142,337,0.421,97,228,0.425,0.549,31,38,0.816,35,167,202,197,66,29,78,158,651,0
1682,12,4,177,30,PG,75,6,1526,283,521,0.543,26,59,0.441,257,462,0.556,0.568,58,68,0.853,45,189,234,397,81,10,143,105,650,1
1526,24,4,178,26,PF,17,16,429,82,173,0.474,45,99,0.455,37,74,0.5,0.604,27,33,0.818,14,51,65,26,15,6,10,29,236,0
1526,3,4,178,26,PF,25,25,770,141,301,0.468,58,156,0.372,83,145,0.572,0.565,74,87,0.851,20,100,120,52,35,8,27,54,414,0
1547,19,4,179,24,PF,66,66,1951,235,501,0.469,56,167,0.335,179,334,0.536,0.525,123,161,0.764,97,172,269,162,103,42,88,208,649,0
1019,18,4,180,29,PF,69,46,1957,252,495,0.509,43,105,0.41,209,390,0.536,0.553,100,136,0.735,66,302,368,335,78,63,103,146,647,3
1061,27,4,181,27,PF,67,42,1452,236,465,0.508,56,142,0.394,180,323,0.557,0.568,119,150,0.793,65,183,248,103,46,20,56,63,647,0
1982,12,4,182,22,C,68,31,1279,242,508,0.476,54,191,0.283,188,317,0.593,0.53,104,137,0.759,129,265,394,66,21,60,72,153,642,0
2072,16,4,183,26,PG,68,34,1759,228,567,0.402,117,350,0.334,111,217,0.512,0.505,68,78,0.872,27,118,145,167,62,5,92,154,641,0
2129,2,4,184,24,PF,79,23,2045,216,476,0.454,115,291,0.395,101,185,0.546,0.575,94,122,0.77,87,276,363,131,41,31,82,192,641,0
1396,1,4,185,19,SF,72,12,1401,248,533,0.465,101,259,0.39,147,274,0.536,0.56,42,47,0.894,37,116,153,73,42,12,42,87,639,0
1716,23,4,186,26,SG,76,11,1567,241,503,0.479,56,148,0.378,185,355,0.521,0.535,99,116,0.853,39,152,191,240,25,13,94,123,637,0
1772,23,4,187,29,PF,78,1,1512,222,502,0.442,154,384,0.401,68,118,0.576,0.596,39,45,0.867,19,166,185,77,30,14,54,145,637,0
1744,30,4,188,27,PG,62,61,1695,247,515,0.48,78,204,0.382,169,311,0.543,0.555,64,77,0.831,26,184,210,326,43,13,60,75,636,0
1094,22,4,189,23,PF,70,33,1505,261,478,0.546,30,113,0.265,231,365,0.633,0.577,82,108,0.759,69,336,405,69,30,85,112,92,634,0
2122,10,4,190,27,SF,37,37,1190,250,529,0.473,89,225,0.396,161,304,0.53,0.557,44,72,0.611,61,125,186,85,45,28,48,107,633,0
2067,29,4,191,23,PF,52,41,1254,173,311,0.556,19,57,0.333,154,254,0.606,0.587,67,102,0.657,121,288,409,142,53,15,68,133,432,0
2067,14,4,191,23,PF,26,24,625,74,140,0.529,10,33,0.303,64,107,0.598,0.564,29,37,0.784,49,124,173,42,30,6,29,57,187,0
1390,10,4,192,32,PF,73,73,2297,250,474,0.527,40,131,0.305,210,343,0.612,0.57,77,108,0.713,66,459,525,500,74,60,204,229,617,0
1469,2,4,193,36,C,63,63,1922,228,479,0.476,145,325,0.446,83,154,0.539,0.627,15,21,0.714,73,317,390,189,30,61,37,121,616,0
1636,16,4,194,36,PG,55,44,1718,196,485,0.404,107,310,0.345,89,175,0.509,0.514,116,135,0.859,43,182,225,281,57,21,103,143,615,1
1993,27,4,195,19,PF,56,53,1458,250,552,0.453,33,134,0.246,217,418,0.519,0.483,81,116,0.698,95,200,295,142,43,23,97,138,614,0
1290,9,4,196,19,C,67,31,1670,258,398,0.648,0,2,0.0,258,396,0.652,0.648,96,157,0.611,229,366,595,75,44,59,92,182,612,0
1612,24,4,197,30,SG,74,5,1506,200,452,0.442,110,247,0.445,90,205,0.439,0.564,94,104,0.904,39,186,225,99,30,7,78,118,604,0
2026,3,4,198,21,SG,57,4,948,201,456,0.441,51,133,0.383,150,323,0.464,0.497,151,174,0.868,8,87,95,78,20,7,63,55,604,0
2051,18,4,199,27,PF,29,29,957,212,428,0.495,60,164,0.366,152,264,0.576,0.565,118,135,0.874,48,188,236,140,20,17,86,111,602,0
2078,22,4,200,25,C,57,18,1109,198,396,0.5,51,163,0.313,147,233,0.631,0.564,153,182,0.841,69,190,259,84,37,13,68,136,600,0
1227,24,4,201,32,PF,79,60,1948,228,500,0.456,100,253,0.395,128,247,0.518,0.556,32,45,0.711,145,281,426,117,50,62,73,179,588,0
1142,14,4,202,25,C,41,25,876,197,301,0.654,22,50,0.44,175,251,0.697,0.691,80,108,0.741,67,212,279,29,14,23,28,77,496,0
1142,8,4,202,25,C,18,1,205,33,68,0.485,4,9,0.444,29,59,0.492,0.515,13,18,0.722,19,41,60,2,2,7,10,25,83,0
1629,10,4,203,26,C,82,70,1958,242,384,0.63,0,1,0.0,242,383,0.632,0.63,94,155,0.606,274,486,760,207,52,50,45,225,578,0
2004,9,4,204,21,C,50,47,1414,195,441,0.442,67,205,0.327,128,236,0.542,0.518,110,149,0.738,115,288,403,70,20,34,68,133,567,0
1425,3,4,205,31,SF,74,33,1527,201,440,0.457,142,333,0.426,59,107,0.551,0.618,18,28,0.643,23,141,164,101,34,13,41,140,562,0
1640,26,4,206,27,PF,74,0,1247,187,408,0.458,87,240,0.363,100,168,0.595,0.565,101,124,0.815,68,232,300,66,27,31,64,97,562,0
1145,7,4,207,31,SF,78,55,2364,192,470,0.409,151,397,0.38,41,73,0.562,0.569,26,37,0.703,32,251,283,108,54,13,36,166,561,0
1237,3,4,208,32,SG,61,7,1211,208,449,0.463,94,232,0.405,114,217,0.525,0.568,51,55,0.927,13,87,100,99,36,7,51,96,561,0
1195,15,4,209,26,PF,56,8,1090,229,349,0.656,1,6,0.167,228,343,0.665,0.658,99,137,0.723,92,218,310,72,34,37,55,131,558,0
1322,7,4,210,29,PF,40,40,1288,129,310,0.416,77,217,0.355,52,93,0.559,0.54,30,40,0.75,67,121,188,59,38,20,36,80,365,0
1322,3,4,210,29,PF,26,26,721,67,191,0.351,37,121,0.306,30,70,0.429,0.448,15,19,0.789,47,81,128,41,17,16,26,64,186,0
1016,19,4,211,24,PG,61,10,1310,201,489,0.411,83,247,0.336,118,242,0.488,0.496,65,80,0.813,28,113,141,186,67,10,81,125,550,0
1395,7,4,212,22,SG,60,21,1539,205,382,0.537,68,169,0.402,137,213,0.643,0.626,68,94,0.723,55,127,182,103,42,5,72,156,546,0
1569,13,4,213,26,SG,35,11,725,98,211,0.464,59,132,0.447,39,79,0.494,0.604,19,20,0.95,6,77,83,37,19,4,30,47,274,0
1569,15,4,213,26,SG,24,3,590,90,171,0.526,74,137,0.54,16,34,0.471,0.743,18,19,0.947,9,66,75,54,13,1,16,35,272,0
1786,17,4,214,24,SF,38,3,597,76,197,0.386,40,102,0.392,36,95,0.379,0.487,37,43,0.86,29,88,117,38,12,7,34,34,229,0
1786,12,4,214,24,SF,24,11,591,118,248,0.476,46,109,0.422,72,139,0.518,0.569,31,43,0.721,22,90,112,50,12,7,32,40,313,0
1138,14,4,215,23,SF,76,45,1860,200,465,0.43,107,281,0.381,93,184,0.505,0.545,34,39,0.872,62,246,308,95,59,16,49,120,541,0
1380,19,4,216,27,PG,53,0,811,85,231,0.368,66,190,0.347,19,41,0.463,0.511,44,59,0.746,12,60,72,116,30,10,27,48,280,0
1380,27,4,216,27,PG,20,8,527,76,200,0.38,53,148,0.358,23,52,0.442,0.513,54,72,0.75,7,43,50,80,15,6,26,31,259,0
1893,4,4,217,25,C,65,9,1217,197,313,0.629,1,1,1.0,196,312,0.628,0.631,137,183,0.749,147,269,416,38,11,71,59,154,532,0
1793,24,4,218,24,SG,72,26,1350,162,414,0.391,66,197,0.335,96,217,0.442,0.471,139,192,0.724,109,142,251,105,56,34,63,114,529,0
2007,22,4,219,21,SG,53,19,1246,186,444,0.419,66,202,0.327,120,242,0.496,0.493,86,119,0.723,55,106,161,155,67,27,94,120,524,0
1262,9,4,220,24,SF,56,0,996,215,375,0.573,5,21,0.238,210,354,0.593,0.58,87,148,0.588,57,137,194,55,53,16,71,124,522,0
1914,22,4,221,31,SG,42,9,944,129,299,0.431,61,160,0.381,68,139,0.489,0.533,15,20,0.75,10,75,85,54,25,8,37,53,334,0
1914,24,4,221,31,SG,21,0,386,71,166,0.428,34,98,0.347,37,68,0.544,0.53,12,14,0.857,12,57,69,41,10,2,6,44,188,0
1310,25,4,222,25,C,78,28,1584,214,334,0.641,7,18,0.389,207,316,0.655,0.651,83,125,0.664,132,286,418,103,40,102,67,169,518,0
1653,21,4,223,21,PG,67,5,1183,197,501,0.393,81,257,0.315,116,244,0.475,0.474,42,55,0.764,27,128,155,120,40,11,62,99,517,1
1432,2,4,224,25,SF,80,8,1290,180,396,0.455,140,335,0.418,40,61,0.656,0.631,12,17,0.706,35,169,204,71,29,21,30,99,512,0
1634,6,4,225,34,PF,41,3,821,111,285,0.389,69,195,0.354,42,90,0.467,0.511,56,63,0.889,42,238,280,76,7,7,47,65,347,0
1634,16,4,225,34,PF,21,17,419,54,139,0.388,30,101,0.297,24,38,0.632,0.496,24,28,0.857,17,102,119,40,9,5,23,32,162,0
1001,28,4,226,23,C,55,12,1140,196,404,0.485,29,108,0.269,167,296,0.564,0.521,87,124,0.702,100,228,328,50,31,30,59,102,508,0
1859,7,4,227,31,C,76,64,1458,197,269,0.732,0,5,0.0,197,264,0.746,0.732,112,168,0.667,149,165,314,69,48,26,65,209,506,0
1038,9,4,228,23,C,42,25,990,202,382,0.529,19,66,0.288,183,316,0.579,0.554,81,108,0.75,94,175,269,36,19,30,46,81,504,0
1705,17,4,229,31,SF,33,19,801,177,406,0.436,51,162,0.315,126,244,0.516,0.499,92,102,0.902,28,112,140,163,23,5,71,68,497,0
2048,20,4,230,24,PF,67,5,1050,187,419,0.446,85,247,0.344,102,172,0.593,0.548,38,47,0.809,29,158,187,66,23,12,38,68,497,0
1783,14,4,231,27,SG,39,2,528,102,251,0.406,41,126,0.325,61,125,0.488,0.488,17,21,0.81,5,50,55,34,11,3,31,35,262,0
1783,30,4,231,27,SG,31,0,436,89,199,0.447,38,97,0.392,51,102,0.5,0.543,18,20,0.9,10,44,54,56,17,4,35,31,234,0
1822,24,4,232,28,PG,48,15,968,188,453,0.415,68,185,0.368,120,268,0.448,0.49,49,64,0.766,12,94,106,214,33,8,81,88,493,0
1864,18,4,233,28,PF,54,4,1192,177,379,0.467,74,194,0.381,103,185,0.557,0.565,65,77,0.844,15,117,132,84,28,15,69,123,493,0
1795,6,4,234,22,SF,76,46,1652,175,354,0.494,62,171,0.363,113,183,0.617,0.582,78,103,0.757,52,135,187,87,56,30,42,158,490,0
2121,21,4,235,24,SG,70,14,1297,186,363,0.512,48,122,0.393,138,241,0.573,0.579,59,71,0.831,68,142,210,80,39,15,55,110,479,0
1063,13,4,236,34,PF,78,19,1709,160,381,0.42,124,317,0.391,36,64,0.563,0.583,34,48,0.708,62,237,299,121,54,44,50,149,478,0
1979,4,4,237,25,PG,54,15,1390,186,452,0.412,24,111,0.216,162,341,0.475,0.438,78,106,0.736,27,140,167,261,75,25,82,122,474,0
1005,29,4,238,22,SG,59,22,1209,165,386,0.427,81,228,0.355,84,158,0.532,0.532,56,69,0.812,43,78,121,67,16,15,41,99,467,0
1214,17,4,239,30,SF,61,33,1443,165,421,0.392,109,322,0.339,56,99,0.566,0.521,27,41,0.659,50,233,283,77,37,11,33,69,466,0
1910,15,4,240,21,PF,70,4,1258,180,420,0.429,65,212,0.307,115,208,0.553,0.506,41,65,0.631,50,143,193,59,29,19,57,107,466,0
2102,25,4,241,22,PF,62,12,1182,181,323,0.56,25,64,0.391,156,259,0.602,0.599,72,100,0.72,42,196,238,130,32,12,71,118,459,0
1600,24,4,242,27,C,69,4,979,178,337,0.528,21,84,0.25,157,253,0.621,0.559,79,105,0.752,119,161,280,68,16,30,59,126,456,0
1502,12,4,243,21,C,63,12,1042,179,318,0.563,2,14,0.143,177,304,0.582,0.566,95,146,0.651,113,169,282,51,31,93,51,154,455,0
1722,26,4,244,24,PG,80,9,1447,181,399,0.454,63,197,0.32,118,202,0.584,0.533,25,31,0.806,16,89,105,185,44,15,62,112,450,0
2151,10,4,245,21,C,21,0,262,59,94,0.628,1,2,0.5,58,92,0.63,0.633,26,38,0.684,18,55,73,14,3,7,14,39,145,0
2151,9,4,245,21,C,24,22,605,130,245,0.531,3,18,0.167,127,227,0.559,0.537,42,59,0.712,55,139,194,16,4,20,37,69,305,0
1797,16,4,246,30,SG,42,2,1106,160,403,0.397,70,212,0.33,90,191,0.471,0.484,59,79,0.747,16,112,128,146,57,12,87,99,449,0
1759,19,4,247,30,C,65,1,1381,186,305,0.61,14,42,0.333,172,263,0.654,0.633,55,79,0.696,106,248,354,119,56,37,42,133,441,0
1394,8,4,248,36,PF,56,4,1091,160,328,0.488,30,104,0.288,130,224,0.58,0.534,87,117,0.744,38,106,144,69,18,17,46,99,437,0
1907,20,4,249,24,C,59,58,1591,188,280,0.671,0,0,,188,280,0.671,0.671,59,122,0.484,267,288,555,53,56,109,41,160,435,0
1248,26,4,250,25,SG,64,5,841,154,364,0.423,89,243,0.366,65,121,0.537,0.545,34,43,0.791,20,119,139,67,43,12,53,104,431,0
2040,15,4,251,24,C,61,29,1180,188,306,0.614,4,15,0.267,184,291,0.632,0.621,49,89,0.551,121,186,307,96,58,29,44,97,429,0
1557,9,4,252,31,PG,62,2,1227,150,351,0.427,70,180,0.389,80,171,0.468,0.527,57,72,0.792,21,85,106,217,34,9,56,88,427,0
2134,21,4,253,28,PF,53,10,1206,179,346,0.517,50,134,0.373,129,212,0.608,0.59,17,39,0.436,97,164,261,105,45,14,32,112,425,0
1416,7,4,254,20,SG,48,5,708,146,333,0.438,63,156,0.404,83,177,0.469,0.533,65,79,0.823,11,78,89,65,17,7,46,64,420,0
1598,10,4,255,25,SF,62,4,1195,148,314,0.471,73,199,0.367,75,115,0.652,0.588,46,60,0.767,56,159,215,96,28,20,54,134,415,0
1079,14,4,256,34,SG,45,45,1211,97,241,0.402,55,158,0.348,42,83,0.506,0.517,39,50,0.78,24,116,140,118,40,25,42,124,288,0
1079,5,4,256,34,PG,22,22,605,47,119,0.395,25,81,0.309,22,38,0.579,0.5,8,15,0.533,20,87,107,76,23,16,18,63,127,0
1583,9,4,257,23,SF,42,1,593,84,179,0.469,43,116,0.371,41,63,0.651,0.589,26,33,0.788,20,88,108,15,14,12,32,74,237,0
1583,25,4,257,23,PF,21,4,359,68,153,0.444,22,70,0.314,46,83,0.554,0.516,20,27,0.741,14,55,69,18,10,0,18,21,178,0
1376,30,4,258,24,PG,62,7,1106,158,353,0.448,38,118,0.322,120,235,0.511,0.501,53,69,0.768,57,148,205,168,58,26,57,95,407,0
1429,20,4,259,24,C,82,8,1626,175,327,0.535,8,37,0.216,167,290,0.576,0.547,48,71,0.676,209,327,536,102,53,64,66,213,406,0
1282,5,4,260,29,C,67,0,849,166,274,0.606,0,3,0.0,166,271,0.613,0.606,67,125,0.536,138,306,444,33,45,27,75,117,399,0
1120,12,4,261,24,PF,65,2,1083,123,319,0.386,48,155,0.31,75,164,0.457,0.461,104,145,0.717,62,156,218,44,33,13,34,79,398,0
1423,22,4,262,28,SG,48,42,1184,138,307,0.45,94,218,0.431,44,89,0.494,0.603,27,30,0.9,21,77,98,59,45,12,28,93,397,0
1530,1,4,263,21,SF,70,6,1042,158,322,0.491,30,104,0.288,128,218,0.587,0.537,49,78,0.628,51,231,282,83,38,34,41,113,395,0
2138,4,4,264,21,C,43,17,828,160,251,0.637,0,0,,160,251,0.637,0.637,67,97,0.691,93,211,304,18,28,45,40,94,387,0
1881,20,4,265,23,SF,20,8,438,61,136,0.449,17,56,0.304,44,80,0.55,0.511,29,33,0.879,7,24,31,20,15,8,15,32,168,0
1881,25,4,265,23,SF,20,12,552,78,176,0.443,28,88,0.318,50,88,0.568,0.523,35,42,0.833,11,46,57,37,24,6,32,40,219,0
2089,13,4,266,32,PG,34,3,755,138,338,0.408,33,109,0.303,105,229,0.459,0.457,77,113,0.681,14,78,92,178,27,12,80,59,386,0
1756,21,4,267,31,C,43,5,622,89,203,0.438,56,142,0.394,33,61,0.541,0.576,31,39,0.795,23,112,135,38,11,19,14,70,265,0
1756,2,4,267,31,C,20,4,323,42,89,0.472,25,65,0.385,17,24,0.708,0.612,9,13,0.692,14,54,68,12,4,5,9,28,118,0
1057,30,4,268,32,SG,40,0,782,110,285,0.386,52,138,0.377,58,147,0.395,0.477,35,45,0.778,10,101,111,95,17,10,45,39,307,0
1057,28,4,268,32,SG,16,2,211,28,79,0.354,14,42,0.333,14,37,0.378,0.443,2,2,1.0,5,21,26,17,11,3,3,17,72,0
2008,3,4,269,27,SG,53,12,736,124,269,0.461,31,87,0.356,93,182,0.511,0.519,99,108,0.917,13,66,79,68,31,10,50,83,378,0
1174,5,4,270,28,PG,67,36,1575,130,286,0.455,55,151,0.364,75,135,0.556,0.551,59,73,0.808,42,154,196,193,98,46,77,159,374,0
1190,11,4,271,21,SG,64,2,786,153,329,0.465,21,89,0.236,132,240,0.55,0.497,45,60,0.75,20,51,71,73,33,15,60,59,372,0
1347,14,4,272,25,C,68,2,1024,155,260,0.596,10,36,0.278,145,224,0.647,0.615,52,84,0.619,116,170,286,36,26,35,46,144,372,0
2156,30,4,273,30,PG,50,14,1221,138,291,0.474,41,119,0.345,97,172,0.564,0.545,52,60,0.867,58,122,180,194,92,17,44,59,369,0
1391,10,4,274,32,PF,57,1,797,136,252,0.54,42,111,0.378,94,141,0.667,0.623,52,67,0.776,72,133,205,51,25,23,52,105,366,0
1280,5,4,275,36,PG,51,0,787,127,299,0.425,45,128,0.352,82,171,0.48,0.5,27,41,0.659,13,56,69,139,11,4,56,63,326,0
1280,17,4,275,36,PG,7,0,83,14,36,0.389,7,17,0.412,7,19,0.368,0.486,4,4,1.0,3,9,12,12,2,0,7,2,39,0
1588,15,4,276,26,SF,72,23,1494,138,320,0.431,60,177,0.339,78,143,0.545,0.525,28,36,0.778,64,246,310,100,77,25,37,112,364,0
1009,29,4,277,24,SG,36,3,528,83,170,0.488,35,87,0.402,48,83,0.578,0.591,27,39,0.692,8,51,59,76,24,14,45,58,228,0
1009,18,4,277,24,SG,23,0,356,48,125,0.384,26,72,0.361,22,53,0.415,0.488,13,21,0.619,7,35,42,32,8,7,10,30,135,0
1283,12,4,278,25,SF,46,12,897,123,333,0.369,55,174,0.316,68,159,0.428,0.452,61,72,0.847,19,96,115,64,25,9,41,65,362,0
1933,24,4,279,28,PF,37,12,533,76,178,0.427,27,69,0.391,49,109,0.45,0.503,36,44,0.818,39,103,142,57,13,5,36,69,215,0
1933,21,4,279,28,C,20,0,273,51,99,0.515,18,46,0.391,33,53,0.623,0.606,27,32,0.844,14,51,65,17,7,2,19,30,147,0
1003,15,4,280,29,C,42,42,1133,157,263,0.597,0,1,0.0,157,262,0.599,0.597,47,129,0.364,214,271,485,97,36,46,79,98,361,0
1112,8,4,281,21,SG,76,6,1181,143,289,0.495,34,96,0.354,109,193,0.565,0.554,40,64,0.625,48,133,181,59,41,17,35,101,360,0
1624,25,4,282,22,SF,54,4,976,134,303,0.442,58,158,0.367,76,145,0.524,0.538,33,46,0.717,27,114,141,50,20,20,36,66,359,0
1626,9,4,283,24,PF,52,22,1199,120,288,0.417,74,203,0.365,46,85,0.541,0.545,32,39,0.821,28,115,143,41,28,28,30,103,346,0
1952,24,4,284,25,SG,40,9,807,113,300,0.377,75,199,0.377,38,101,0.376,0.502,45,51,0.882,11,56,67,93,26,5,36,61,346,0
1329,29,4,285,27,SF,52,6,766,115,312,0.369,63,191,0.33,52,121,0.43,0.47,35,44,0.795,31,55,86,42,15,8,39,62,328,0
2003,6,4,286,25,SF,62,25,1120,129,288,0.448,30,95,0.316,99,193,0.513,0.5,40,57,0.702,48,159,207,33,27,19,27,79,328,0
1046,22,4,287,24,C,40,6,681,106,214,0.495,43,108,0.398,63,106,0.594,0.596,35,51,0.686,47,137,184,42,12,38,22,86,290,0
1046,14,4,287,24,C,9,1,88,11,27,0.407,5,16,0.313,6,11,0.545,0.5,6,11,0.545,11,30,41,4,1,5,8,19,33,0
2099,3,4,288,28,SF,58,1,928,114,232,0.491,60,135,0.444,54,97,0.557,0.621,34,47,0.723,30,111,141,48,25,17,22,80,322,0
1703,26,4,289,25,PF,66,0,689,129,219,0.589,9,38,0.237,120,181,0.663,0.61,54,73,0.74,47,151,198,40,22,21,32,81,321,0
1422,23,4,290,29,C,57,7,681,125,209,0.598,0,6,0.0,125,203,0.616,0.598,70,101,0.693,67,92,159,33,17,25,35,75,320,0
1545,5,4,291,25,PF,64,0,893,115,230,0.5,27,80,0.338,88,150,0.587,0.559,62,84,0.738,60,93,153,34,29,37,25,86,319,0
1492,17,4,292,35,SF,46,0,1044,108,248,0.435,83,203,0.409,25,45,0.556,0.603,18,21,0.857,13,115,128,150,33,6,55,74,317,0
2095,3,4,293,29,PF,26,0,490,102,200,0.51,16,48,0.333,86,152,0.566,0.55,27,33,0.818,13,59,72,29,15,7,17,45,247,0
2095,24,4,293,29,SF,16,0,197,30,70,0.429,6,19,0.316,24,51,0.471,0.471,1,2,0.5,13,36,49,11,7,5,3,20,67,0
1521,10,4,294,25,SG,45,2,816,118,242,0.488,35,90,0.389,83,152,0.546,0.56,38,41,0.927,7,71,78,135,23,5,30,64,309,0
1732,10,4,295,20,SG,63,3,817,108,227,0.476,49,135,0.363,59,92,0.641,0.584,37,53,0.698,28,77,105,51,18,7,34,54,302,0
1412,22,4,296,21,SG,26,0,361,50,114,0.439,18,53,0.34,32,61,0.525,0.518,31,37,0.838,9,30,39,34,16,4,21,22,149,0
1412,9,4,296,21,SG,21,3,389,52,123,0.423,23,63,0.365,29,60,0.483,0.516,26,39,0.667,9,39,48,20,11,5,21,29,153,0
1160,8,4,297,25,PF,60,9,889,108,227,0.476,43,115,0.374,65,112,0.58,0.57,38,41,0.927,24,104,128,80,22,14,37,84,297,0
1601,27,4,298,23,SG,43,21,844,121,259,0.467,16,61,0.262,105,198,0.53,0.498,39,56,0.696,57,57,114,50,24,13,30,67,297,0
1647,4,4,299,21,PG,44,7,854,102,254,0.402,28,95,0.295,74,159,0.465,0.457,63,74,0.851,14,109,123,152,37,12,59,61,295,0
1359,29,4,300,36,PF,56,0,816,109,287,0.38,33,130,0.254,76,157,0.484,0.437,42,49,0.857,33,130,163,57,19,18,37,68,293,0
2038,23,4,301,25,SF,49,6,591,50,116,0.431,21,63,0.333,29,53,0.547,0.522,9,12,0.75,20,43,63,23,45,14,8,65,130,0
2038,25,4,301,25,SG,22,22,609,60,137,0.438,33,85,0.388,27,52,0.519,0.558,10,16,0.625,20,57,77,30,38,18,16,48,163,0
1905,21,4,302,22,PF,43,20,814,110,248,0.444,37,111,0.333,73,137,0.533,0.518,35,42,0.833,71,109,180,43,24,11,19,71,292,0
1964,3,4,303,26,PG,42,33,1105,133,235,0.566,0,2,0.0,133,233,0.571,0.566,25,57,0.439,40,223,263,256,54,24,97,139,291,1
1287,29,4,304,28,PG,22,3,568,116,216,0.537,17,36,0.472,99,180,0.55,0.576,41,53,0.774,9,91,100,124,25,10,35,58,290,0
1224,13,4,305,32,PF,48,0,779,102,229,0.445,54,136,0.397,48,93,0.516,0.563,30,40,0.75,31,135,166,57,38,33,32,86,288,0
2131,21,4,306,20,C,49,36,914,102,234,0.436,46,113,0.407,56,121,0.463,0.534,38,54,0.704,44,197,241,76,28,12,37,111,288,0
1884,23,4,307,23,C,69,2,755,124,209,0.593,1,6,0.167,123,203,0.606,0.596,38,51,0.745,112,150,262,27,46,51,45,123,287,0
2013,11,4,308,27,SF,31,7,677,110,229,0.48,13,46,0.283,97,183,0.53,0.509,50,69,0.725,41,77,118,84,21,7,47,106,283,0
2142,2,4,309,25,C,35,20,824,127,170,0.747,0,1,0.0,127,169,0.751,0.747,25,41,0.61,104,188,292,50,22,48,34,68,279,0
1803,21,4,310,25,SF,23,2,272,44,94,0.468,8,31,0.258,36,63,0.571,0.511,17,28,0.607,22,30,52,11,14,0,16,46,113,0
1803,9,4,310,25,SF,17,4,373,57,134,0.425,17,58,0.293,40,76,0.526,0.489,34,47,0.723,21,38,59,17,14,3,18,45,165,0
1774,8,4,311,22,PF,53,5,728,110,196,0.561,17,65,0.262,93,131,0.71,0.605,40,62,0.645,65,73,138,18,17,23,31,105,277,0
1844,21,4,312,21,PF,34,25,701,108,249,0.434,38,104,0.365,70,145,0.483,0.51,22,35,0.629,45,114,159,64,20,43,43,58,276,0
1865,2,4,313,25,PG,48,3,643,101,245,0.412,56,154,0.364,45,91,0.495,0.527,12,16,0.75,25,63,88,64,14,1,40,37,270,1
1471,23,4,314,29,SF,56,5,807,93,197,0.472,37,110,0.336,56,87,0.644,0.566,45,60,0.75,9,85,94,44,14,9,26,69,268,0
1902,16,4,315,28,SF,42,1,691,88,237,0.371,63,192,0.328,25,45,0.556,0.504,29,32,0.906,8,61,69,46,14,0,28,77,268,0
1070,17,4,316,22,SF,52,11,701,96,243,0.395,47,142,0.331,49,101,0.485,0.492,27,37,0.73,38,77,115,35,21,7,45,71,266,0
2057,23,4,317,37,PF,75,75,1920,96,225,0.427,55,140,0.393,41,85,0.482,0.549,19,23,0.826,95,200,295,60,39,15,44,180,266,0
1085,24,4,318,30,C,61,14,874,119,206,0.578,0,0,,119,206,0.578,0.578,25,70,0.357,89,171,260,56,18,88,51,114,263,0
1649,17,4,319,23,C,24,0,217,19,58,0.328,7,32,0.219,12,26,0.462,0.388,12,18,0.667,18,38,56,16,4,5,9,19,57,0
1649,27,4,319,23,C,19,7,443,78,172,0.453,23,67,0.343,55,105,0.524,0.52,27,39,0.692,52,77,129,46,10,7,26,33,206,0
1445,19,4,320,28,C,38,2,458,89,169,0.527,3,11,0.273,86,158,0.544,0.536,81,104,0.779,58,122,180,33,17,13,39,64,262,0
2036,4,4,321,20,PF,69,8,969,95,238,0.399,39,123,0.317,56,115,0.487,0.481,33,47,0.702,36,116,152,36,22,23,44,66,262,0
1590,2,4,322,27,C,69,0,804,113,170,0.665,3,13,0.231,110,157,0.701,0.674,32,39,0.821,86,111,197,53,11,46,25,81,261,0
1668,11,4,323,26,SG,45,0,602,60,170,0.353,53,155,0.342,7,15,0.467,0.509,41,45,0.911,10,52,62,23,23,4,18,56,214,0
1668,1,4,323,26,SG,9,0,84,13,31,0.419,10,25,0.4,3,6,0.5,0.581,7,8,0.875,1,10,11,3,1,1,1,6,43,0
1899,18,4,324,30,SG,52,10,1016,91,209,0.435,43,123,0.35,48,86,0.558,0.538,30,39,0.769,5,78,83,75,28,4,23,80,255,0
2079,24,4,325,28,SF,60,2,915,84,227,0.37,57,173,0.329,27,54,0.5,0.496,26,31,0.839,45,94,139,53,38,22,22,117,251,0
1458,1,4,326,26,PG,63,6,845,92,220,0.418,36,88,0.409,56,132,0.424,0.5,27,32,0.844,25,49,74,89,37,12,36,79,247,0
1328,28,4,327,24,PG,53,2,691,87,242,0.36,47,133,0.353,40,109,0.367,0.457,25,33,0.758,15,61,76,70,21,4,25,65,246,0
1689,4,4,328,20,SG,46,7,787,80,202,0.396,26,80,0.325,54,122,0.443,0.46,60,80,0.75,20,73,93,54,15,6,43,48,246,0
1715,3,4,329,34,PG,40,2,567,86,209,0.411,49,134,0.366,37,75,0.493,0.529,25,30,0.833,8,36,44,56,15,3,30,32,246,0
2096,24,4,330,22,SG,31,3,394,94,256,0.367,40,111,0.36,54,145,0.372,0.445,16,24,0.667,2,34,36,63,6,4,34,23,244,0
2165,28,4,331,34,PF,54,9,795,108,198,0.545,6,34,0.176,102,164,0.622,0.561,18,26,0.692,71,95,166,75,54,5,42,88,240,0
1236,9,4,332,21,PG,12,12,400,93,224,0.415,17,61,0.279,76,163,0.466,0.453,36,43,0.837,12,62,74,72,10,7,39,34,239,0
1450,16,4,333,26,PF,54,11,969,93,216,0.431,37,109,0.339,56,107,0.523,0.516,13,28,0.464,57,131,188,43,36,17,45,82,236,0
1434,19,4,334,22,C,47,2,610,86,156,0.551,3,29,0.103,83,127,0.654,0.561,58,83,0.699,39,93,132,34,20,19,31,67,233,0
1451,17,4,335,36,PG,35,0,668,59,132,0.447,23,74,0.311,36,58,0.621,0.534,34,46,0.739,13,54,67,89,19,3,27,41,175,0
1451,12,4,335,36,SG,11,1,166,19,34,0.559,11,21,0.524,8,13,0.615,0.721,8,9,0.889,2,16,18,21,7,3,7,14,57,0
1240,19,4,336,19,PG,59,11,1042,87,208,0.418,27,86,0.314,60,122,0.492,0.483,26,40,0.65,36,152,188,134,43,11,57,99,227,0
1954,3,4,337,21,C,48,3,552,93,171,0.544,6,11,0.545,87,160,0.544,0.561,35,55,0.636,99,101,200,37,15,32,42,89,227,0
1773,11,4,338,20,PG,57,7,914,81,237,0.342,40,140,0.286,41,97,0.423,0.426,24,36,0.667,18,80,98,132,31,7,86,59,226,0
1355,11,4,339,20,C,75,1,970,86,177,0.486,24,59,0.407,62,118,0.525,0.554,29,47,0.617,120,187,307,64,44,29,47,135,225,0
1067,21,4,340,22,C,36,1,555,71,158,0.449,18,45,0.4,53,113,0.469,0.506,36,65,0.554,29,93,122,32,19,29,22,35,196,0
1067,24,4,340,22,C,7,0,61,12,25,0.48,2,8,0.25,10,17,0.588,0.52,2,5,0.4,5,11,16,6,3,5,5,9,28,0
1677,20,4,341,22,PG,64,2,760,77,215,0.358,40,134,0.299,37,81,0.457,0.451,28,42,0.667,13,37,50,72,37,8,25,60,222,0
1757,20,4,342,25,SF,13,0,40,6,12,0.5,6,10,0.6,0,2,0.0,0.75,3,5,0.6,0,7,7,1,1,0,2,1,21,0
1757,4,4,342,25,SF,19,8,428,71,161,0.441,36,89,0.404,35,72,0.486,0.553,23,34,0.676,15,31,46,52,14,4,22,22,201,0
1578,7,4,343,31,PF,37,5,930,77,169,0.456,39,112,0.348,38,57,0.667,0.571,27,38,0.711,30,105,135,52,12,30,27,85,220,0
2081,25,4,344,20,PF,56,0,619,83,198,0.419,16,56,0.286,67,142,0.472,0.46,34,45,0.756,48,83,131,34,10,13,29,69,216,0
2100,21,4,345,25,SG,41,0,531,70,178,0.393,58,162,0.358,12,16,0.75,0.556,16,20,0.8,16,59,75,28,14,11,10,42,214,0
2145,15,4,346,21,SF,37,4,561,84,196,0.429,25,97,0.258,59,99,0.596,0.492,17,22,0.773,16,63,79,35,14,6,37,58,210,0
1078,7,4,347,30,PF,45,1,492,69,160,0.431,55,141,0.39,14,19,0.737,0.603,13,15,0.867,10,43,53,21,11,8,10,53,206,0
2076,6,4,348,26,PF,44,13,891,73,177,0.412,45,127,0.354,28,50,0.56,0.54,15,23,0.652,20,130,150,37,28,21,17,89,206,0
1460,1,4,349,33,SF,28,0,411,48,125,0.384,30,87,0.345,18,38,0.474,0.504,0,0,,2,21,23,25,5,10,12,37,126,0
1460,7,4,349,33,SF,18,2,295,29,79,0.367,16,56,0.286,13,23,0.565,0.468,5,8,0.625,3,29,32,16,14,9,10,31,79,0
1058,27,4,350,22,C,35,2,508,87,135,0.644,3,8,0.375,84,127,0.661,0.656,22,37,0.595,75,118,193,48,16,33,41,74,199,0
1556,8,4,351,34,C,39,8,586,88,115,0.765,1,1,1.0,87,114,0.763,0.77,22,48,0.458,52,150,202,34,12,23,48,71,199,0
1251,16,4,352,33,C,30,0,350,64,129,0.496,11,37,0.297,53,92,0.576,0.539,32,44,0.727,28,81,109,16,7,14,19,61,171,0
1251,23,4,352,33,C,8,1,76,13,22,0.591,1,2,0.5,12,20,0.6,0.614,1,5,0.2,6,19,25,10,2,5,6,14,28,0
2149,25,4,353,26,PF,29,11,776,81,198,0.409,14,45,0.311,67,153,0.438,0.444,20,28,0.714,49,96,145,98,30,11,43,89,196,0
1368,30,4,354,30,PF,59,8,624,71,132,0.538,4,29,0.138,67,103,0.65,0.553,49,67,0.731,37,62,99,34,7,12,15,70,195,0
1267,21,4,355,19,PF,39,1,569,76,181,0.42,26,98,0.265,50,83,0.602,0.492,15,23,0.652,19,86,105,46,14,7,26,42,193,0
1472,22,4,356,20,SF,51,4,812,66,182,0.363,46,136,0.338,20,46,0.435,0.489,15,18,0.833,34,65,99,30,12,7,18,63,193,0
1104,4,4,357,22,SG,34,0,515,69,193,0.358,33,109,0.303,36,84,0.429,0.443,20,30,0.667,8,64,72,41,14,5,32,49,191,0
1533,25,4,358,20,SG,40,0,416,67,178,0.376,28,81,0.346,39,97,0.402,0.455,27,41,0.659,11,33,44,59,19,6,43,43,189,0
1688,7,4,359,35,C,42,7,355,80,125,0.64,2,5,0.4,78,120,0.65,0.648,24,41,0.585,30,77,107,11,4,26,36,54,186,0
2110,27,4,360,19,SG,37,1,669,69,215,0.321,20,52,0.385,49,163,0.301,0.367,26,44,0.591,12,69,81,98,25,5,65,67,184,0
1691,9,4,361,31,SG,32,12,524,62,152,0.408,41,97,0.423,21,55,0.382,0.543,18,22,0.818,20,54,74,28,16,1,11,39,183,0
1586,28,4,362,22,C,58,19,802,72,150,0.48,1,12,0.083,71,138,0.514,0.483,37,59,0.627,84,87,171,31,21,57,20,128,182,0
1356,18,4,363,24,C,28,0,243,63,116,0.543,14,39,0.359,49,77,0.636,0.603,41,52,0.788,33,30,63,18,3,2,14,43,181,0
1672,17,4,364,36,SF,52,0,820,58,160,0.363,39,124,0.315,19,36,0.528,0.484,24,28,0.857,34,79,113,34,20,13,18,71,179,0
1971,20,4,365,24,C,52,16,812,83,107,0.776,0,1,0.0,83,106,0.783,0.776,12,16,0.75,99,143,242,25,15,28,27,96,178,0
1536,27,4,366,26,SF,30,0,469,65,122,0.533,18,40,0.45,47,82,0.573,0.607,26,39,0.667,22,73,95,67,16,6,33,48,174,0
1206,13,4,367,25,SF,50,9,625,56,145,0.386,11,40,0.275,45,105,0.429,0.424,49,63,0.778,17,36,53,53,7,5,21,50,172,0
1909,27,4,368,24,PF,42,2,474,67,155,0.432,18,60,0.3,49,95,0.516,0.49,20,41,0.488,21,86,107,38,18,7,31,53,172,0
1917,6,4,369,32,PG,33,2,566,61,178,0.343,21,82,0.256,40,96,0.417,0.402,28,35,0.8,9,61,70,115,26,6,31,51,171,0
1397,2,4,370,33,C,41,16,569,63,130,0.485,23,66,0.348,40,64,0.625,0.573,21,32,0.656,47,108,155,61,14,9,22,75,170,0
1363,30,4,371,37,C,49,2,480,65,125,0.52,8,24,0.333,57,101,0.564,0.552,30,42,0.714,32,61,93,34,15,12,26,84,168,0
1083,12,4,372,23,C,21,0,202,27,52,0.519,4,14,0.286,23,38,0.605,0.558,11,24,0.458,25,24,49,18,9,10,12,34,69,0
1083,22,4,372,23,C,17,1,255,42,73,0.575,2,12,0.167,40,61,0.656,0.589,12,18,0.667,36,52,88,21,7,16,10,30,98,0
1181,23,4,373,21,SF,2,0,7,0,2,0.0,0,1,0.0,0,1,0.0,0.0,0,0,,0,0,0,0,1,0,0,0,0,0
1181,27,4,373,21,SF,15,3,313,59,128,0.461,33,81,0.407,26,47,0.553,0.59,14,17,0.824,10,50,60,10,5,5,11,26,165,0
1335,20,4,374,30,SG,27,7,459,56,166,0.337,35,114,0.307,21,52,0.404,0.443,18,21,0.857,4,45,49,36,16,3,22,46,165,0
1392,5,4,375,29,SF,32,1,480,61,108,0.565,13,35,0.371,48,73,0.658,0.625,30,45,0.667,27,61,88,23,24,21,20,52,165,0
1247,30,4,376,20,SG,28,5,423,66,171,0.386,17,70,0.243,49,101,0.485,0.436,14,27,0.519,10,55,65,28,10,8,17,48,163,0
1694,18,4,377,26,PG,43,0,678,61,145,0.421,24,78,0.308,37,67,0.552,0.503,15,18,0.833,15,47,62,148,32,4,33,28,161,0
1550,4,4,378,22,C,46,0,550,67,120,0.558,4,19,0.211,63,101,0.624,0.575,19,26,0.731,37,86,123,15,17,30,31,65,157,0
1767,6,4,379,30,PG,48,1,505,57,110,0.518,12,42,0.286,45,68,0.662,0.573,31,34,0.912,10,36,46,79,17,4,24,49,157,0
1136,13,4,380,23,C,34,1,288,61,96,0.635,0,0,,61,96,0.635,0.635,33,72,0.458,57,82,139,4,3,14,14,38,155,0
1136,3,4,380,23,C,2,0,6,0,0,,0,0,,0,0,,,0,0,,0,0,0,0,1,0,1,1,0,0
1940,22,4,381,25,PF,37,0,451,55,122,0.451,24,74,0.324,31,48,0.646,0.549,21,23,0.913,23,39,62,31,8,5,16,61,155,0
2049,14,4,382,29,SF,30,7,365,33,66,0.5,4,20,0.2,29,46,0.63,0.53,11,15,0.733,14,47,61,25,10,7,17,46,81,0
2049,29,4,382,29,SF,22,2,335,31,77,0.403,4,23,0.174,27,54,0.5,0.429,8,9,0.889,14,49,63,40,6,3,17,34,74,0
1388,17,4,383,23,SG,35,1,345,53,125,0.424,44,105,0.419,9,20,0.45,0.6,4,4,1.0,6,39,45,22,6,0,9,31,154,0
1319,11,4,384,24,C,31,4,364,48,93,0.516,0,1,0.0,48,92,0.522,0.516,30,44,0.682,48,74,122,30,6,31,20,68,126,0
1319,1,4,384,24,C,8,0,41,11,19,0.579,0,3,0.0,11,16,0.688,0.579,5,6,0.833,6,9,15,1,0,3,5,6,27,0
1913,20,4,385,34,PG,27,0,338,61,159,0.384,19,63,0.302,42,96,0.438,0.443,11,12,0.917,8,32,40,46,7,5,22,18,152,0
1613,23,4,386,23,PG,2,0,10,3,4,0.75,0,1,0.0,3,3,1.0,0.75,0,0,,0,0,0,2,1,0,3,1,6,0
1613,24,4,386,23,PG,23,1,363,46,117,0.393,11,29,0.379,35,88,0.398,0.44,42,57,0.737,13,32,45,65,18,1,21,31,145,0
2098,11,4,387,21,PG,31,2,433,58,160,0.363,19,80,0.238,39,80,0.488,0.422,10,18,0.556,2,43,45,47,15,2,14,29,145,0
1102,13,4,388,21,SF,22,1,248,51,122,0.418,12,29,0.414,39,93,0.419,0.467,29,38,0.763,7,23,30,20,9,0,12,21,143,0
1049,28,4,389,23,PG,31,2,279,55,130,0.423,15,51,0.294,40,79,0.506,0.481,17,24,0.708,11,34,45,36,13,13,18,34,142,0
1543,14,4,390,27,C,22,1,176,20,37,0.541,0,3,0.0,20,34,0.588,0.541,15,20,0.75,18,37,55,4,3,12,9,17,55,0
1543,29,4,390,27,C,19,0,301,35,49,0.714,10,14,0.714,25,35,0.714,0.816,7,9,0.778,24,43,67,11,5,9,14,38,87,0
1426,22,4,391,25,SG,34,0,457,47,107,0.439,16,43,0.372,31,64,0.484,0.514,31,41,0.756,28,42,70,16,17,5,21,53,141,0
1589,23,4,392,25,SG,37,0,353,48,111,0.432,18,46,0.391,30,65,0.462,0.514,26,36,0.722,6,36,42,22,10,3,24,18,140,0
1582,18,4,393,25,C,38,0,291,46,81,0.568,8,22,0.364,38,59,0.644,0.617,39,57,0.684,22,34,56,13,10,6,21,41,139,0
1781,7,4,394,24,SG,47,5,607,48,132,0.364,17,67,0.254,31,65,0.477,0.428,22,33,0.667,7,55,62,58,16,7,29,65,135,0
1742,3,4,395,33,PF,27,1,285,33,82,0.402,20,49,0.408,13,33,0.394,0.524,10,10,1.0,13,46,59,25,8,5,14,33,96,0
1742,7,4,395,33,PF,8,1,70,14,33,0.424,8,22,0.364,6,11,0.545,0.545,0,0,,0,12,12,6,1,0,4,15,36,0
1464,26,4,396,29,C,42,1,348,55,89,0.618,5,8,0.625,50,81,0.617,0.646,15,19,0.789,29,51,80,9,3,11,14,50,130,0
1192,14,4,397,19,SG,41,3,512,44,106,0.415,26,62,0.419,18,44,0.409,0.538,14,16,0.875,7,68,75,21,9,7,13,33,128,0
1791,22,4,398,24,SF,27,8,518,43,122,0.352,26,86,0.302,17,36,0.472,0.459,16,21,0.762,26,70,96,37,19,11,17,40,128,0
1035,29,4,399,23,C,36,4,359,59,72,0.819,0,0,,59,72,0.819,0.819,7,20,0.35,31,88,119,11,6,15,18,34,125,0
1230,17,4,400,32,PF,18,3,340,45,94,0.479,24,55,0.436,21,39,0.538,0.606,10,12,0.833,17,52,69,27,12,6,7,27,124,0
1043,10,4,401,20,SF,31,0,226,43,109,0.394,32,84,0.381,11,25,0.44,0.541,4,6,0.667,1,39,40,11,6,4,11,14,122,0
1444,28,4,402,27,PF,42,10,614,48,114,0.421,17,67,0.254,31,47,0.66,0.496,9,16,0.563,27,96,123,25,16,6,15,43,122,0
1921,14,4,403,25,SF,12,0,129,15,49,0.306,13,35,0.371,2,14,0.143,0.439,4,5,0.8,2,12,14,4,2,0,3,14,47,0
1921,18,4,403,25,SF,22,0,181,25,59,0.424,19,49,0.388,6,10,0.6,0.585,6,7,0.857,2,10,12,12,3,1,4,13,75,0
1266,27,4,404,33,C,31,1,358,45,117,0.385,21,75,0.28,24,42,0.571,0.474,10,13,0.769,27,80,107,53,4,14,32,57,121,0
1628,15,4,405,20,PF,24,1,176,49,93,0.527,6,17,0.353,43,76,0.566,0.559,16,27,0.593,19,32,51,20,5,2,12,28,120,0
1908,16,4,406,22,C,31,1,425,47,89,0.528,0,6,0.0,47,83,0.566,0.528,22,31,0.71,48,78,126,25,12,12,16,53,116,0
1619,19,4,407,21,PG,25,0,235,40,88,0.455,15,34,0.441,25,54,0.463,0.54,19,22,0.864,5,28,33,23,10,2,10,24,114,0
2158,7,4,408,24,PG,27,1,335,46,98,0.469,9,28,0.321,37,70,0.529,0.515,13,19,0.684,9,38,47,58,8,5,19,24,114,0
1631,6,4,409,34,C,37,2,299,48,75,0.64,2,4,0.5,46,71,0.648,0.653,14,18,0.778,23,28,51,19,2,8,25,43,112,0
1052,27,4,410,19,PF,28,0,408,46,86,0.535,0,4,0.0,46,82,0.561,0.535,18,25,0.72,46,56,102,24,10,19,15,56,110,0
1981,8,4,411,34,PG,43,0,398,52,131,0.397,2,12,0.167,50,119,0.42,0.405,2,4,0.5,5,49,54,100,8,7,44,33,108,0
1603,15,4,412,21,PF,35,0,414,37,95,0.389,24,71,0.338,13,24,0.542,0.516,7,9,0.778,19,44,63,21,12,4,18,49,105,0
1655,11,4,413,34,C,31,0,171,41,60,0.683,0,1,0.0,41,59,0.695,0.683,20,27,0.741,20,40,60,9,5,2,14,10,102,0
1824,25,4,414,30,SG,15,1,255,24,41,0.585,9,17,0.529,15,24,0.625,0.695,4,4,1.0,10,29,39,22,16,1,12,29,61,0
1824,10,4,414,30,SG,7,0,112,17,28,0.607,4,9,0.444,13,19,0.684,0.679,2,3,0.667,14,16,30,8,6,4,4,14,40,0
1299,3,4,415,22,SF,14,1,79,6,24,0.25,2,12,0.167,4,12,0.333,0.292,1,2,0.5,6,8,14,2,3,1,4,3,15,0
1299,26,4,415,22,SF,22,3,306,30,69,0.435,15,43,0.349,15,26,0.577,0.543,10,13,0.769,17,30,47,21,11,5,9,37,85,0
1156,16,4,416,23,PF,18,0,240,37,66,0.561,7,20,0.35,30,46,0.652,0.614,17,22,0.773,15,37,52,12,11,1,6,21,98,0
2168,16,4,417,30,C,15,2,217,37,59,0.627,0,2,0.0,37,57,0.649,0.627,24,35,0.686,25,39,64,10,3,4,14,33,98,0
1837,7,4,418,27,SG,40,1,323,31,87,0.356,22,62,0.355,9,25,0.36,0.483,11,13,0.846,10,53,63,46,6,1,12,34,95,1
1674,25,4,419,25,PG,6,6,189,34,68,0.5,12,26,0.462,22,42,0.524,0.588,12,13,0.923,2,17,19,50,6,1,10,11,92,0
1330,18,4,420,29,SG,25,0,268,30,83,0.361,14,46,0.304,16,37,0.432,0.446,15,15,1.0,4,11,15,17,7,2,12,22,89,0
1883,8,4,421,27,SG,35,1,315,25,80,0.313,16,44,0.364,9,36,0.25,0.413,15,20,0.75,9,46,55,19,13,4,20,36,81,0
1883,14,4,421,27,SG,8,0,27,3,4,0.75,1,2,0.5,2,2,1.0,0.875,1,4,0.25,1,3,4,4,2,0,0,3,8,0
1563,1,4,422,29,C,26,0,176,25,44,0.568,11,23,0.478,14,21,0.667,0.693,10,12,0.833,3,33,36,21,5,1,9,21,71,0
1563,11,4,422,29,C,10,0,59,6,19,0.316,2,10,0.2,4,9,0.444,0.368,4,4,1.0,4,12,16,11,1,3,0,1,18,0
2015,12,4,423,23,PF,26,2,228,30,65,0.462,4,18,0.222,26,47,0.553,0.492,5,7,0.714,22,17,39,10,3,5,9,24,69,0
2015,5,4,423,23,PF,5,0,36,9,10,0.9,1,1,1.0,8,9,0.889,0.95,1,4,0.25,5,3,8,0,0,1,0,2,20,0
1559,29,4,424,21,SG,18,0,232,35,104,0.337,15,63,0.238,20,41,0.488,0.409,2,4,0.5,8,31,39,8,4,3,3,13,87,0
1286,3,4,425,23,SG,23,0,228,36,78,0.462,1,12,0.083,35,66,0.53,0.468,12,17,0.706,11,18,29,21,10,1,18,31,85,0
2019,5,4,426,20,SG,38,0,214,32,72,0.444,7,27,0.259,25,45,0.556,0.493,14,21,0.667,12,25,37,22,11,5,8,24,85,0
1558,16,4,427,19,PF,15,8,204,28,69,0.406,8,35,0.229,20,34,0.588,0.464,18,19,0.947,9,22,31,10,7,2,10,19,82,0
1182,15,4,428,20,PG,36,0,281,35,83,0.422,2,15,0.133,33,68,0.485,0.434,6,13,0.462,9,29,38,58,12,5,18,15,78,0
2106,8,4,429,20,SG,23,2,186,29,59,0.492,6,14,0.429,23,45,0.511,0.542,11,20,0.55,8,29,37,11,2,11,8,14,75,0
2083,7,4,430,32,PG,9,1,144,24,57,0.421,7,28,0.25,17,29,0.586,0.482,17,21,0.81,3,13,16,19,2,2,4,11,72,0
1925,29,4,431,23,PF,7,4,161,26,57,0.456,8,31,0.258,18,26,0.692,0.526,9,13,0.692,0,30,30,15,6,2,10,17,69,0
1488,17,4,432,33,C,16,0,185,26,54,0.481,6,18,0.333,20,36,0.556,0.537,8,13,0.615,15,29,44,4,2,7,11,23,66,0
1278,28,4,433,25,PG,25,0,259,25,57,0.439,5,16,0.313,20,41,0.488,0.482,6,9,0.667,6,17,23,31,9,3,5,13,61,0
1389,15,4,434,35,SG,3,0,43,3,11,0.273,3,8,0.375,0,3,0.0,0.409,0,0,,1,3,4,2,1,0,3,6,9,0
1389,6,4,434,35,SG,8,0,95,19,38,0.5,13,29,0.448,6,9,0.667,0.671,1,1,1.0,2,8,10,4,5,3,7,10,52,0
1259,13,4,435,21,C,22,1,195,24,47,0.511,1,2,0.5,23,45,0.511,0.521,10,16,0.625,31,19,50,4,7,8,9,15,59,0
1260,6,4,436,26,C,22,2,176,24,50,0.48,7,21,0.333,17,29,0.586,0.55,2,2,1.0,8,22,30,8,4,9,12,26,57,0
1506,30,4,437,24,PG,9,0,135,19,42,0.452,1,12,0.083,18,30,0.6,0.464,17,22,0.773,2,6,8,15,4,1,4,10,56,0
1606,18,4,438,22,SG,1,0,2,1,1,1.0,0,0,,1,1,1.0,1.0,0,0,,0,1,1,0,0,0,0,1,2,0
1606,7,4,438,22,SG,14,0,106,21,43,0.488,10,25,0.4,11,18,0.611,0.605,2,8,0.25,6,14,20,2,2,0,3,10,54,0
1496,22,4,439,25,PF,11,0,124,22,53,0.415,6,15,0.4,16,38,0.421,0.472,5,9,0.556,15,29,44,6,14,4,4,5,55,0
2132,25,4,440,23,SG,5,4,127,24,39,0.615,3,8,0.375,21,31,0.677,0.654,2,3,0.667,10,5,15,10,3,2,4,13,53,0
1333,1,4,441,24,SG,23,3,277,25,60,0.417,0,2,0.0,25,58,0.431,0.417,2,3,0.667,5,32,37,38,7,2,15,17,52,0
1024,17,4,442,30,PF,37,0,206,20,46,0.435,0,8,0.0,20,38,0.526,0.435,11,22,0.5,15,29,44,15,3,3,12,22,51,0
1479,30,4,443,24,C,7,0,95,15,25,0.6,6,12,0.5,9,13,0.692,0.72,15,16,0.938,6,15,21,10,3,4,5,15,51,0
1529,12,4,444,35,PF,18,1,162,22,49,0.449,3,15,0.2,19,34,0.559,0.48,4,8,0.5,4,26,30,15,7,6,8,32,51,0
2018,19,4,445,36,SG,25,0,162,18,45,0.4,11,26,0.423,7,19,0.368,0.522,3,4,0.75,5,12,17,13,9,2,4,15,50,0
2123,17,4,446,24,PG,7,1,87,18,37,0.486,6,18,0.333,12,19,0.632,0.568,8,9,0.889,0,7,7,14,0,2,12,7,50,0
2023,12,4,447,30,C,7,1,109,21,44,0.477,2,11,0.182,19,33,0.576,0.5,5,12,0.417,7,15,22,9,2,6,3,7,49,0
1254,26,4,448,32,PG,32,0,213,17,50,0.34,9,27,0.333,8,23,0.348,0.43,4,7,0.571,1,12,13,41,7,0,10,20,47,0
1719,18,4,449,20,SF,15,0,96,18,36,0.5,2,6,0.333,16,30,0.533,0.528,8,8,1.0,5,20,25,5,4,6,3,10,46,0
1796,26,4,450,23,PF,35,3,248,16,38,0.421,7,21,0.333,9,17,0.529,0.513,7,8,0.875,7,27,34,13,7,7,7,39,46,0
1152,25,4,451,20,C,19,1,221,17,53,0.321,8,35,0.229,9,18,0.5,0.396,3,4,0.75,3,14,17,11,7,9,1,22,45,0
1890,9,4,452,23,SG,14,0,198,17,44,0.386,5,20,0.25,12,24,0.5,0.443,6,6,1.0,11,26,37,4,4,1,3,23,45,0
1234,1,4,453,23,SF,10,1,137,17,43,0.395,1,12,0.083,16,31,0.516,0.407,9,13,0.692,10,28,38,6,6,2,7,14,44,0
1427,25,4,454,29,SG,5,0,120,15,36,0.417,3,10,0.3,12,26,0.462,0.458,11,15,0.733,1,21,22,30,11,2,6,12,44,0
1852,28,4,455,29,SF,8,2,146,15,30,0.5,6,17,0.353,9,13,0.692,0.6,8,8,1.0,6,13,19,8,11,0,4,7,44,0
1980,16,4,456,25,SG,5,1,67,5,14,0.357,1,6,0.167,4,8,0.5,0.393,0,0,,1,8,9,5,4,3,1,10,11,0
1980,3,4,456,25,SG,10,0,91,13,31,0.419,4,13,0.308,9,18,0.5,0.484,3,3,1.0,1,14,15,17,6,1,2,13,33,0
1082,28,4,457,30,C,20,0,162,19,32,0.594,1,2,0.5,18,30,0.6,0.609,4,5,0.8,8,17,25,7,5,5,8,24,43,0
1614,26,4,458,29,C,26,2,161,16,30,0.533,0,2,0.0,16,28,0.571,0.533,11,16,0.688,24,36,60,12,4,11,16,28,43,0
1616,17,4,459,30,C,9,2,114,14,29,0.483,7,18,0.389,7,11,0.636,0.603,8,9,0.889,12,22,34,1,2,0,6,16,43,0
1737,18,4,460,21,SG,29,2,153,18,43,0.419,2,17,0.118,16,26,0.615,0.442,4,5,0.8,4,14,18,18,8,5,8,13,42,0
1998,23,4,461,20,SG,16,2,89,17,35,0.486,2,5,0.4,15,30,0.5,0.514,6,8,0.75,6,8,14,8,7,3,3,15,42,0
1862,13,4,462,23,PG,14,0,124,18,41,0.439,5,18,0.278,13,23,0.565,0.5,0,2,0.0,2,20,22,27,2,0,10,7,41,0
2167,16,4,463,24,C,9,0,83,16,27,0.593,3,7,0.429,13,20,0.65,0.648,5,6,0.833,8,15,23,2,2,2,4,16,40,0
1217,30,4,464,27,PF,10,1,126,17,28,0.607,0,1,0.0,17,27,0.63,0.607,4,10,0.4,16,22,38,6,6,4,8,13,38,0
1150,21,4,465,22,PG,6,1,77,15,32,0.469,7,14,0.5,8,18,0.444,0.578,0,0,,1,3,4,8,5,0,5,5,37,0
1592,1,4,466,22,PG,29,0,165,15,37,0.405,5,21,0.238,10,16,0.625,0.473,1,2,0.5,6,20,26,17,5,1,5,17,36,0
1935,21,4,467,23,C,9,1,114,15,30,0.5,1,8,0.125,14,22,0.636,0.517,5,7,0.714,12,19,31,4,1,5,4,17,36,0
1660,4,4,468,27,SF,7,0,134,14,36,0.389,3,14,0.214,11,22,0.5,0.431,4,7,0.571,8,16,24,11,4,1,2,13,35,0
1776,9,4,469,28,C,14,3,152,12,30,0.4,1,2,0.5,11,28,0.393,0.417,7,10,0.7,7,30,37,7,13,9,8,25,32,0
1776,3,4,469,28,C,3,1,43,1,6,0.167,0,0,,1,6,0.167,0.167,1,2,0.5,3,6,9,3,3,1,5,7,3,0
1726,6,4,470,23,PF,12,0,84,12,28,0.429,3,8,0.375,9,20,0.45,0.482,4,4,1.0,4,16,20,3,4,3,1,8,31,0
2143,15,4,471,22,SG,15,1,105,12,40,0.3,4,28,0.143,8,12,0.667,0.35,2,2,1.0,4,11,15,4,6,2,5,12,30,0
1132,25,4,472,21,PF,16,0,93,11,28,0.393,1,7,0.143,10,21,0.476,0.411,5,12,0.417,2,17,19,3,4,5,6,13,28,0
1409,27,4,473,21,SF,9,0,83,9,28,0.321,3,15,0.2,6,13,0.462,0.375,7,9,0.778,3,9,12,11,1,0,7,6,28,0
1863,27,4,474,20,SG,4,0,93,9,26,0.346,3,12,0.25,6,14,0.429,0.404,7,9,0.778,2,11,13,18,1,2,11,8,28,0
1431,16,4,475,42,C,7,1,71,10,29,0.345,3,9,0.333,7,20,0.35,0.397,4,5,0.8,4,7,11,0,1,2,1,11,27,0
1028,20,4,476,28,PG,11,0,26,1,5,0.2,1,3,0.333,0,2,0.0,0.3,0,0,,0,4,4,2,2,0,1,3,3,0
1028,25,4,476,28,PG,9,4,146,8,32,0.25,7,20,0.35,1,12,0.083,0.359,0,0,,0,11,11,21,3,0,6,14,23,0
1680,23,4,477,24,SG,2,0,41,9,20,0.45,4,11,0.364,5,9,0.556,0.55,3,5,0.6,3,7,10,9,0,0,3,3,25,0
1702,6,4,478,26,SG,5,0,59,9,22,0.409,5,18,0.278,4,4,1.0,0.523,2,2,1.0,0,9,9,5,4,0,0,3,25,0
2073,2,4,479,27,C,23,1,171,11,24,0.458,1,4,0.25,10,20,0.5,0.479,2,2,1.0,18,30,48,7,2,8,11,35,25,0
1304,26,4,480,23,SG,16,0,71,7,16,0.438,6,12,0.5,1,4,0.25,0.625,4,7,0.571,4,4,8,6,5,1,1,10,24,0
1856,29,4,481,24,PF,7,0,52,10,15,0.667,4,7,0.571,6,8,0.75,0.8,0,0,,3,13,16,4,1,0,2,5,24,0
2162,12,4,482,29,SG,3,0,56,8,21,0.381,6,18,0.333,2,3,0.667,0.524,2,2,1.0,0,6,6,5,2,0,0,5,24,0
1911,10,4,483,20,PG,12,0,62,7,20,0.35,3,9,0.333,4,11,0.364,0.425,6,6,1.0,3,9,12,6,1,1,16,10,23,0
1111,29,4,484,26,PF,4,0,39,8,14,0.571,4,9,0.444,4,5,0.8,0.714,2,2,1.0,1,5,6,3,0,2,2,3,22,0
1279,26,4,485,26,SF,16,0,79,10,33,0.303,2,16,0.125,8,17,0.471,0.333,0,0,,1,13,14,10,6,1,5,7,22,0
1665,1,4,486,23,SG,16,0,66,9,23,0.391,1,7,0.143,8,16,0.5,0.413,2,2,1.0,5,7,12,2,1,0,2,2,21,0
1870,12,4,487,25,SG,7,0,70,7,29,0.241,2,15,0.133,5,14,0.357,0.276,5,5,1.0,8,9,17,6,2,5,7,4,21,0
2117,8,4,488,25,SF,17,0,66,8,19,0.421,3,9,0.333,5,10,0.5,0.5,2,3,0.667,6,11,17,4,3,2,2,9,21,0
1421,28,4,489,22,PF,9,0,48,8,16,0.5,3,9,0.333,5,7,0.714,0.594,1,1,1.0,3,4,7,4,0,1,0,3,20,0
1505,2,4,490,27,SF,23,0,107,7,27,0.259,5,20,0.25,2,7,0.286,0.352,1,2,0.5,2,15,17,9,4,4,2,7,20,0
1540,5,4,491,25,PG,7,0,56,6,15,0.4,3,6,0.5,3,9,0.333,0.5,5,8,0.625,1,4,5,6,2,0,2,2,20,0
1576,23,4,492,23,PF,1,0,29,8,13,0.615,4,8,0.5,4,5,0.8,0.769,0,1,0.0,2,2,4,2,1,0,2,4,20,0
1109,5,4,493,25,C,12,0,33,6,12,0.5,3,5,0.6,3,7,0.429,0.625,4,4,1.0,1,10,11,1,1,1,1,2,19,0
1246,2,4,494,20,SG,12,0,66,8,19,0.421,2,7,0.286,6,12,0.5,0.474,1,2,0.5,2,7,9,11,2,2,4,5,19,0
1170,22,4,495,31,PG,4,0,44,6,14,0.429,1,3,0.333,5,11,0.455,0.464,4,7,0.571,1,4,5,7,1,1,4,5,17,0
1490,10,4,496,39,PF,8,0,113,7,15,0.467,1,9,0.111,6,6,1.0,0.5,2,3,0.667,3,14,17,19,4,3,9,11,17,0
1717,25,4,497,23,SF,4,0,89,7,23,0.304,3,12,0.25,4,11,0.364,0.37,0,1,0.0,3,12,15,4,2,5,4,9,17,0
1991,4,4,498,25,SF,4,0,48,5,10,0.5,3,6,0.5,2,4,0.5,0.65,4,4,1.0,0,5,5,5,0,1,3,7,17,0
1091,9,4,499,23,SF,10,0,90,5,27,0.185,4,25,0.16,1,2,0.5,0.259,2,2,1.0,2,4,6,4,2,0,0,6,16,0
1387,3,4,500,23,PF,1,0,35,6,12,0.5,2,5,0.4,4,7,0.571,0.583,2,2,1.0,3,6,9,7,0,1,4,5,16,0
1105,16,4,501,23,PG,4,0,65,6,13,0.462,2,5,0.4,4,8,0.5,0.538,1,2,0.5,1,4,5,4,4,2,4,5,15,0
1105,30,4,501,23,PG,1,0,6,0,1,0.0,0,1,0.0,0,0,,0.0,0,0,,0,1,1,0,0,0,0,1,0,0
1249,11,4,502,23,SF,4,0,25,5,12,0.417,3,10,0.3,2,2,1.0,0.542,2,2,1.0,1,5,6,1,0,1,0,2,15,0
1838,14,4,503,22,PG,6,0,32,4,12,0.333,1,3,0.333,3,9,0.333,0.375,5,9,0.556,2,2,4,2,2,1,2,3,14,0
1944,22,4,504,22,SG,2,0,30,5,7,0.714,2,2,1.0,3,5,0.6,0.857,1,2,0.5,0,6,6,1,2,0,3,2,13,0
1871,26,4,505,23,C,5,0,29,6,9,0.667,0,0,,6,9,0.667,0.667,0,2,0.0,5,6,11,1,0,2,1,7,12,0
1180,28,4,506,21,SF,3,0,11,3,3,1.0,0,0,,3,3,1.0,1.0,0,0,,1,3,4,1,0,0,0,1,6,0
1180,2,4,506,21,SF,2,0,23,2,12,0.167,1,5,0.2,1,7,0.143,0.208,0,0,,2,2,4,3,1,0,0,1,5,0
1159,7,4,507,31,PG,8,0,52,3,13,0.231,3,11,0.273,0,2,0.0,0.346,1,2,0.5,0,2,2,9,6,0,3,3,10,0
1873,10,4,508,22,SG,4,0,18,2,5,0.4,2,4,0.5,0,1,0.0,0.6,4,6,0.667,1,2,3,2,1,0,5,0,10,0
1134,12,4,509,19,SG,6,0,40,4,7,0.571,0,1,0.0,4,6,0.667,0.571,1,2,0.5,2,4,6,3,4,0,2,9,9,0
1272,7,4,510,26,SF,3,0,8,4,5,0.8,1,2,0.5,3,3,1.0,0.9,0,0,,1,1,2,0,0,0,0,0,9,0
1477,11,4,511,23,PG,5,0,28,2,9,0.222,2,8,0.25,0,1,0.0,0.333,3,3,1.0,0,0,0,3,0,0,1,1,9,0
2010,14,4,512,23,SF,7,0,41,3,9,0.333,3,8,0.375,0,1,0.0,0.5,0,0,,1,6,7,4,0,0,0,3,9,0
2042,30,4,513,21,PF,6,1,61,3,19,0.158,1,10,0.1,2,9,0.222,0.184,2,2,1.0,2,10,12,4,1,0,2,4,9,0
2120,28,4,514,23,SF,9,0,50,3,14,0.214,3,12,0.25,0,2,0.0,0.321,0,0,,0,4,4,3,0,0,1,3,9,0
1212,25,4,515,26,C,1,0,21,3,5,0.6,0,0,,3,5,0.6,0.6,1,4,0.25,2,1,3,0,0,1,0,0,7,0
1524,27,4,516,26,PF,4,0,30,3,6,0.5,0,2,0.0,3,4,0.75,0.5,1,2,0.5,2,8,10,1,1,0,4,3,7,0
1734,13,4,517,28,SG,4,0,20,3,9,0.333,1,3,0.333,2,6,0.333,0.389,0,0,,0,3,3,5,0,0,1,2,7,0
1097,29,4,518,22,SF,14,0,68,3,20,0.15,0,4,0.0,3,16,0.188,0.15,0,0,,4,3,7,7,3,1,7,10,6,0
1164,30,4,519,21,C,11,0,28,2,8,0.25,0,0,,2,8,0.25,0.25,2,2,1.0,3,8,11,3,2,2,2,5,6,0
1560,2,4,520,25,PF,4,0,36,2,7,0.286,0,3,0.0,2,4,0.5,0.286,2,2,1.0,5,5,10,0,2,0,1,3,6,0
1967,5,4,521,23,C,7,0,20,2,7,0.286,1,4,0.25,1,3,0.333,0.357,1,2,0.5,1,1,2,0,0,0,0,5,6,0
1452,5,4,522,27,SF,5,0,9,2,4,0.5,1,3,0.333,1,1,1.0,0.625,0,0,,0,3,3,0,0,0,0,1,5,0
1965,4,4,523,25,SG,5,0,28,1,6,0.167,1,5,0.2,0,1,0.0,0.25,2,2,1.0,1,3,4,5,0,2,1,0,5,0
2148,6,4,524,26,SF,3,0,10,2,3,0.667,1,2,0.5,1,1,1.0,0.833,0,0,,0,0,0,1,1,0,1,0,5,0
1572,9,4,525,25,SF,3,0,9,1,1,1.0,0,0,,1,1,1.0,1.0,2,2,1.0,0,1,1,0,0,0,0,0,4,0
1945,19,4,526,22,SG,5,0,12,2,5,0.4,0,0,,2,5,0.4,0.4,0,0,,1,0,1,0,0,0,0,1,4,0
2128,1,4,527,21,SG,2,0,4,2,5,0.4,0,2,0.0,2,3,0.667,0.4,0,0,,0,2,2,0,0,0,0,0,4,0
1276,30,4,528,23,PG,6,0,53,1,10,0.1,1,4,0.25,0,6,0.0,0.15,0,0,,6,4,10,8,5,0,3,9,3,0
1371,15,4,529,24,PG,1,0,41,1,3,0.333,1,3,0.333,0,0,,0.5,0,0,,0,4,4,7,3,0,2,3,3,0
1566,20,4,530,19,SG,3,0,8,1,4,0.25,1,4,0.25,0,0,,0.375,0,0,,0,2,2,0,0,0,0,0,3,0
1938,30,4,531,24,SF,2,0,6,1,2,0.5,1,1,1.0,0,1,0.0,0.75,0,0,,0,0,0,1,1,0,0,1,3,0
1729,26,4,532,27,SF,2,0,8,1,2,0.5,0,0,,1,2,0.5,0.5,0,2,0.0,2,0,2,1,0,0,2,2,2,0
1963,7,4,533,26,PF,1,0,3,1,1,1.0,0,0,,1,1,1.0,1.0,0,0,,0,0,0,0,0,0,1,2,2,0
2063,9,4,534,23,SG,1,0,2,0,1,0.0,0,1,0.0,0,0,,0.0,2,2,1.0,0,0,0,0,1,1,0,0,2,0
1137,14,4,535,27,SF,4,0,24,0,4,0.0,0,2,0.0,0,2,0.0,0.0,0,0,,3,5,8,2,3,0,0,4,0,0
1148,26,4,536,29,PF,2,0,6,0,2,0.0,0,1,0.0,0,1,0.0,0.0,0,0,,0,0,0,0,0,0,0,0,0,0
1334,23,4,537,20,PF,1,0,1,0,0,,0,0,,0,0,,,0,0,,0,0,0,0,0,0,0,0,0,0
1500,29,4,538,24,PG,1,0,5,0,3,0.0,0,1,0.0,0,2,0.0,0.0,0,0,,1,1,2,1,0,0,0,0,0,0
2124,3,4,539,23,SG,1,0,5,0,0,,0,0,,0,0,,,0,0,,0,1,1,0,0,0,2,1,0,0
1271,7,5,1,24,PG,70,70,2624,804,1652,0.487,284,744,0.382,520,908,0.573,0.573,478,608,0.786,59,588,647,686,99,38,282,149,2370,21
1367,21,5,2,25,PG,75,75,2553,796,1487,0.535,95,269,0.353,701,1218,0.576,0.567,567,649,0.874,65,350,415,465,150,67,162,184,2254,0
1022,17,5,3,29,PF,73,73,2567,837,1369,0.611,34,124,0.274,803,1245,0.645,0.624,514,782,0.657,196,645,841,476,87,79,250,210,2222,10
1139,20,5,4,27,PG,77,77,2726,790,1648,0.479,211,526,0.401,579,1122,0.516,0.543,421,497,0.847,43,235,278,519,70,13,186,144,2212,0
1539,8,5,5,28,C,79,79,2737,822,1411,0.583,83,231,0.359,739,1180,0.626,0.612,358,438,0.817,223,753,976,708,108,68,237,194,2085,25
1295,18,5,6,22,SG,79,78,2770,718,1558,0.461,190,532,0.357,528,1026,0.515,0.522,423,506,0.836,52,378,430,405,101,42,241,141,2049,0
1289,24,5,7,35,PF,75,75,2791,751,1436,0.523,168,407,0.413,583,1029,0.567,0.581,362,423,0.856,41,454,495,378,69,91,244,133,2032,1
2014,2,5,8,25,PF,74,74,2645,672,1426,0.471,229,609,0.376,443,817,0.542,0.552,414,497,0.833,67,534,601,364,75,43,188,145,1987,0
1336,26,5,9,26,PG,74,74,2659,720,1549,0.465,214,580,0.369,506,969,0.522,0.534,312,423,0.738,67,273,340,418,150,31,194,193,1966,0
1238,10,5,10,35,PG,74,74,2421,650,1445,0.45,357,876,0.408,293,569,0.515,0.573,299,324,0.923,37,293,330,379,54,28,210,117,1956,0
1258,5,5,11,34,SF,79,79,2989,650,1355,0.48,75,225,0.333,575,1130,0.509,0.507,522,612,0.853,43,297,340,421,90,45,135,161,1897,0
1244,14,5,12,30,C,76,76,2700,713,1283,0.556,29,107,0.271,684,1176,0.582,0.567,421,516,0.816,239,722,961,266,91,178,159,177,1876,2
1101,24,5,13,27,PG,68,68,2447,642,1305,0.492,152,418,0.364,490,887,0.552,0.55,405,457,0.886,56,252,308,472,61,28,178,206,1841,0
1512,14,5,14,39,PF,71,71,2504,685,1269,0.54,149,363,0.41,536,906,0.592,0.599,303,404,0.75,61,457,518,589,89,38,245,78,1822,5
1673,23,5,15,23,PG,70,70,2626,638,1419,0.45,212,569,0.373,426,850,0.501,0.524,328,378,0.868,36,222,258,433,69,33,116,151,1816,0
1047,22,5,16,21,PF,80,80,2799,640,1407,0.455,119,351,0.339,521,1056,0.493,0.497,405,559,0.725,82,472,554,431,71,47,247,153,1804,2
1623,17,5,17,33,PG,73,73,2579,541,1277,0.424,220,622,0.354,321,655,0.49,0.51,473,514,0.92,36,284,320,508,72,18,193,134,1775,0
1751,1,5,18,27,SG,78,78,2783,672,1463,0.459,201,554,0.363,471,909,0.518,0.528,208,262,0.794,62,354,416,502,111,24,201,138,1753,1
1962,28,5,19,29,PF,39,39,1354,325,623,0.522,46,145,0.317,279,478,0.584,0.559,169,223,0.758,54,192,246,190,32,10,83,87,865,0
1962,12,5,19,29,PF,41,41,1303,356,648,0.549,39,101,0.386,317,547,0.58,0.579,121,173,0.699,85,234,319,152,31,15,58,106,872,1
1362,13,5,20,33,PF,74,74,2502,582,1236,0.471,243,588,0.413,339,648,0.523,0.569,264,291,0.907,37,351,388,262,113,37,153,202,1671,0
1615,13,5,21,32,SF,68,68,2330,610,1162,0.525,140,336,0.417,470,826,0.569,0.585,253,286,0.885,84,332,416,244,111,59,119,97,1613,1
1133,2,5,22,27,SF,70,70,2343,627,1256,0.499,145,410,0.354,482,846,0.57,0.557,211,300,0.703,84,303,387,249,83,37,166,185,1610,1
1393,11,5,23,21,SG,82,82,2601,563,1332,0.423,201,605,0.332,362,727,0.498,0.498,283,352,0.804,41,382,423,291,66,28,191,115,1610,1
1117,3,5,24,27,SF,82,82,2854,564,1294,0.436,220,592,0.372,344,702,0.49,0.521,258,317,0.814,68,304,372,299,81,30,164,116,1606,0
2144,19,5,25,23,PF,70,70,2207,624,1094,0.57,6,18,0.333,618,1076,0.574,0.573,347,494,0.702,122,284,406,352,77,47,193,159,1601,0
1922,26,5,26,27,C,82,82,2928,634,1068,0.594,33,87,0.379,601,981,0.613,0.609,292,415,0.704,294,826,1120,673,74,48,272,250,1593,26
1596,30,5,27,28,PF,70,70,2281,608,1313,0.463,151,450,0.336,457,863,0.53,0.521,186,240,0.775,62,402,464,296,37,49,192,153,1553,0
2109,27,5,28,20,C,71,71,2106,551,1186,0.465,128,394,0.325,423,792,0.534,0.519,292,367,0.796,161,594,755,274,88,254,260,153,1522,2
2113,5,5,29,23,PG,79,78,2881,541,1209,0.447,209,556,0.376,332,653,0.508,0.534,218,260,0.838,44,314,358,405,53,18,166,186,1509,0
1495,7,5,30,31,SG,58,58,2030,562,1131,0.497,173,421,0.411,389,710,0.548,0.573,190,210,0.905,44,246,290,299,74,28,106,112,1487,0
1503,15,5,31,24,C,66,66,2124,516,1162,0.444,117,366,0.32,399,796,0.501,0.494,337,417,0.808,85,280,365,154,80,106,160,235,1486,0
2026,3,5,32,22,SG,66,51,2075,526,1190,0.442,144,396,0.364,382,794,0.481,0.503,286,334,0.856,28,186,214,192,45,16,124,138,1482,0
1723,6,5,33,27,SG,55,55,1942,503,1089,0.462,182,494,0.368,321,595,0.539,0.545,275,318,0.865,46,234,280,333,101,30,154,118,1463,0
1951,29,5,34,25,SG,78,51,2075,506,1038,0.487,128,325,0.394,378,713,0.53,0.549,318,370,0.859,71,134,205,383,62,18,165,154,1458,0
1118,4,5,35,25,SF,69,67,2581,559,1210,0.462,157,450,0.349,402,760,0.529,0.527,174,211,0.825,71,434,505,231,65,33,138,118,1449,0
2077,22,5,36,22,SF,72,72,2337,528,1096,0.482,94,334,0.281,434,762,0.57,0.525,271,319,0.85,72,309,381,269,76,28,137,168,1421,0
1236,9,5,37,22,PG,62,62,2074,524,1167,0.449,119,335,0.355,405,832,0.487,0.5,238,274,0.869,33,235,268,464,56,22,212,153,1405,0
1405,12,5,38,23,PG,69,68,2224,500,1048,0.477,195,535,0.364,305,513,0.595,0.57,194,227,0.855,35,236,271,752,83,48,159,75,1389,1
2166,1,5,39,25,PG,54,54,1942,433,1008,0.43,175,469,0.373,258,539,0.479,0.516,348,407,0.855,23,126,149,583,72,11,235,109,1389,0
2034,10,5,40,33,SF,77,63,2284,490,1133,0.432,268,692,0.387,222,441,0.503,0.551,127,137,0.927,35,219,254,176,50,35,117,127,1375,0
2074,5,5,41,33,C,76,74,2610,586,1211,0.484,92,313,0.294,494,898,0.55,0.522,106,129,0.822,210,591,801,254,50,60,120,190,1370,0
1919,14,5,42,27,PG,76,69,2484,492,1080,0.456,226,545,0.415,266,535,0.497,0.56,159,192,0.828,28,208,236,482,69,36,156,156,1369,0
1004,16,5,43,26,C,71,71,2416,530,1017,0.521,15,42,0.357,515,975,0.528,0.529,292,387,0.755,159,578,737,278,81,66,162,159,1367,2
1465,21,5,44,21,C,82,82,2413,505,953,0.53,129,349,0.37,376,604,0.623,0.598,218,275,0.793,129,519,648,200,53,190,131,197,1357,0
1847,30,5,45,24,SG,78,66,2346,490,1186,0.413,184,564,0.326,306,622,0.492,0.491,192,219,0.877,32,180,212,343,86,25,188,244,1356,0
1851,8,5,46,25,SF,81,81,2565,522,1079,0.484,220,554,0.397,302,525,0.575,0.586,92,110,0.836,106,459,565,122,42,53,92,148,1356,0
2130,21,5,47,22,PF,71,71,2223,536,993,0.54,103,241,0.427,433,752,0.576,0.592,180,221,0.814,37,245,282,322,80,45,123,175,1355,0
1305,23,5,48,29,C,39,39,1309,450,851,0.529,54,139,0.388,396,712,0.556,0.561,399,452,0.883,95,335,430,219,46,66,150,112,1353,2
2051,18,5,49,28,PF,62,62,2026,479,951,0.504,136,327,0.416,343,624,0.55,0.575,255,292,0.873,94,421,515,189,43,41,177,204,1349,0
1092,1,5,50,31,SG,79,33,2401,471,1100,0.428,240,641,0.374,231,459,0.503,0.537,151,164,0.921,53,219,272,247,96,26,112,179,1333,0
1493,19,5,51,26,SF,64,64,2103,500,1017,0.492,86,242,0.355,414,775,0.534,0.534,246,307,0.801,43,281,324,363,50,40,163,145,1332,1
1949,11,5,52,21,C,63,63,2046,527,982,0.537,33,111,0.297,494,871,0.567,0.553,244,352,0.693,183,406,589,312,76,46,162,211,1331,2
2070,27,5,53,23,SG,68,62,2248,498,1056,0.472,166,446,0.372,332,610,0.544,0.55,161,201,0.801,27,234,261,277,73,23,108,74,1323,0
1681,19,5,54,32,PG,66,66,2159,484,1055,0.459,239,557,0.429,245,498,0.492,0.572,115,139,0.827,39,247,286,305,62,41,110,126,1322,0
2060,12,5,55,27,C,77,77,2076,476,909,0.524,116,324,0.358,360,585,0.615,0.587,245,317,0.773,113,420,533,100,39,144,109,232,1313,0
1879,14,5,56,25,SG,82,57,2629,457,940,0.486,154,420,0.367,303,520,0.583,0.568,232,272,0.853,57,295,352,450,66,25,174,153,1300,1
1708,4,5,57,21,SF,74,68,2383,476,1083,0.44,184,493,0.373,292,590,0.495,0.524,143,173,0.827,60,255,315,175,66,42,132,184,1279,0
1656,29,5,58,26,PF,55,55,1820,427,890,0.48,175,439,0.399,252,451,0.559,0.578,249,277,0.899,122,327,449,110,50,26,77,100,1278,0
1013,6,5,59,25,C,77,77,2442,519,819,0.634,0,6,0.0,519,813,0.638,0.634,233,314,0.742,243,568,811,210,53,81,121,147,1271,0
2068,11,5,60,29,PG,73,73,2684,423,1018,0.416,227,586,0.387,196,432,0.454,0.527,197,229,0.86,33,245,278,589,101,59,126,183,1270,0
1270,20,5,61,27,SG,81,63,2360,445,1004,0.443,283,705,0.401,162,299,0.542,0.584,86,114,0.754,63,234,297,216,107,36,113,166,1259,0
1752,8,5,62,26,PG,59,59,1861,474,986,0.481,145,341,0.425,329,645,0.51,0.554,157,184,0.853,42,200,242,384,57,39,125,104,1250,0
1151,16,5,63,34,PF,60,60,2042,396,793,0.499,60,145,0.414,336,648,0.519,0.537,394,459,0.858,105,213,318,298,79,17,102,68,1246,1
1916,4,5,64,29,SG,30,30,1065,252,549,0.459,83,232,0.358,169,317,0.533,0.535,109,129,0.845,17,100,117,198,32,12,65,52,696,0
1916,16,5,64,29,PG,31,30,975,190,449,0.423,66,178,0.371,124,271,0.458,0.497,63,69,0.913,18,112,130,144,31,9,41,49,509,0
1428,23,5,65,31,PF,70,70,2368,463,951,0.487,91,258,0.353,372,693,0.537,0.535,187,213,0.878,80,373,453,217,70,46,93,115,1204,0
1415,13,5,66,34,PG,72,72,2470,352,822,0.428,186,488,0.381,166,334,0.497,0.541,302,344,0.878,34,335,369,614,77,57,185,127,1192,3
1054,28,5,67,22,SG,60,60,2094,447,942,0.475,101,296,0.341,346,646,0.536,0.528,196,251,0.781,141,353,494,363,75,88,165,118,1191,4
1594,10,5,68,21,PF,74,46,1949,456,862,0.529,53,165,0.321,403,697,0.578,0.56,223,299,0.746,92,263,355,163,55,36,122,169,1188,0
1497,9,5,69,21,SG,77,61,2217,417,973,0.429,124,369,0.336,293,604,0.485,0.492,227,303,0.749,86,178,264,296,57,41,190,204,1185,0
1753,26,5,70,23,SF,77,77,2588,443,975,0.454,183,511,0.358,260,464,0.56,0.548,103,124,0.831,106,314,420,129,79,59,64,205,1172,0
1056,20,5,71,23,SG,26,26,766,164,388,0.423,43,130,0.331,121,258,0.469,0.478,103,124,0.831,19,92,111,63,12,9,47,45,474,0
1056,28,5,71,23,SG,32,32,1072,272,492,0.553,47,120,0.392,225,372,0.605,0.601,105,167,0.629,34,170,204,130,19,13,79,84,696,0
1872,20,5,72,24,SG,30,0,720,152,335,0.454,64,162,0.395,88,173,0.509,0.549,82,94,0.872,5,72,77,74,16,3,31,44,450,0
1872,28,5,72,24,PG,38,38,1265,236,559,0.422,107,271,0.395,129,288,0.448,0.518,127,151,0.841,12,170,182,257,34,7,70,75,706,0
1854,2,5,73,28,C,57,57,1690,388,752,0.516,110,293,0.375,278,459,0.606,0.589,259,302,0.858,97,312,409,115,42,111,89,156,1145,0
1414,7,5,74,31,SF,79,12,2120,392,976,0.402,211,597,0.353,181,379,0.478,0.51,144,169,0.852,22,232,254,139,42,6,69,106,1139,0
1382,25,5,75,29,PF,54,54,1830,383,850,0.451,111,276,0.402,272,574,0.474,0.516,255,312,0.817,37,154,191,152,45,34,116,117,1132,0
1853,17,5,76,28,PF,82,4,2008,466,918,0.508,100,246,0.407,366,672,0.545,0.562,98,124,0.79,142,465,607,104,68,34,91,189,1130,0
1941,28,5,77,30,PG,51,33,1559,247,559,0.442,77,220,0.35,170,339,0.501,0.511,127,149,0.852,22,118,140,313,46,8,83,105,698,0
1941,3,5,77,30,PG,29,25,927,156,368,0.424,61,148,0.412,95,220,0.432,0.507,51,64,0.797,17,85,102,175,17,9,70,59,424,0
1730,26,5,78,25,SG,72,0,1872,396,893,0.443,148,423,0.35,248,470,0.528,0.526,170,205,0.829,28,184,212,370,45,39,150,156,1110,0
2115,2,5,79,29,SG,73,73,2381,387,839,0.461,196,495,0.396,191,344,0.555,0.578,137,152,0.901,51,259,310,377,74,87,112,152,1107,1
1032,30,5,80,23,SF,75,75,2257,406,803,0.506,88,235,0.374,318,568,0.56,0.56,202,273,0.74,84,456,540,286,60,36,160,185,1102,0
1876,20,5,81,29,PF,46,46,1630,395,836,0.472,76,244,0.311,319,592,0.539,0.518,236,302,0.781,99,324,423,229,25,12,159,125,1102,1
1888,18,5,82,24,PF,81,14,1964,406,851,0.477,169,408,0.414,237,443,0.535,0.576,109,148,0.736,73,350,423,106,63,73,111,172,1090,0
1532,27,5,83,24,SF,69,27,2038,391,862,0.454,127,367,0.346,264,495,0.533,0.527,175,221,0.792,95,282,377,195,51,20,100,149,1084,0
1577,30,5,84,24,SF,80,22,2067,386,794,0.486,184,480,0.383,202,314,0.643,0.602,114,157,0.726,30,195,225,156,41,16,98,141,1070,0
1372,18,5,85,31,C,76,76,2593,406,614,0.661,0,3,0.0,406,611,0.664,0.661,249,390,0.638,285,697,982,102,52,162,118,238,1061,0
1861,13,5,86,30,SG,76,3,1990,373,768,0.486,167,384,0.435,206,384,0.536,0.594,143,172,0.831,16,179,195,82,43,22,66,137,1056,0
1809,23,5,87,28,SF,68,52,2055,387,878,0.441,101,325,0.311,286,553,0.517,0.498,174,232,0.75,94,247,341,101,77,47,87,194,1049,0
1983,11,5,88,20,PF,76,76,2424,378,833,0.454,138,380,0.363,240,453,0.53,0.537,150,185,0.811,139,477,616,121,52,61,89,200,1044,0
1966,25,5,89,24,SG,46,46,1582,360,837,0.43,156,405,0.385,204,432,0.472,0.523,163,178,0.916,22,145,167,255,23,5,126,98,1039,0
1353,6,5,90,24,PG,57,57,1901,375,841,0.446,132,356,0.371,243,485,0.501,0.524,146,175,0.834,30,122,152,373,74,7,176,95,1028,0
1209,29,5,91,26,PF,68,66,1901,397,746,0.532,86,232,0.371,311,514,0.605,0.59,147,185,0.795,157,418,575,77,40,61,98,191,1027,0
1012,24,5,92,28,SG,75,74,2513,340,682,0.499,205,445,0.461,135,237,0.57,0.649,129,147,0.878,48,247,295,227,69,45,95,157,1014,0
1377,8,5,93,28,PF,73,73,2297,398,716,0.556,40,138,0.29,358,578,0.619,0.584,177,269,0.658,174,297,471,259,56,45,105,142,1013,0
1449,12,5,94,31,SF,52,28,1336,229,517,0.443,137,357,0.384,92,160,0.575,0.575,28,33,0.848,34,133,167,139,43,31,62,103,623,0
1449,23,5,94,31,SG,32,14,824,142,333,0.426,82,211,0.389,60,122,0.492,0.55,24,26,0.923,27,75,102,97,27,11,41,66,390,0
2065,19,5,95,31,C,82,82,1925,402,719,0.559,37,120,0.308,365,599,0.609,0.585,161,205,0.785,186,535,721,173,32,68,111,218,1002,0
1053,26,5,96,31,PF,82,82,2381,347,732,0.474,149,385,0.387,198,347,0.571,0.576,157,196,0.801,67,182,249,99,54,12,58,98,1000,0
1048,15,5,97,25,SG,42,42,1443,360,776,0.464,137,360,0.381,223,416,0.536,0.552,140,161,0.87,36,149,185,230,43,22,112,120,997,0
1630,17,5,98,35,C,79,79,2411,366,755,0.485,148,404,0.366,218,351,0.621,0.583,110,134,0.821,117,292,409,127,43,189,79,191,990,0
1364,21,5,99,21,SG,80,80,2011,402,847,0.475,82,243,0.337,320,604,0.53,0.523,100,124,0.806,111,403,514,386,51,44,168,111,986,3
1360,29,5,100,20,PG,75,44,2023,319,815,0.391,147,440,0.334,172,375,0.459,0.482,189,223,0.848,15,196,211,332,36,7,188,91,974,0
2054,28,5,101,25,SG,71,41,1994,361,847,0.426,178,453,0.393,183,394,0.464,0.531,74,96,0.771,25,163,188,119,77,10,47,96,974,0
1068,24,5,102,30,SG,53,53,1767,377,735,0.513,101,235,0.43,276,500,0.552,0.582,109,134,0.813,54,178,232,265,52,27,131,127,964,0
1618,6,5,103,29,SG,68,10,1958,345,820,0.421,108,332,0.325,237,488,0.486,0.487,154,201,0.766,39,241,280,346,76,34,117,121,952,0
2007,22,5,104,22,SG,75,75,2025,336,714,0.471,153,385,0.397,183,329,0.556,0.578,118,156,0.756,48,181,229,205,106,47,132,205,943,0
1198,29,5,105,31,SG,55,19,1682,337,816,0.413,91,309,0.294,246,507,0.485,0.469,177,201,0.881,49,139,188,277,35,6,146,81,942,1
2122,10,5,106,28,SF,71,59,1920,353,780,0.453,91,254,0.358,262,526,0.498,0.511,142,189,0.751,108,213,321,119,42,41,87,147,939,0
2097,4,5,107,25,PF,44,17,1286,227,509,0.446,79,244,0.324,148,265,0.558,0.524,67,94,0.713,53,179,232,97,38,32,66,112,600,0
2097,7,5,107,25,PF,29,28,935,127,302,0.421,53,169,0.314,74,133,0.556,0.508,32,51,0.627,32,147,179,44,34,27,30,57,339,0
1026,22,5,108,23,PG,81,0,1817,332,763,0.435,93,275,0.338,239,488,0.49,0.496,180,218,0.826,64,247,311,236,64,37,126,175,937,0
1274,5,5,109,24,SG,76,37,2212,360,719,0.501,119,295,0.403,241,424,0.568,0.583,85,105,0.81,54,162,216,242,68,36,103,166,924,0
1403,14,5,110,25,PF,68,39,1826,363,676,0.537,98,232,0.422,265,444,0.597,0.609,99,134,0.739,58,236,294,81,41,25,46,101,923,0
1034,25,5,111,25,C,55,55,1784,427,749,0.57,1,10,0.1,426,739,0.576,0.571,65,79,0.823,176,433,609,90,56,42,99,109,920,0
1125,11,5,112,28,SF,72,72,2227,329,768,0.428,133,370,0.359,196,398,0.492,0.515,124,147,0.844,53,193,246,119,64,10,88,241,915,0
1530,1,5,113,22,SF,56,52,1889,359,702,0.511,71,200,0.355,288,502,0.574,0.562,107,147,0.728,74,414,488,203,67,47,101,133,896,1
1482,1,5,114,26,SF,57,37,1681,304,663,0.459,117,304,0.385,187,359,0.521,0.547,166,196,0.847,31,191,222,87,40,16,83,146,891,0
1069,17,5,115,27,SG,79,77,2337,320,722,0.443,224,542,0.413,96,180,0.533,0.598,25,35,0.714,41,249,290,108,59,9,54,158,889,0
1515,16,5,116,22,SF,75,20,2113,341,697,0.489,65,202,0.322,276,495,0.558,0.536,142,175,0.811,82,203,285,195,77,20,110,167,889,0
1766,12,5,117,24,SF,72,47,1995,315,635,0.496,140,334,0.419,175,301,0.581,0.606,107,137,0.781,63,212,275,108,65,49,64,241,877,0
1446,16,5,118,24,SG,42,40,1407,324,735,0.441,132,333,0.396,192,402,0.478,0.531,95,111,0.856,19,203,222,188,30,3,93,63,875,0
1902,16,5,119,29,SF,68,36,1905,304,675,0.45,187,473,0.395,117,202,0.579,0.589,80,90,0.889,15,158,173,192,46,16,95,163,875,0
1213,18,5,120,36,PG,76,76,2193,294,644,0.457,179,405,0.442,115,239,0.481,0.595,102,112,0.911,37,181,218,449,88,17,102,128,869,0
1438,25,5,121,19,PG,62,32,1765,307,797,0.385,87,268,0.325,220,529,0.416,0.44,167,204,0.819,53,141,194,336,48,13,212,195,868,0
2078,22,5,122,26,C,80,1,1415,332,552,0.601,38,115,0.33,294,437,0.673,0.636,166,204,0.814,117,230,347,96,39,21,97,160,868,0
1093,9,5,123,34,PF,28,27,921,199,425,0.468,86,207,0.415,113,218,0.518,0.569,81,104,0.779,13,81,94,71,23,4,63,57,565,0
1093,20,5,123,34,SF,29,0,557,110,256,0.43,47,127,0.37,63,129,0.488,0.521,36,45,0.8,9,49,58,26,7,1,38,38,303,0
1080,1,5,124,24,SF,63,51,2062,290,697,0.416,113,358,0.316,177,339,0.522,0.497,170,203,0.837,167,244,411,92,51,11,54,88,863,0
1993,27,5,125,20,PF,74,73,2193,340,776,0.438,70,227,0.308,270,549,0.492,0.483,111,144,0.771,137,339,476,249,62,40,140,168,861,0
1273,21,5,126,24,SF,79,79,2246,288,657,0.438,156,396,0.394,132,261,0.506,0.557,128,155,0.826,74,210,284,113,72,47,74,228,860,0
1459,2,5,127,33,PG,69,69,2263,331,689,0.48,138,322,0.429,193,367,0.526,0.581,60,72,0.833,84,289,373,333,61,53,124,108,860,0
1670,12,5,128,21,SF,59,19,1538,296,663,0.446,80,214,0.374,216,449,0.481,0.507,184,224,0.821,60,174,234,119,35,14,97,117,856,0
2006,6,5,129,27,SF,70,70,2239,304,728,0.418,168,479,0.351,136,249,0.546,0.533,77,97,0.794,66,272,338,283,64,29,112,170,853,1
2048,12,5,130,25,PF,82,28,1730,332,579,0.573,102,253,0.403,230,326,0.706,0.661,77,100,0.77,85,235,320,128,47,43,69,143,843,0
1749,19,5,131,23,SF,57,23,1690,275,621,0.443,169,445,0.38,106,176,0.602,0.579,123,151,0.815,42,238,280,124,51,28,34,70,842,0
1199,3,5,132,24,C,71,71,2116,366,582,0.629,1,5,0.2,365,577,0.633,0.63,108,196,0.551,193,513,706,147,46,146,93,175,841,0
1290,9,5,133,20,C,61,60,1777,349,564,0.619,0,4,0.0,349,560,0.623,0.619,143,181,0.79,192,517,709,147,33,47,129,192,841,0
1547,19,5,134,25,SF,76,76,2321,293,588,0.498,114,273,0.418,179,315,0.568,0.595,137,158,0.867,74,198,272,199,105,62,93,224,837,0
1162,1,5,135,29,C,73,73,1883,353,618,0.571,0,1,0.0,353,617,0.572,0.571,130,206,0.631,335,441,776,91,43,106,74,164,836,0
1507,8,5,136,33,PG,82,23,1817,326,756,0.431,102,284,0.359,224,472,0.475,0.499,79,98,0.806,33,122,155,308,44,13,106,149,833,0
1784,24,5,137,29,C,76,76,2078,320,627,0.51,22,90,0.244,298,537,0.555,0.528,167,261,0.64,224,613,837,301,81,80,175,254,829,0
1705,17,5,138,32,SF,55,55,1487,317,643,0.493,94,247,0.381,223,396,0.563,0.566,100,120,0.833,40,217,257,292,51,15,127,141,828,1
1348,30,5,139,25,C,45,45,1192,203,294,0.69,0,0,,203,294,0.69,0.69,84,119,0.706,131,230,361,69,44,97,46,147,490,0
1348,7,5,139,25,PF,29,21,623,145,186,0.78,0,0,,145,186,0.78,0.78,34,56,0.607,64,137,201,46,21,56,28,80,324,0
1269,3,5,140,30,PG,48,48,1474,195,499,0.391,89,278,0.32,106,221,0.48,0.48,125,160,0.781,26,132,158,288,38,9,62,86,604,0
1269,14,5,140,30,PG,28,4,678,56,141,0.397,35,90,0.389,21,51,0.412,0.521,44,50,0.88,4,43,47,68,13,13,29,52,191,0
2172,13,5,141,26,C,68,68,1794,337,519,0.649,0,0,,337,519,0.649,0.649,120,166,0.723,196,430,626,93,22,83,79,180,794,0
1555,30,5,142,27,PG,66,66,1933,326,666,0.489,106,256,0.414,220,410,0.537,0.569,32,40,0.8,20,159,179,485,71,18,66,48,790,1
1865,2,5,143,26,PG,82,5,1825,297,635,0.468,147,382,0.385,150,253,0.593,0.583,46,56,0.821,70,195,265,281,39,6,61,106,787,0
1725,6,5,144,22,PF,50,50,1532,320,552,0.58,22,59,0.373,298,493,0.604,0.6,123,171,0.719,111,357,468,160,45,72,90,134,785,0
2129,7,5,145,25,PF,47,33,1242,131,317,0.413,79,210,0.376,52,107,0.486,0.538,41,55,0.745,46,123,169,81,24,27,53,137,382,0
2129,4,5,145,25,PF,29,10,888,145,288,0.503,47,126,0.373,98,162,0.605,0.585,65,85,0.765,40,109,149,93,20,12,56,89,402,0
1211,27,5,146,26,C,69,29,1526,298,616,0.484,58,181,0.32,240,435,0.552,0.531,122,162,0.753,118,252,370,194,34,52,132,206,776,0
1526,3,5,147,27,PF,58,47,1599,276,619,0.446,138,353,0.391,138,266,0.519,0.557,86,109,0.789,55,196,251,138,49,15,57,105,776,0
1554,27,5,148,24,PG,77,48,2138,303,600,0.505,64,191,0.335,239,409,0.584,0.558,101,118,0.856,58,231,289,478,78,9,116,92,771,1
1772,6,5,149,30,PF,82,10,1831,284,632,0.449,149,396,0.376,135,236,0.572,0.567,51,60,0.85,22,256,278,98,30,18,72,192,768,0
1157,8,5,150,30,SG,76,76,2402,270,587,0.46,125,308,0.406,145,279,0.52,0.566,101,113,0.894,31,152,183,183,98,42,75,151,766,0
1801,29,5,151,32,C,50,8,1019,145,258,0.562,36,84,0.429,109,174,0.626,0.632,80,95,0.842,63,191,254,219,37,12,81,132,406,0
1801,28,5,151,32,C,28,19,740,131,239,0.548,24,71,0.338,107,168,0.637,0.598,70,85,0.824,45,112,157,128,37,18,71,98,356,0
1430,20,5,152,28,SF,81,42,2707,295,679,0.434,80,258,0.31,215,421,0.511,0.493,91,115,0.791,128,547,675,331,75,23,118,171,761,6
1685,18,5,153,23,SF,72,71,2105,307,628,0.489,86,255,0.337,221,373,0.592,0.557,57,79,0.722,56,168,224,101,63,42,87,219,757,0
2111,13,5,154,35,PG,68,11,1529,301,663,0.454,42,154,0.273,259,509,0.509,0.486,110,160,0.688,93,250,343,306,74,23,144,121,754,1
1378,24,5,155,35,SG,68,24,1893,274,618,0.443,150,397,0.378,124,221,0.561,0.565,51,64,0.797,16,106,122,139,66,30,73,79,749,0
1027,28,5,156,26,SF,27,27,900,157,321,0.489,61,163,0.374,96,158,0.608,0.584,33,46,0.717,24,82,106,72,28,13,43,62,408,0
1027,20,5,156,26,SF,23,23,802,125,256,0.488,41,104,0.394,84,152,0.553,0.568,34,43,0.791,23,79,102,35,40,23,38,57,325,0
1682,12,5,157,31,PG,71,4,1291,330,593,0.556,18,44,0.409,312,549,0.568,0.572,49,62,0.79,36,155,191,390,72,8,108,79,727,0
1128,12,5,158,27,SG,33,33,981,149,314,0.475,33,101,0.327,116,213,0.545,0.527,67,82,0.817,25,129,154,100,35,8,41,81,398,0
1128,28,5,158,27,PG,34,11,885,129,268,0.481,20,63,0.317,109,205,0.532,0.519,50,60,0.833,28,102,130,92,24,9,45,67,328,0
1174,5,5,159,29,SG,71,57,2040,253,541,0.468,136,333,0.408,117,208,0.563,0.593,73,96,0.76,62,211,273,247,120,70,102,181,715,0
1432,2,5,160,26,SF,79,13,1741,249,558,0.446,197,465,0.424,52,93,0.559,0.623,17,19,0.895,45,231,276,82,40,25,32,99,712,0
1501,15,5,161,19,PF,48,18,1233,241,563,0.428,102,286,0.357,139,277,0.502,0.519,115,153,0.752,53,143,196,59,28,24,65,64,699,0
1864,14,5,162,29,PF,78,49,2108,253,572,0.442,141,356,0.396,112,216,0.519,0.566,50,68,0.735,21,209,230,119,58,35,73,146,697,0
1329,29,5,163,28,SF,50,34,1160,161,358,0.45,91,233,0.391,70,125,0.56,0.577,32,40,0.8,52,124,176,73,30,18,51,81,445,0
1329,9,5,163,28,SF,16,9,484,91,190,0.479,43,101,0.426,48,89,0.539,0.592,22,26,0.846,12,58,70,28,14,5,17,29,247,0
1110,27,5,164,20,PG,75,29,1594,271,628,0.432,93,268,0.347,178,360,0.494,0.506,55,63,0.873,28,120,148,156,27,8,91,94,690,0
1147,9,5,165,32,SG,43,0,901,160,406,0.394,99,247,0.401,61,159,0.384,0.516,121,134,0.903,16,94,110,68,21,11,32,64,540,0
1147,20,5,165,32,SG,23,1,311,50,163,0.307,25,83,0.301,25,80,0.313,0.383,24,33,0.727,8,32,40,20,7,1,16,11,149,0
1841,10,5,166,20,SG,74,28,1968,271,597,0.454,90,234,0.385,181,363,0.499,0.529,50,79,0.633,118,309,427,273,61,14,88,122,682,0
1282,5,5,167,30,C,79,10,1351,267,480,0.556,0,3,0.0,267,477,0.56,0.556,129,218,0.592,265,443,708,37,73,48,81,140,663,0
1652,13,5,168,27,SG,75,71,1873,254,493,0.515,71,204,0.348,183,289,0.633,0.587,79,95,0.832,87,167,254,119,43,15,48,145,658,0
1545,7,5,169,26,SF,76,66,1783,239,495,0.483,82,239,0.343,157,256,0.613,0.566,97,136,0.713,82,168,250,75,53,51,65,121,657,0
1009,18,5,170,25,SG,82,20,1921,236,538,0.439,131,335,0.391,105,203,0.517,0.56,52,65,0.8,35,132,167,204,64,42,76,143,655,0
1478,26,5,171,25,SG,64,59,1562,248,560,0.443,123,341,0.361,125,219,0.571,0.553,36,47,0.766,38,186,224,166,45,23,53,135,655,0
1006,15,5,172,23,PF,61,35,1618,247,568,0.435,106,304,0.349,141,264,0.534,0.528,54,87,0.621,72,280,352,138,43,54,69,89,654,0
1893,4,5,173,26,C,67,51,1759,260,376,0.691,0,1,0.0,260,375,0.693,0.691,132,179,0.737,172,367,539,54,26,74,73,176,652,0
1795,6,5,174,23,SF,69,42,1887,235,480,0.49,84,215,0.391,151,265,0.57,0.577,93,137,0.679,67,139,206,132,57,34,54,140,647,0
1659,16,5,175,28,SF,64,23,1756,241,559,0.431,81,232,0.349,160,327,0.489,0.504,77,99,0.778,74,207,281,143,47,29,77,126,640,0
2081,25,5,176,21,PF,72,23,1700,234,509,0.46,41,139,0.295,193,370,0.522,0.5,129,171,0.754,151,357,508,71,42,22,66,173,638,0
1522,21,5,177,24,SG,78,1,1445,222,485,0.458,147,353,0.416,75,132,0.568,0.609,45,52,0.865,32,148,180,99,46,22,47,87,636,0
1763,12,5,178,24,PG,68,47,1697,260,522,0.498,61,171,0.357,199,351,0.567,0.557,45,56,0.804,36,105,141,280,63,6,101,143,626,0
1878,25,5,179,27,C,68,20,1214,230,499,0.461,88,245,0.359,142,254,0.559,0.549,69,93,0.742,93,157,250,67,33,38,52,161,617,0
1123,25,5,180,31,PG,39,25,1121,218,496,0.44,82,199,0.412,136,297,0.458,0.522,95,116,0.819,28,120,148,214,27,8,60,58,613,0
1804,3,5,181,30,SF,49,6,1202,126,325,0.388,97,265,0.366,29,60,0.483,0.537,15,22,0.682,38,183,221,137,32,29,51,120,364,0
1804,24,5,181,30,SF,30,8,752,88,214,0.411,59,157,0.376,29,57,0.509,0.549,9,13,0.692,22,134,156,82,27,15,22,54,244,0
1172,22,5,182,24,C,55,48,1406,223,425,0.525,64,171,0.374,159,254,0.626,0.6,93,134,0.694,112,269,381,95,35,28,68,121,603,0
1982,12,5,183,23,C,61,14,1047,234,395,0.592,61,144,0.424,173,251,0.689,0.67,72,104,0.692,112,225,337,63,17,38,44,124,601,0
1112,8,5,184,22,SG,82,4,1655,222,483,0.46,63,164,0.384,159,319,0.498,0.525,93,134,0.694,79,227,306,132,42,35,55,137,600,0
1884,23,5,185,24,C,82,24,1590,259,480,0.54,21,57,0.368,238,423,0.563,0.561,61,85,0.718,193,295,488,109,67,84,67,198,600,0
2031,11,5,186,21,SF,62,23,1388,239,446,0.536,8,58,0.138,231,388,0.595,0.545,106,155,0.684,148,261,409,163,78,38,90,141,592,1
1936,9,5,187,23,PG,71,11,1351,219,512,0.428,90,240,0.375,129,272,0.474,0.516,58,66,0.879,11,114,125,236,44,12,90,103,586,0
1038,9,5,188,24,C,26,10,478,107,181,0.591,1,6,0.167,106,175,0.606,0.594,50,61,0.82,46,72,118,27,5,14,29,40,265,0
1038,30,5,188,24,C,24,15,575,132,227,0.581,8,17,0.471,124,210,0.59,0.599,46,65,0.708,84,110,194,28,15,19,30,41,318,0
1429,20,5,189,25,C,75,49,1896,235,365,0.644,1,3,0.333,234,362,0.646,0.645,111,157,0.707,244,382,626,188,87,85,93,210,582,0
1322,3,5,190,30,PF,68,56,1934,215,511,0.421,117,336,0.348,98,175,0.56,0.535,33,46,0.717,109,208,317,107,56,38,59,150,580,0
2118,11,5,191,19,SF,47,2,880,212,467,0.454,79,220,0.359,133,247,0.538,0.539,76,112,0.679,44,136,180,33,30,17,46,64,579,0
1822,17,5,192,29,PG,47,2,702,101,222,0.455,52,131,0.397,49,91,0.538,0.572,37,44,0.841,5,57,62,109,22,3,31,73,291,0
1822,23,5,192,29,PG,31,8,602,107,259,0.413,52,136,0.382,55,123,0.447,0.514,21,23,0.913,16,39,55,96,20,8,35,53,287,0
2084,3,5,193,25,SG,58,0,1011,208,492,0.423,104,271,0.384,104,221,0.471,0.528,45,59,0.763,13,114,127,74,32,20,51,71,565,0
1001,28,5,194,24,C,25,0,437,78,170,0.459,13,47,0.277,65,123,0.528,0.497,24,42,0.571,50,86,136,44,16,12,29,40,193,0
1001,20,5,194,24,PF,49,18,1187,157,299,0.525,13,50,0.26,144,249,0.578,0.547,45,70,0.643,141,210,351,53,30,56,54,103,372,0
1469,2,5,195,37,C,65,33,1740,214,419,0.511,108,258,0.419,106,161,0.658,0.64,26,30,0.867,82,331,413,168,38,62,48,93,562,0
1677,20,5,196,23,PG,68,14,1328,205,454,0.452,109,266,0.41,96,188,0.511,0.572,43,50,0.86,31,69,100,114,50,7,30,108,562,0
1794,1,5,197,23,C,55,8,1405,223,365,0.611,23,69,0.333,200,296,0.676,0.642,92,116,0.793,145,231,376,74,26,60,45,162,561,0
2086,21,5,198,20,SG,82,13,1692,217,442,0.491,98,234,0.419,119,208,0.572,0.602,29,37,0.784,52,135,187,120,76,37,45,129,561,0
1049,2,5,199,24,PG,24,1,171,19,51,0.373,2,16,0.125,17,35,0.486,0.392,16,20,0.8,12,23,35,19,5,3,10,20,56,0
1049,25,5,199,24,PG,30,8,876,183,449,0.408,57,183,0.311,126,266,0.474,0.471,78,100,0.78,29,114,143,108,28,17,67,44,501,0
2032,9,5,200,21,SF,63,38,1583,232,480,0.483,21,113,0.186,211,367,0.575,0.505,71,119,0.597,129,273,402,120,68,59,84,175,556,0
1842,28,5,201,28,C,50,50,1319,248,378,0.656,0,0,,248,378,0.656,0.656,59,107,0.551,146,283,429,127,35,76,77,149,555,0
2121,21,5,202,25,SG,78,4,1228,212,377,0.562,62,126,0.492,150,251,0.598,0.645,56,71,0.789,60,126,186,86,56,19,56,91,542,0
1508,10,5,203,23,PF,68,16,1130,233,332,0.702,0,1,0.0,233,331,0.704,0.702,74,132,0.561,135,206,341,82,29,76,49,108,540,0
1732,10,5,204,21,SG,66,9,1156,194,420,0.462,72,200,0.36,122,220,0.555,0.548,73,93,0.785,65,131,196,57,42,24,44,90,533,0
1821,10,5,205,38,PG,58,18,1531,206,467,0.441,78,210,0.371,128,257,0.498,0.525,43,52,0.827,18,207,225,393,70,6,76,108,533,0
1221,30,5,206,19,SF,63,15,1715,188,432,0.435,64,185,0.346,124,247,0.502,0.509,92,131,0.702,56,200,256,110,57,48,87,137,532,0
2106,8,5,207,21,SF,80,4,1488,208,447,0.465,45,152,0.296,163,295,0.553,0.516,71,106,0.67,56,202,258,86,42,88,58,143,532,0
1416,7,5,208,21,SG,73,7,989,195,479,0.407,81,224,0.362,114,255,0.447,0.492,59,76,0.776,20,111,131,109,22,4,62,80,530,0
1158,25,5,209,23,PF,70,49,1739,197,438,0.45,58,172,0.337,139,266,0.523,0.516,75,99,0.758,139,204,343,87,66,33,84,174,527,0
1044,4,5,210,22,PG,22,22,711,183,423,0.433,70,197,0.355,113,226,0.5,0.515,90,104,0.865,29,84,113,176,40,4,83,79,526,1
1433,19,5,211,21,SG,67,10,1160,174,456,0.382,109,298,0.366,65,158,0.411,0.501,67,80,0.838,29,119,148,70,19,7,40,72,524,0
2143,15,5,212,23,SG,52,33,1436,169,379,0.446,79,209,0.378,90,170,0.529,0.55,104,130,0.8,59,231,290,175,47,34,92,135,521,0
1571,29,5,213,22,C,64,22,1493,229,350,0.654,4,19,0.211,225,331,0.68,0.66,56,93,0.602,165,316,481,60,30,154,66,132,518,0
1470,29,5,214,23,PG,51,11,1009,184,465,0.396,60,182,0.33,124,283,0.438,0.46,88,109,0.807,21,100,121,177,45,19,65,94,516,0
1933,10,5,215,29,C,64,9,1098,181,388,0.466,74,197,0.376,107,191,0.56,0.562,79,93,0.849,73,210,283,144,31,10,78,112,515,0
1458,11,5,216,27,PG,78,1,1269,186,417,0.446,84,217,0.387,102,200,0.51,0.547,58,63,0.921,23,100,123,140,42,6,53,125,514,0
1264,28,5,217,20,SG,60,17,1268,189,445,0.425,88,241,0.365,101,204,0.495,0.524,44,51,0.863,27,105,132,68,34,2,50,87,510,0
1955,25,5,218,20,SG,32,25,1059,176,434,0.406,60,180,0.333,116,254,0.457,0.475,98,119,0.824,42,118,160,94,28,12,72,88,510,0
1394,11,5,219,37,PF,78,6,1307,167,366,0.456,53,160,0.331,114,206,0.553,0.529,122,149,0.819,46,132,178,70,16,31,46,100,509,0
1019,18,5,220,30,PF,79,10,1782,199,433,0.46,11,48,0.229,188,385,0.488,0.472,97,137,0.708,60,213,273,331,71,47,91,128,506,0
1181,27,5,221,22,SF,74,59,1468,164,402,0.408,101,277,0.365,63,125,0.504,0.534,75,92,0.815,42,164,206,103,48,42,57,77,504,0
2004,9,5,222,22,PF,46,45,1423,186,382,0.487,67,175,0.383,119,207,0.575,0.575,64,85,0.753,74,231,305,73,17,38,66,99,503,0
1437,4,5,223,33,SF,25,25,798,139,297,0.468,22,61,0.361,117,236,0.496,0.505,62,81,0.765,25,92,117,116,28,12,51,46,362,0
1437,21,5,223,33,SF,26,3,447,48,106,0.453,15,29,0.517,33,77,0.429,0.524,27,39,0.692,13,51,64,42,12,1,15,21,138,0
1807,27,5,224,28,SF,72,3,1269,184,384,0.479,86,221,0.389,98,163,0.601,0.591,35,52,0.673,25,155,180,119,36,11,47,107,489,0
1605,5,5,225,28,SG,25,23,872,170,376,0.452,59,169,0.349,111,207,0.536,0.531,88,103,0.854,8,121,129,98,21,8,52,57,487,0
1636,16,5,226,37,PG,37,35,1037,103,242,0.426,62,161,0.385,41,81,0.506,0.554,35,42,0.833,25,104,129,147,39,15,53,94,303,0
1636,23,5,226,37,PG,23,20,653,60,135,0.444,36,89,0.404,24,46,0.522,0.578,28,33,0.848,9,56,65,106,20,6,32,52,184,0
1634,16,5,227,35,PF,55,5,924,158,359,0.44,84,244,0.344,74,115,0.643,0.557,85,108,0.787,59,279,338,115,18,10,48,97,485,0
1702,6,5,228,27,SG,61,1,1069,158,393,0.402,143,354,0.404,15,39,0.385,0.584,26,28,0.929,22,98,120,108,19,4,19,72,485,0
1625,7,5,229,19,C,55,42,1294,221,296,0.747,0,2,0.0,221,294,0.752,0.747,41,81,0.506,135,243,378,60,36,77,50,144,483,0
1390,10,5,230,33,PF,55,52,1490,185,372,0.497,51,129,0.395,134,243,0.551,0.566,54,74,0.73,76,322,398,332,55,47,135,166,475,1
1395,7,5,231,23,SG,57,33,1505,179,374,0.479,72,187,0.385,107,187,0.572,0.575,39,57,0.684,40,144,184,130,47,9,60,107,469,0
1657,19,5,232,26,SF,66,1,1257,170,367,0.463,58,150,0.387,112,217,0.516,0.542,68,86,0.791,53,187,240,128,49,12,65,91,466,0
1206,13,5,233,26,SF,70,13,1460,166,352,0.472,70,184,0.38,96,168,0.571,0.571,61,71,0.859,29,119,148,76,41,14,33,102,463,0
1005,29,5,234,23,SG,51,10,1003,106,249,0.426,47,142,0.331,59,107,0.551,0.52,15,20,0.75,35,91,126,47,27,29,34,66,274,0
1005,28,5,234,23,SG,27,18,638,72,184,0.391,15,69,0.217,57,115,0.496,0.432,22,36,0.611,39,51,90,36,20,15,30,51,181,0
1079,23,5,235,35,PG,47,5,919,104,241,0.432,35,109,0.321,69,132,0.523,0.504,51,63,0.81,30,115,145,144,24,18,49,83,294,0
1079,17,5,235,35,PG,26,8,543,54,138,0.391,26,72,0.361,28,66,0.424,0.486,23,27,0.852,19,75,94,68,19,13,16,45,157,0
2151,9,5,236,22,C,63,6,1091,187,305,0.613,0,2,0.0,187,303,0.617,0.613,72,102,0.706,110,226,336,54,12,39,66,141,446,0
2102,3,5,237,23,PF,63,2,856,164,311,0.527,27,68,0.397,137,243,0.564,0.571,77,97,0.794,52,142,194,81,23,19,63,106,432,0
1569,15,5,238,27,SG,39,22,999,141,315,0.448,107,238,0.45,34,77,0.442,0.617,40,45,0.889,11,102,113,136,20,2,54,39,429,0
2141,5,5,239,22,PF,43,30,1174,159,359,0.443,59,148,0.399,100,211,0.474,0.525,52,66,0.788,46,120,166,66,40,33,57,87,429,0
1214,17,5,240,31,SF,76,3,1676,151,347,0.435,82,238,0.345,69,109,0.633,0.553,44,58,0.759,51,188,239,161,40,19,49,99,428,0
1313,7,5,241,28,PG,55,17,1088,161,302,0.533,53,108,0.491,108,194,0.557,0.621,53,68,0.779,25,124,149,157,22,5,49,85,428,0
1892,16,5,242,30,SG,43,6,1103,154,347,0.444,66,190,0.347,88,157,0.561,0.539,51,54,0.944,18,103,121,105,24,14,36,76,425,0
1910,15,5,243,22,PF,48,13,1114,155,386,0.402,47,156,0.301,108,230,0.47,0.462,46,67,0.687,51,149,200,76,25,11,54,68,403,0
1910,24,5,243,22,PF,17,0,63,10,23,0.435,1,8,0.125,9,15,0.6,0.457,1,1,1.0,2,9,11,4,2,0,3,4,22,0
1704,21,5,244,30,PG,30,0,361,37,91,0.407,11,45,0.244,26,46,0.565,0.467,14,19,0.737,1,23,24,76,9,3,29,22,99,0
1704,4,5,244,30,PG,30,21,815,122,279,0.437,32,109,0.294,90,170,0.529,0.495,47,56,0.839,13,51,64,186,22,4,70,46,323,0
1700,23,5,245,25,SG,38,33,1023,139,360,0.386,77,214,0.36,62,146,0.425,0.493,66,79,0.835,28,113,141,114,60,16,39,84,421,0
2145,15,5,246,22,SF,51,15,1038,150,378,0.397,58,189,0.307,92,189,0.487,0.474,62,75,0.827,35,145,180,75,36,9,66,85,420,0
1640,26,5,247,28,PF,58,0,1158,143,321,0.445,84,219,0.384,59,102,0.578,0.576,49,70,0.7,61,196,257,72,17,19,38,86,419,0
1954,3,5,248,22,C,61,1,921,168,294,0.571,4,15,0.267,164,279,0.588,0.578,75,123,0.61,161,228,389,85,24,44,70,131,415,0
1450,16,5,249,27,PF,66,26,1366,153,329,0.465,76,192,0.396,77,137,0.562,0.581,23,36,0.639,65,145,210,70,53,30,34,117,405,0
1016,19,5,250,25,PG,56,0,1028,142,345,0.412,78,207,0.377,64,138,0.464,0.525,35,52,0.673,25,103,128,117,59,15,40,89,397,0
1496,22,5,251,26,PF,58,2,914,146,286,0.51,42,112,0.375,104,174,0.598,0.584,59,82,0.72,73,187,260,30,43,70,27,64,393,0
1502,12,5,252,22,C,59,3,771,155,233,0.665,0,4,0.0,155,229,0.677,0.665,73,102,0.716,94,144,238,50,34,61,39,137,383,0
1653,21,5,253,22,PG,13,0,119,20,40,0.5,8,19,0.421,12,21,0.571,0.6,1,1,1.0,4,20,24,20,3,0,9,3,49,0
1653,4,5,253,22,PG,28,28,868,125,276,0.453,39,107,0.364,86,169,0.509,0.524,44,58,0.759,16,109,125,145,48,3,56,45,333,0
1328,28,5,254,25,PG,31,0,474,56,137,0.409,28,80,0.35,28,57,0.491,0.511,17,22,0.773,13,52,65,73,18,6,33,42,157,0
1328,20,5,254,25,PG,14,0,60,9,23,0.391,4,13,0.308,5,10,0.5,0.478,9,11,0.818,0,6,6,6,1,0,3,3,31,0
1328,9,5,254,25,PG,24,0,342,71,165,0.43,24,76,0.316,47,89,0.528,0.503,26,38,0.684,8,35,43,51,19,2,27,21,192,0
1310,24,5,255,26,C,75,6,1169,152,253,0.601,3,3,1.0,149,250,0.596,0.607,72,93,0.774,103,219,322,63,27,61,61,115,379,0
1603,15,5,256,22,PF,35,6,806,118,303,0.389,53,156,0.34,65,147,0.442,0.477,90,109,0.826,51,77,128,58,29,12,45,69,379,0
1722,26,5,257,25,PG,72,4,1101,146,323,0.452,57,158,0.361,89,165,0.539,0.54,30,42,0.714,19,76,95,134,17,3,43,85,379,0
1754,25,5,258,23,SF,62,29,1348,145,366,0.396,49,183,0.268,96,183,0.525,0.463,37,56,0.661,85,139,224,80,53,21,55,92,376,0
2023,12,5,259,31,C,1,0,8,1,4,0.25,0,1,0.0,1,3,0.333,0.25,0,0,,0,0,0,0,0,0,0,1,2,0
2023,13,5,259,31,C,59,3,1007,155,289,0.536,26,70,0.371,129,219,0.589,0.581,38,50,0.76,85,159,244,61,21,51,42,126,374,0
1423,22,5,260,29,SG,54,27,1297,131,297,0.441,76,205,0.371,55,92,0.598,0.569,34,45,0.756,24,67,91,87,49,14,31,91,372,0
1979,3,5,261,26,PG,56,2,1059,147,338,0.435,32,109,0.294,115,229,0.502,0.482,43,58,0.741,50,114,164,203,68,12,68,121,369,0
1376,24,5,262,25,PG,40,0,558,75,193,0.389,23,80,0.288,52,113,0.46,0.448,25,29,0.862,40,77,117,78,23,9,29,43,198,0
1376,15,5,262,25,PG,17,12,497,66,189,0.349,19,61,0.311,47,128,0.367,0.399,19,30,0.633,48,88,136,77,25,9,27,33,170,0
1786,12,5,263,25,SF,18,0,183,37,82,0.451,11,36,0.306,26,46,0.565,0.518,9,11,0.818,8,25,33,18,6,1,12,19,94,0
1786,28,5,263,25,SF,34,1,529,101,217,0.465,33,95,0.347,68,122,0.557,0.541,35,42,0.833,20,96,116,44,20,12,41,29,270,0
1398,20,5,264,23,SG,45,18,910,113,286,0.395,77,212,0.363,36,74,0.486,0.53,24,34,0.706,14,74,88,52,30,3,21,66,327,0
1398,9,5,264,23,SG,6,0,115,9,42,0.214,4,28,0.143,5,14,0.357,0.262,10,11,0.909,1,11,12,14,5,4,7,9,32,0
1169,5,5,265,28,PG,72,0,1004,138,365,0.378,77,234,0.329,61,131,0.466,0.484,4,7,0.571,11,49,60,94,37,16,36,71,357,0
1287,29,5,266,29,PG,66,32,1249,147,313,0.47,41,111,0.369,106,202,0.525,0.535,22,32,0.688,50,139,189,254,68,28,79,135,357,0
1240,19,5,267,20,PG,61,16,1358,139,311,0.447,42,135,0.311,97,176,0.551,0.514,34,53,0.642,62,174,236,164,85,25,59,101,354,0
2038,25,5,268,26,SF,65,19,1487,126,317,0.397,80,231,0.346,46,86,0.535,0.524,22,29,0.759,30,106,136,90,113,49,40,93,354,0
1558,16,5,269,20,PF,46,38,896,127,281,0.452,65,163,0.399,62,118,0.525,0.568,33,47,0.702,25,167,192,90,25,14,42,82,352,0
1686,27,5,270,32,SF,46,0,700,95,215,0.442,76,173,0.439,19,42,0.452,0.619,10,17,0.588,8,40,48,57,11,2,24,48,276,0
1686,12,5,270,32,SF,18,0,204,28,69,0.406,18,56,0.321,10,13,0.769,0.536,1,2,0.5,2,9,11,13,5,0,4,16,75,0
1759,19,5,271,31,C,61,0,1216,138,241,0.573,27,65,0.415,111,176,0.631,0.629,47,61,0.77,94,213,307,113,61,19,49,98,350,0
2155,14,5,272,28,PF,50,1,872,123,264,0.466,35,114,0.307,88,150,0.587,0.532,66,94,0.702,39,215,254,49,16,33,50,72,347,0
1344,22,5,273,25,PG,43,18,910,154,326,0.472,4,18,0.222,150,308,0.487,0.479,23,33,0.697,56,82,138,120,42,15,50,65,335,0
1590,2,5,274,28,C,63,7,983,142,203,0.7,1,1,1.0,141,202,0.698,0.702,49,54,0.907,118,143,261,67,23,61,21,77,334,0
1629,10,5,275,27,C,74,36,1195,139,233,0.597,0,1,0.0,139,232,0.599,0.597,56,83,0.675,143,276,419,133,28,29,50,155,334,0
1703,24,5,276,26,C,37,5,448,66,130,0.508,15,51,0.294,51,79,0.646,0.565,38,43,0.884,24,86,110,19,19,9,27,39,185,0
1703,9,5,276,26,C,14,7,411,57,114,0.5,13,43,0.302,44,71,0.62,0.557,20,21,0.952,17,67,84,27,24,7,25,32,147,0
1952,30,5,277,26,SG,46,5,726,118,274,0.431,53,157,0.338,65,117,0.556,0.527,38,46,0.826,16,46,62,54,25,10,30,76,327,0
1668,1,5,278,27,SG,66,5,992,103,226,0.456,85,193,0.44,18,33,0.545,0.644,34,42,0.81,17,75,92,37,20,8,19,115,325,0
2134,21,5,279,29,PF,69,1,1029,131,280,0.468,56,141,0.397,75,139,0.54,0.568,7,14,0.5,61,148,209,93,38,9,32,101,325,0
1103,28,5,280,31,PF,50,0,705,110,217,0.507,31,94,0.33,79,123,0.642,0.578,71,92,0.772,62,145,207,23,14,24,28,68,322,0
1063,13,5,281,35,PF,3,0,54,3,8,0.375,2,7,0.286,1,1,1.0,0.5,0,0,,0,7,7,5,3,4,1,5,8,0
1063,23,5,281,35,PF,57,38,1475,113,248,0.456,71,178,0.399,42,70,0.6,0.599,15,21,0.714,70,171,241,123,45,34,39,104,312,0
1087,22,5,282,20,PG,69,33,1164,115,247,0.466,37,94,0.394,78,153,0.51,0.54,49,80,0.613,33,106,139,91,35,21,56,110,316,0
1743,23,5,283,34,PF,37,7,637,90,205,0.439,36,90,0.4,54,115,0.47,0.527,31,36,0.861,18,91,109,26,13,11,19,61,247,0
1743,6,5,283,34,PF,12,0,180,26,59,0.441,12,29,0.414,14,30,0.467,0.542,5,8,0.625,5,20,25,10,2,2,11,13,69,0
1230,17,5,284,33,PF,50,25,1156,114,270,0.422,58,166,0.349,56,104,0.538,0.53,26,36,0.722,31,130,161,66,38,9,23,74,312,0
1083,22,5,285,24,C,62,33,957,126,209,0.603,2,14,0.143,124,195,0.636,0.608,57,87,0.655,109,177,286,79,32,72,44,107,311,0
1304,26,5,286,24,SG,57,21,978,107,232,0.461,70,168,0.417,37,64,0.578,0.612,26,35,0.743,32,92,124,85,51,29,37,112,310,0
1227,5,5,287,33,SF,53,14,1049,108,251,0.43,60,153,0.392,48,98,0.49,0.55,27,36,0.75,69,148,217,58,30,21,32,110,303,0
1434,14,5,288,23,C,70,5,877,126,175,0.72,0,8,0.0,126,167,0.754,0.72,51,82,0.622,69,142,211,33,34,29,43,123,303,0
1689,4,5,289,21,SG,59,14,882,101,230,0.439,34,102,0.333,67,128,0.523,0.513,66,85,0.776,17,85,102,51,21,10,30,74,302,0
1986,4,5,290,19,SG,51,0,729,113,289,0.391,63,146,0.432,50,143,0.35,0.5,13,15,0.867,18,54,72,59,10,7,39,55,302,0
1492,22,5,291,36,SF,68,0,1169,99,227,0.436,70,161,0.435,29,66,0.439,0.59,28,34,0.824,18,124,142,203,43,5,67,88,296,0
1439,29,5,292,20,PF,40,23,856,108,240,0.45,53,140,0.379,55,100,0.55,0.56,23,29,0.793,46,139,185,32,28,30,27,77,292,0
2076,6,5,293,27,PF,54,32,1108,96,232,0.414,79,202,0.391,17,30,0.567,0.584,20,26,0.769,37,181,218,43,40,25,20,93,291,0
1078,21,5,294,31,PF,15,0,91,10,26,0.385,10,24,0.417,0,2,0.0,0.577,14,15,0.933,2,8,10,9,3,3,1,10,44,0
1078,4,5,294,31,PF,28,1,583,82,208,0.394,66,176,0.375,16,32,0.5,0.553,16,18,0.889,7,44,51,26,23,9,17,46,246,0
1435,9,5,295,22,PG,42,31,1008,117,283,0.413,22,74,0.297,95,209,0.455,0.452,33,50,0.66,11,108,119,205,36,20,51,75,289,0
1978,15,5,296,29,PG,20,20,605,102,237,0.43,42,134,0.313,60,103,0.583,0.519,43,56,0.768,6,47,53,86,41,5,62,53,289,0
1848,6,5,297,23,PG,51,6,649,116,228,0.509,12,34,0.353,104,194,0.536,0.535,41,56,0.732,21,88,109,118,21,15,45,40,285,0
1192,14,5,298,20,SG,67,7,944,103,241,0.427,42,118,0.356,61,123,0.496,0.515,36,46,0.783,15,127,142,60,20,17,35,57,284,0
2040,15,5,299,25,C,34,13,700,87,213,0.408,12,53,0.226,75,160,0.469,0.437,18,43,0.419,56,101,157,57,42,35,29,60,204,0
2040,2,5,299,25,PF,20,2,274,34,66,0.515,8,28,0.286,26,38,0.684,0.576,4,7,0.571,14,40,54,20,9,9,5,15,80,0
1319,1,5,300,25,C,45,2,682,109,187,0.583,0,4,0.0,109,183,0.596,0.583,64,96,0.667,59,134,193,46,25,28,44,107,282,0
1349,30,5,301,35,PF,26,0,385,57,131,0.435,20,64,0.313,37,67,0.552,0.511,47,56,0.839,12,64,76,31,6,3,12,26,181,0
1349,9,5,301,35,SF,6,0,90,12,22,0.545,7,12,0.583,5,10,0.5,0.705,21,24,0.875,2,12,14,12,2,2,1,9,52,0
1349,17,5,301,35,SF,17,0,155,14,37,0.378,3,17,0.176,11,20,0.55,0.419,16,18,0.889,6,12,18,12,6,1,10,15,47,0
1793,24,5,302,25,SG,60,11,960,86,206,0.417,29,94,0.309,57,112,0.509,0.488,76,102,0.745,74,80,154,64,48,24,36,68,277,0
2131,21,5,303,21,C,69,1,897,95,228,0.417,53,144,0.368,42,84,0.5,0.533,33,41,0.805,36,198,234,110,28,27,34,98,276,0
1600,11,5,304,28,C,56,3,763,106,206,0.515,10,40,0.25,96,166,0.578,0.539,52,65,0.8,88,84,172,65,20,33,31,74,274,0
2003,2,5,305,26,PF,19,1,122,21,45,0.467,3,8,0.375,18,37,0.486,0.5,8,11,0.727,12,19,31,8,6,5,9,14,53,0
2003,15,5,305,26,PF,19,2,437,87,195,0.446,11,38,0.289,76,157,0.484,0.474,34,43,0.791,24,72,96,20,17,17,15,31,219,0
1838,15,5,306,23,PG,21,16,527,100,203,0.493,30,72,0.417,70,131,0.534,0.567,41,55,0.745,22,45,67,98,36,10,56,60,271,0
2110,27,5,307,20,SG,61,3,876,102,215,0.474,12,55,0.218,90,160,0.563,0.502,52,78,0.667,18,76,94,166,29,9,55,89,268,0
2013,11,5,308,28,SF,65,9,1031,108,229,0.472,23,77,0.299,85,152,0.559,0.522,26,39,0.667,61,136,197,64,42,15,37,137,265,0
1881,14,5,309,24,SF,48,26,984,91,234,0.389,37,110,0.336,54,124,0.435,0.468,41,54,0.759,27,72,99,48,47,14,31,64,260,0
1487,13,5,310,23,PG,37,5,540,97,251,0.386,44,135,0.326,53,116,0.457,0.474,18,23,0.783,5,50,55,93,26,4,44,51,256,0
1046,23,5,311,25,C,57,17,740,97,198,0.49,25,64,0.391,72,134,0.537,0.553,34,50,0.68,77,161,238,41,22,60,39,101,253,0
1472,22,5,312,21,SF,59,13,815,80,206,0.388,72,193,0.373,8,13,0.615,0.563,21,26,0.808,28,56,84,29,15,4,16,61,253,0
1388,17,5,313,24,SG,56,0,614,83,196,0.423,69,169,0.408,14,27,0.519,0.599,17,19,0.895,9,55,64,30,9,4,12,49,252,0
1958,12,5,314,22,SG,57,1,814,90,229,0.393,49,156,0.314,41,73,0.562,0.5,23,26,0.885,15,74,89,53,33,2,15,88,252,0
1150,30,5,315,23,SG,40,0,566,98,201,0.488,24,78,0.308,74,123,0.602,0.547,31,36,0.861,9,49,58,126,29,8,50,58,251,0
1138,18,5,316,24,SF,37,3,410,52,118,0.441,31,84,0.369,21,34,0.618,0.572,19,22,0.864,14,58,72,35,8,2,18,26,154,0
1138,9,5,316,24,SF,22,12,417,32,108,0.296,16,57,0.281,16,51,0.314,0.37,13,15,0.867,11,61,72,25,16,1,12,16,93,0
1840,13,5,317,33,C,46,11,674,87,153,0.569,0,6,0.0,87,147,0.592,0.569,70,99,0.707,60,174,234,55,14,17,36,68,244,0
2138,4,5,318,22,C,19,19,508,98,151,0.649,0,0,,98,151,0.649,0.649,46,64,0.719,76,108,184,22,16,20,17,50,242,0
1950,29,5,319,20,SF,32,11,584,85,218,0.39,34,115,0.296,51,103,0.495,0.468,37,41,0.902,16,86,102,55,13,6,47,43,241,0
1824,10,5,320,31,SG,44,0,680,103,183,0.563,20,55,0.364,83,128,0.648,0.617,14,23,0.609,46,67,113,48,39,18,27,77,240,0
1588,15,5,321,27,SF,55,23,1173,88,208,0.423,38,120,0.317,50,88,0.568,0.514,21,25,0.84,72,185,257,110,51,51,46,76,235,0
1460,8,5,322,34,SG,58,9,862,88,194,0.454,55,136,0.404,33,58,0.569,0.595,3,4,0.75,9,62,71,67,36,9,14,69,234,0
1283,26,5,323,26,SF,59,11,719,80,210,0.381,44,127,0.346,36,83,0.434,0.486,26,33,0.788,26,80,106,44,28,8,26,80,230,0
2005,8,5,324,21,SF,50,0,545,82,222,0.369,41,138,0.297,41,84,0.488,0.462,22,31,0.71,5,56,61,47,17,7,23,54,227,0
1739,15,5,325,24,PG,9,9,318,80,170,0.471,14,51,0.275,66,119,0.555,0.512,52,64,0.813,6,44,50,73,7,5,27,19,226,0
1237,7,5,326,33,SG,36,3,457,54,145,0.372,29,80,0.363,25,65,0.385,0.472,17,19,0.895,15,37,52,30,17,3,16,32,154,0
1237,4,5,326,33,SG,8,1,159,26,59,0.441,9,28,0.321,17,31,0.548,0.517,11,12,0.917,3,13,16,14,5,3,5,7,72,0
2071,26,5,327,28,PF,42,0,511,84,191,0.44,45,120,0.375,39,71,0.549,0.558,12,15,0.8,30,66,96,19,20,7,12,42,225,0
1664,13,5,328,23,SF,2,0,31,4,10,0.4,1,5,0.2,3,5,0.6,0.45,1,2,0.5,1,2,3,1,2,1,2,3,10,0
1664,23,5,328,23,SF,58,2,715,93,171,0.544,7,23,0.304,86,148,0.581,0.564,21,39,0.538,40,88,128,50,20,11,30,97,214,0
1094,24,5,329,24,PF,43,0,469,93,151,0.616,22,52,0.423,71,99,0.717,0.689,15,19,0.789,32,105,137,17,10,25,19,42,223,0
1583,9,5,330,24,SF,31,11,560,86,186,0.462,31,94,0.33,55,92,0.598,0.546,20,22,0.909,18,57,75,23,13,7,22,50,223,0
2167,29,5,331,25,C,48,12,545,99,184,0.538,5,24,0.208,94,160,0.588,0.552,19,28,0.679,72,136,208,29,8,18,37,52,222,0
1335,20,5,332,31,SG,3,0,39,4,20,0.2,2,15,0.133,2,5,0.4,0.25,2,2,1.0,0,4,4,3,4,0,1,4,12,0
1335,9,5,332,31,SG,29,0,541,75,201,0.373,31,115,0.27,44,86,0.512,0.45,27,34,0.794,5,49,54,45,25,7,20,44,208,0
1142,16,5,333,26,C,38,4,441,86,149,0.577,4,22,0.182,82,127,0.646,0.591,41,47,0.872,40,101,141,23,10,16,21,46,217,0
1716,18,5,334,27,SG,38,0,491,64,160,0.4,14,53,0.264,50,107,0.467,0.444,36,44,0.818,7,44,51,50,16,5,28,44,178,0
1716,9,5,334,27,SG,4,0,63,11,26,0.423,3,9,0.333,8,17,0.471,0.481,2,3,0.667,7,11,18,6,2,1,3,3,27,0
1716,20,5,334,27,SG,6,0,27,4,9,0.444,1,2,0.5,3,7,0.429,0.5,2,2,1.0,0,6,6,4,1,0,0,7,11,0
1291,11,5,335,22,PF,22,0,480,88,189,0.466,18,50,0.36,70,139,0.504,0.513,21,33,0.636,46,107,153,27,31,19,20,51,215,0
2147,3,5,336,23,PF,43,3,664,76,179,0.425,24,74,0.324,52,105,0.495,0.492,38,46,0.826,47,84,131,45,11,4,19,48,214,0
1070,17,5,337,23,SF,48,1,608,81,166,0.488,30,75,0.4,51,91,0.56,0.578,19,28,0.679,22,77,99,31,13,7,27,54,211,0
1660,4,5,338,28,SF,28,22,753,82,215,0.381,27,86,0.314,55,129,0.426,0.444,20,33,0.606,19,90,109,104,32,18,44,48,211,0
2156,30,5,339,31,PG,33,0,456,48,122,0.393,14,38,0.368,34,84,0.405,0.451,24,29,0.828,13,46,59,82,35,8,11,22,134,0
2156,16,5,339,31,PG,14,1,286,26,66,0.394,11,30,0.367,15,36,0.417,0.477,13,16,0.813,6,21,27,37,19,3,3,10,76,0
1859,7,5,340,32,C,63,9,836,72,106,0.679,1,3,0.333,71,103,0.689,0.684,63,89,0.708,97,117,214,84,26,20,32,113,208,0
1803,30,5,341,26,SF,43,0,393,81,167,0.485,13,46,0.283,68,121,0.562,0.524,32,49,0.653,35,50,85,35,27,5,21,62,207,0
1120,2,5,342,25,SF,55,1,630,68,153,0.444,15,55,0.273,53,98,0.541,0.493,50,83,0.602,61,99,160,44,19,8,20,54,201,0
2036,4,5,343,21,PF,63,3,781,80,183,0.437,28,81,0.346,52,102,0.51,0.514,11,20,0.55,43,103,146,29,11,27,15,60,199,0
1464,7,5,344,30,C,23,2,237,33,59,0.559,0,0,,33,59,0.559,0.559,12,21,0.571,33,45,78,15,3,9,12,33,78,0
1464,30,5,344,30,PF,17,8,318,49,88,0.557,1,3,0.333,48,85,0.565,0.563,22,26,0.846,38,66,104,10,8,10,12,41,121,0
1061,24,5,345,28,SF,39,8,597,64,150,0.427,20,64,0.313,44,86,0.512,0.493,26,36,0.722,30,71,101,34,22,20,13,33,174,0
1061,3,5,345,28,SF,14,0,68,8,16,0.5,1,5,0.2,7,11,0.636,0.531,6,6,1.0,1,8,9,4,3,2,2,2,23,0
1694,18,5,346,27,PG,56,0,626,70,145,0.483,42,89,0.472,28,56,0.5,0.628,13,18,0.722,18,54,72,110,35,7,19,31,195,0
1578,7,5,347,32,C,43,7,871,63,146,0.432,32,92,0.348,31,54,0.574,0.541,33,47,0.702,30,113,143,68,17,30,28,79,191,0
1913,15,5,348,35,PG,24,7,399,76,165,0.461,15,41,0.366,61,124,0.492,0.506,24,27,0.889,7,38,45,78,8,2,31,21,191,0
1649,27,5,349,24,C,46,5,451,73,155,0.471,19,64,0.297,54,91,0.593,0.532,25,34,0.735,45,102,147,49,7,12,19,35,190,0
1368,30,5,350,31,PF,50,3,466,75,160,0.469,10,41,0.244,65,119,0.546,0.5,29,36,0.806,37,57,94,34,13,11,23,48,189,0
1774,8,5,351,23,PF,58,0,576,69,149,0.463,6,23,0.261,63,126,0.5,0.483,42,62,0.677,61,65,126,32,15,38,27,81,186,0
1688,26,5,352,36,C,46,0,339,79,132,0.598,1,7,0.143,78,125,0.624,0.602,26,45,0.578,42,84,126,17,14,20,34,46,185,0
2019,5,5,353,21,SG,59,2,681,69,157,0.439,17,74,0.23,52,83,0.627,0.494,25,43,0.581,29,84,113,81,27,18,32,81,180,0
1925,29,5,354,24,PF,43,7,404,60,158,0.38,13,64,0.203,47,94,0.5,0.421,44,56,0.786,22,80,102,19,5,7,28,32,177,0
1085,15,5,355,31,C,30,27,718,67,119,0.563,0,0,,67,119,0.563,0.563,22,46,0.478,57,134,191,51,10,34,38,82,156,0
1085,21,5,355,31,C,10,0,73,7,12,0.583,0,0,,7,12,0.583,0.583,4,8,0.5,5,13,18,2,1,3,4,7,18,0
1222,23,5,356,22,SG,32,0,289,54,112,0.482,12,32,0.375,42,80,0.525,0.536,53,71,0.746,14,32,46,16,8,1,5,17,173,0
1371,15,5,357,25,PG,37,14,654,60,144,0.417,51,120,0.425,9,24,0.375,0.594,2,2,1.0,8,35,43,131,27,5,29,35,173,0
1371,3,5,357,25,PG,4,0,45,0,6,0.0,0,6,0.0,0,0,,0.0,0,0,,1,2,3,6,6,0,1,4,0,0
1907,20,5,358,25,C,31,21,768,73,127,0.575,0,0,,73,127,0.575,0.575,27,66,0.409,142,121,263,18,37,35,25,55,173,0
1519,30,5,359,24,C,2,0,1,0,0,,0,0,,0,0,,,0,0,,0,1,1,0,0,0,1,0,0,0
1519,15,5,359,24,C,23,14,572,75,136,0.551,0,0,,75,136,0.551,0.551,21,25,0.84,64,69,133,27,12,28,33,69,171,0
1684,28,5,360,26,SF,50,1,538,65,189,0.344,12,71,0.169,53,118,0.449,0.376,27,37,0.73,18,61,79,37,19,6,30,52,169,0
1043,30,5,361,21,SF,38,7,493,59,155,0.381,31,97,0.32,28,58,0.483,0.481,19,28,0.679,17,106,123,29,18,15,19,56,168,0
1102,13,5,362,22,SF,32,0,345,65,161,0.404,14,52,0.269,51,109,0.468,0.447,23,33,0.697,19,33,52,13,11,8,24,40,167,0
1873,10,5,363,23,SG,37,0,394,56,141,0.397,32,88,0.364,24,53,0.453,0.511,20,29,0.69,21,51,72,36,6,2,17,44,164,0
1744,9,5,364,28,PG,6,0,68,12,33,0.364,2,11,0.182,10,22,0.455,0.394,1,2,0.5,2,10,12,8,1,1,2,1,27,0
1744,18,5,364,28,PG,27,0,408,50,120,0.417,25,59,0.424,25,61,0.41,0.521,12,17,0.706,5,40,45,61,18,8,5,13,137,0
1998,23,5,365,21,SG,32,1,377,46,118,0.39,8,37,0.216,38,81,0.469,0.424,28,34,0.824,25,33,58,35,25,11,26,49,128,0
1998,2,5,365,21,SG,17,1,130,13,30,0.433,2,11,0.182,11,19,0.579,0.467,7,8,0.875,8,12,20,9,11,4,8,17,35,0
1757,2,5,366,26,SF,41,2,413,57,137,0.416,42,108,0.389,15,29,0.517,0.569,6,9,0.667,11,40,51,35,11,1,12,19,162,0
2035,6,5,367,32,C,49,0,549,73,120,0.608,0,1,0.0,73,119,0.613,0.608,15,52,0.288,73,101,174,51,12,14,29,59,161,0
1756,30,5,368,32,C,24,2,338,33,90,0.367,14,51,0.275,19,39,0.487,0.444,15,20,0.75,22,53,75,22,5,7,16,31,95,0
1756,9,5,368,32,C,13,4,171,15,44,0.341,13,34,0.382,2,10,0.2,0.489,2,4,0.5,10,19,29,10,3,5,2,13,45,0
1756,21,5,368,32,C,16,0,91,8,22,0.364,1,11,0.091,7,11,0.636,0.386,0,1,0.0,7,14,21,4,1,1,4,8,17,0
1918,25,5,369,19,SG,39,12,633,54,161,0.335,28,78,0.359,26,83,0.313,0.422,19,25,0.76,24,68,92,62,12,3,31,56,155,0
1674,25,5,370,26,PG,21,5,356,53,138,0.384,14,49,0.286,39,89,0.438,0.435,13,17,0.765,9,28,37,75,14,3,18,20,133,0
1674,14,5,370,26,SG,17,0,77,10,21,0.476,2,5,0.4,8,16,0.5,0.524,0,0,,1,5,6,10,7,1,2,6,22,0
1871,2,5,371,24,C,28,0,333,67,104,0.644,0,0,,67,104,0.644,0.644,20,28,0.714,53,69,122,20,13,21,13,50,154,0
1342,28,5,372,24,PG,22,6,403,55,124,0.444,10,42,0.238,45,82,0.549,0.484,33,36,0.917,16,54,70,40,10,4,25,28,153,0
1247,30,5,373,21,SG,50,6,613,62,154,0.403,14,40,0.35,48,114,0.421,0.448,14,24,0.583,18,54,72,32,18,10,13,57,152,0
1624,24,5,374,23,SF,45,2,458,57,124,0.46,21,70,0.3,36,54,0.667,0.544,17,20,0.85,14,61,75,21,10,10,14,39,152,0
1921,19,5,375,26,SF,28,1,390,49,113,0.434,41,91,0.451,8,22,0.364,0.615,13,14,0.929,6,34,40,18,6,1,19,32,152,0
2067,14,5,376,24,PF,29,6,581,59,114,0.518,8,27,0.296,51,87,0.586,0.553,24,36,0.667,41,97,138,36,36,5,28,43,150,0
1844,21,5,377,22,PF,10,0,60,4,16,0.25,2,11,0.182,2,5,0.4,0.313,2,4,0.5,2,8,10,5,1,1,3,5,12,0
1844,4,5,377,22,PF,18,0,345,45,105,0.429,16,44,0.364,29,61,0.475,0.505,28,37,0.757,15,64,79,30,14,12,16,17,134,0
1052,27,5,378,20,PF,33,1,420,56,113,0.496,3,9,0.333,53,104,0.51,0.509,29,42,0.69,45,68,113,36,12,14,9,47,144,0
1471,23,5,379,30,SF,34,4,509,47,105,0.448,15,50,0.3,32,55,0.582,0.519,35,46,0.761,16,42,58,28,15,5,19,45,144,0
1559,29,5,380,22,SG,20,5,372,51,110,0.464,32,77,0.416,19,33,0.576,0.609,10,14,0.714,7,29,36,23,4,2,13,29,144,0
1556,8,5,381,35,C,36,2,396,58,93,0.624,0,0,,58,93,0.624,0.624,26,53,0.491,54,103,157,26,6,16,23,56,142,0
1981,4,5,382,35,PG,43,5,741,66,158,0.418,4,8,0.5,62,150,0.413,0.43,3,4,0.75,11,65,76,145,17,4,47,49,139,0
2100,21,5,383,26,SG,38,0,280,49,104,0.471,37,85,0.435,12,19,0.632,0.649,2,2,1.0,7,33,40,24,5,7,7,23,137,0
2165,28,5,384,35,PF,23,6,350,54,87,0.621,1,6,0.167,53,81,0.654,0.626,5,12,0.417,29,46,75,50,18,3,11,38,114,0
2165,24,5,384,35,PF,10,0,89,11,21,0.524,0,1,0.0,11,20,0.55,0.524,1,3,0.333,17,11,28,7,5,2,4,11,23,0
1606,7,5,385,23,SG,42,0,311,54,121,0.446,13,50,0.26,41,71,0.577,0.5,15,23,0.652,14,36,50,20,10,3,14,22,136,0
1592,1,5,386,23,PG,22,14,541,51,104,0.49,28,68,0.412,23,36,0.639,0.625,5,6,0.833,11,41,52,50,13,6,20,48,135,0
1205,3,5,387,19,PF,23,4,370,50,93,0.538,12,33,0.364,38,60,0.633,0.602,21,30,0.7,26,55,81,18,8,16,15,25,133,0
1267,21,5,388,20,PF,33,0,365,49,116,0.422,21,70,0.3,28,46,0.609,0.513,14,16,0.875,10,41,51,37,8,5,19,22,133,0
2063,9,5,389,24,SG,24,2,307,37,84,0.44,24,53,0.453,13,31,0.419,0.583,29,32,0.906,8,43,51,11,8,7,14,40,127,0
1224,13,5,390,33,PF,3,3,69,3,9,0.333,2,8,0.25,1,1,1.0,0.444,1,2,0.5,2,6,8,7,6,2,0,7,9,0
1224,23,5,390,33,SF,26,3,419,40,89,0.449,17,48,0.354,23,41,0.561,0.545,21,24,0.875,29,60,89,17,33,16,11,49,118,0
1715,1,5,391,35,PG,19,0,202,19,51,0.373,13,34,0.382,6,17,0.353,0.5,0,0,,5,15,20,14,9,1,8,17,51,0
1715,16,5,391,35,PG,13,5,213,27,80,0.338,11,53,0.208,16,27,0.593,0.406,11,11,1.0,4,11,15,20,11,0,8,15,76,0
1499,17,5,392,22,SG,57,8,572,50,100,0.5,17,46,0.37,33,54,0.611,0.585,8,11,0.727,43,70,113,50,16,6,28,92,125,0
1867,7,5,393,21,PF,40,1,336,40,104,0.385,13,45,0.289,27,59,0.458,0.447,28,41,0.683,25,54,79,22,7,4,8,20,121,0
1614,26,5,394,30,C,48,0,444,50,81,0.617,0,3,0.0,50,78,0.641,0.617,20,34,0.588,46,82,128,50,11,33,27,66,120,0
2082,12,5,395,20,PF,33,0,340,45,110,0.409,22,55,0.4,23,55,0.418,0.509,8,9,0.889,12,51,63,40,15,11,17,29,120,0
2099,24,5,396,29,SF,29,0,382,35,97,0.361,24,75,0.32,11,22,0.5,0.485,10,15,0.667,11,34,45,10,9,7,16,34,104,0
2099,15,5,396,29,SF,5,0,82,6,19,0.316,1,10,0.1,5,9,0.556,0.342,0,2,0.0,0,9,9,5,3,0,3,5,13,0
1849,28,5,397,24,PF,26,5,360,40,104,0.385,20,60,0.333,20,44,0.455,0.481,15,18,0.833,26,56,82,60,20,20,21,35,115,0
1905,19,5,398,23,PF,39,1,334,45,95,0.474,13,39,0.333,32,56,0.571,0.542,12,16,0.75,23,53,76,21,10,4,16,24,115,0
1380,27,5,399,28,PG,23,0,313,38,108,0.352,25,83,0.301,13,25,0.52,0.468,13,16,0.813,5,31,36,49,9,2,17,14,114,0
1626,9,5,400,25,PF,23,6,469,40,116,0.345,22,77,0.286,18,39,0.462,0.44,12,18,0.667,15,33,48,25,13,5,16,43,114,0
1392,5,5,401,30,SF,9,5,230,45,75,0.6,10,27,0.37,35,48,0.729,0.667,10,13,0.769,20,47,67,5,10,8,7,19,110,0
1672,1,5,402,37,SG,36,3,413,34,97,0.351,24,69,0.348,10,28,0.357,0.474,18,24,0.75,9,44,53,23,16,11,8,43,110,0
1543,6,5,403,28,C,39,0,270,43,72,0.597,3,14,0.214,40,58,0.69,0.618,18,21,0.857,20,42,62,15,7,13,13,27,107,0
1791,22,5,404,25,SF,47,8,432,40,112,0.357,23,82,0.28,17,30,0.567,0.46,4,7,0.571,18,62,80,20,9,7,16,19,107,0
1312,15,5,405,22,SF,4,0,74,4,15,0.267,2,8,0.25,2,7,0.286,0.333,0,0,,8,6,14,6,0,1,1,5,10,0
1312,9,5,405,22,SF,13,8,293,32,56,0.571,10,24,0.417,22,32,0.688,0.661,17,25,0.68,10,36,46,10,6,4,8,18,91,0
1356,18,5,406,25,C,25,0,122,36,75,0.48,9,32,0.281,27,43,0.628,0.54,18,25,0.72,19,12,31,4,4,1,6,24,99,0
1908,16,5,407,23,C,36,7,304,36,72,0.5,8,15,0.533,28,57,0.491,0.556,19,25,0.76,28,56,84,34,7,8,18,35,99,0
1156,16,5,408,24,PF,26,1,259,34,79,0.43,11,31,0.355,23,48,0.479,0.5,18,23,0.783,15,22,37,10,10,5,8,22,97,0
1145,11,5,409,32,SF,44,0,417,34,82,0.415,27,67,0.403,7,15,0.467,0.579,1,1,1.0,6,67,73,15,12,5,10,29,96,0
1628,15,5,410,21,PF,15,0,99,14,37,0.378,3,10,0.3,11,27,0.407,0.419,8,15,0.533,2,13,15,14,3,3,6,15,39,0
1628,23,5,410,21,PF,2,0,9,1,6,0.167,0,2,0.0,1,4,0.25,0.167,0,0,,0,3,3,0,0,0,2,0,2,0
1628,29,5,410,21,PF,4,0,91,21,35,0.6,4,12,0.333,17,23,0.739,0.657,9,11,0.818,10,10,20,19,3,2,6,9,55,0
1299,26,5,411,23,SF,54,0,275,34,82,0.415,20,52,0.385,14,30,0.467,0.537,5,9,0.556,9,33,42,15,10,4,4,26,93,0
1964,3,5,412,27,PG,15,12,359,43,74,0.581,0,0,,43,74,0.581,0.581,6,15,0.4,31,88,119,86,12,9,27,36,92,0
1971,20,5,413,25,C,45,11,585,38,55,0.691,0,0,,38,55,0.691,0.691,16,24,0.667,56,91,147,25,8,19,16,45,92,0
1135,13,5,414,24,PF,44,0,394,37,90,0.411,14,48,0.292,23,42,0.548,0.489,1,2,0.5,20,42,62,25,12,6,9,49,89,0
1180,30,5,415,22,SF,15,1,235,32,78,0.41,13,45,0.289,19,33,0.576,0.494,12,15,0.8,19,34,53,19,10,9,10,14,89,0
1834,5,5,416,20,SF,40,0,323,32,77,0.416,12,38,0.316,20,39,0.513,0.494,13,19,0.684,12,24,36,13,7,7,10,40,89,0
1619,19,5,417,22,PG,15,0,144,16,52,0.308,2,20,0.1,14,32,0.438,0.327,10,11,0.909,4,10,14,18,5,1,8,8,44,0
1619,28,5,417,22,PG,1,0,2,0,0,,0,0,,0,0,,,0,0,,0,0,0,0,0,0,0,1,0,0
1619,29,5,417,22,PG,12,0,119,18,40,0.45,2,13,0.154,16,27,0.593,0.475,7,9,0.778,5,7,12,19,4,1,6,4,45,0
1589,23,5,418,26,SG,35,0,300,30,76,0.395,14,40,0.35,16,36,0.444,0.487,14,20,0.7,4,26,30,25,14,3,10,17,88,0
2018,28,5,419,37,SG,27,2,289,29,78,0.372,12,40,0.3,17,38,0.447,0.449,18,22,0.818,18,27,45,28,12,3,14,28,88,0
1369,8,5,420,24,PG,24,0,225,32,69,0.464,15,38,0.395,17,31,0.548,0.572,8,12,0.667,1,20,21,27,13,0,14,24,87,0
2075,30,5,421,20,C,10,4,153,29,67,0.433,10,36,0.278,19,31,0.613,0.507,17,22,0.773,6,30,36,13,5,7,10,28,85,0
1333,1,5,422,25,SG,38,0,414,34,90,0.378,2,10,0.2,32,80,0.4,0.389,13,17,0.765,11,40,51,92,11,3,20,25,83,0
1890,9,5,423,24,SG,17,0,245,33,66,0.5,12,31,0.387,21,35,0.6,0.591,5,8,0.625,3,30,33,14,3,13,7,28,83,0
1931,10,5,424,21,PF,23,0,192,28,55,0.509,10,27,0.37,18,28,0.643,0.6,16,17,0.941,17,32,49,14,4,2,7,23,82,0
1144,1,5,425,20,SG,17,0,196,34,92,0.37,9,40,0.225,25,52,0.481,0.418,4,8,0.5,6,27,33,27,7,5,10,20,81,0
1779,15,5,426,24,SG,9,1,156,22,55,0.4,4,23,0.174,18,32,0.563,0.436,3,3,1.0,3,11,14,16,3,0,5,13,51,0
1779,9,5,426,24,SG,4,0,58,12,23,0.522,2,6,0.333,10,17,0.588,0.565,4,6,0.667,3,7,10,3,1,2,2,2,30,0
1084,5,5,427,24,SG,23,1,268,32,84,0.381,12,44,0.273,20,40,0.5,0.452,4,5,0.8,6,26,32,13,3,2,10,24,80,0
1404,25,5,428,24,PG,19,1,316,29,71,0.408,8,25,0.32,21,46,0.457,0.465,14,17,0.824,14,31,45,54,11,9,30,40,80,0
2168,19,5,429,31,C,43,0,320,26,62,0.419,1,3,0.333,25,59,0.424,0.427,23,38,0.605,48,64,112,39,9,5,16,45,76,0
1136,25,5,430,24,C,22,5,200,33,65,0.508,0,0,,33,65,0.508,0.508,9,31,0.29,37,49,86,7,5,7,11,27,75,0
1077,30,5,431,24,SG,19,0,149,29,64,0.453,11,29,0.379,18,35,0.514,0.539,5,9,0.556,10,16,26,16,3,1,8,14,74,0
1613,24,5,432,24,PG,24,0,185,20,55,0.364,2,16,0.125,18,39,0.462,0.382,29,39,0.744,9,22,31,30,7,3,8,13,71,0
1088,4,5,433,24,SF,26,3,284,25,52,0.481,9,20,0.45,16,32,0.5,0.567,10,15,0.667,9,39,48,24,8,11,6,19,69,0
1195,15,5,434,27,PF,6,1,134,33,59,0.559,1,6,0.167,32,53,0.604,0.568,1,7,0.143,13,19,32,9,5,6,3,8,68,0
1742,7,5,435,34,PF,26,1,216,23,68,0.338,15,42,0.357,8,26,0.308,0.449,5,6,0.833,4,35,39,16,5,3,12,12,66,0
1541,26,5,436,21,SG,30,0,192,28,71,0.394,2,22,0.091,26,49,0.531,0.408,6,11,0.545,17,23,40,20,7,5,10,29,64,0
1058,27,5,437,23,C,19,0,205,29,40,0.725,0,1,0.0,29,39,0.744,0.725,5,6,0.833,23,53,76,21,8,17,15,31,63,0
1557,10,5,438,32,PG,26,0,296,23,64,0.359,13,42,0.31,10,22,0.455,0.461,4,7,0.571,6,24,30,42,4,3,12,25,63,0
2132,11,5,439,24,SG,22,0,129,27,50,0.54,2,5,0.4,25,45,0.556,0.56,7,13,0.538,12,11,23,7,4,1,4,10,63,0
1717,25,5,440,24,SF,34,1,381,22,74,0.297,12,49,0.245,10,25,0.4,0.378,5,9,0.556,30,26,56,21,9,10,9,35,61,0
1647,4,5,441,22,PG,13,1,200,19,66,0.288,5,30,0.167,14,36,0.389,0.326,11,12,0.917,4,19,23,28,7,0,15,18,54,0
1647,24,5,441,22,PG,4,0,13,1,4,0.25,0,0,,1,4,0.25,0.25,3,3,1.0,0,1,1,0,0,0,3,3,5,0
1366,3,5,442,25,C,16,0,81,22,44,0.5,3,11,0.273,19,33,0.576,0.534,7,13,0.538,12,14,26,6,1,3,6,15,54,0
1366,14,5,442,25,C,7,0,19,1,6,0.167,0,3,0.0,1,3,0.333,0.167,0,0,,0,4,4,0,1,0,0,0,2,0
2126,7,5,443,24,PG,17,0,113,20,54,0.37,3,15,0.2,17,39,0.436,0.398,11,17,0.647,4,9,13,17,1,1,7,4,54,0
1856,29,5,444,25,PF,16,0,186,19,40,0.475,9,21,0.429,10,19,0.526,0.588,6,8,0.75,10,33,43,6,4,6,5,14,53,0
1278,23,5,445,26,PG,12,0,142,20,36,0.556,9,19,0.474,11,17,0.647,0.681,3,4,0.75,3,17,20,27,7,1,5,1,52,0
1987,23,5,446,21,PG,16,0,84,18,46,0.391,13,35,0.371,5,11,0.455,0.533,3,5,0.6,0,4,4,12,8,0,7,8,52,0
2057,23,5,447,38,PF,3,3,66,2,5,0.4,2,5,0.4,0,0,,0.6,0,0,,1,13,14,0,3,2,2,9,6,0
2057,13,5,447,38,PF,28,7,420,16,45,0.356,11,30,0.367,5,15,0.333,0.478,3,3,1.0,27,44,71,16,13,5,6,45,46,0
1104,4,5,448,23,SG,14,0,81,18,41,0.439,13,30,0.433,5,11,0.455,0.598,1,2,0.5,1,8,9,6,1,1,2,3,50,0
1719,18,5,449,21,SF,32,0,91,17,36,0.472,4,10,0.4,13,26,0.5,0.528,12,14,0.857,4,13,17,8,5,5,2,10,50,0
1067,23,5,450,23,PF,3,0,10,0,1,0.0,0,0,,0,1,0.0,0.0,0,0,,0,1,1,2,0,0,1,0,0,0
1067,29,5,450,23,PF,6,0,142,18,29,0.621,2,8,0.25,16,21,0.762,0.655,10,12,0.833,8,19,27,5,6,7,7,3,48,0
1396,1,5,451,20,SF,20,0,171,18,62,0.29,10,39,0.256,8,23,0.348,0.371,2,2,1.0,2,16,18,5,1,2,8,6,48,0
1829,15,5,452,23,SF,7,1,122,18,35,0.514,5,13,0.385,13,22,0.591,0.586,7,10,0.7,11,26,37,2,6,4,5,10,48,0
1874,28,5,453,22,SG,7,1,121,18,41,0.439,6,22,0.273,12,19,0.632,0.512,5,6,0.833,4,18,22,8,7,0,7,10,47,0
2015,5,5,454,24,PF,31,0,188,20,39,0.513,2,9,0.222,18,30,0.6,0.538,4,5,0.8,17,20,37,10,5,2,7,17,46,0
1194,27,5,455,19,SF,12,0,141,16,33,0.485,1,12,0.083,15,21,0.714,0.5,12,15,0.8,8,14,22,10,7,3,3,18,45,0
1655,11,5,456,35,C,14,0,71,18,34,0.529,0,2,0.0,18,32,0.563,0.529,9,14,0.643,7,25,32,6,1,2,5,5,45,0
1911,30,5,457,21,PG,10,0,66,13,25,0.52,2,3,0.667,11,22,0.5,0.56,13,17,0.765,2,9,11,11,8,3,7,7,41,0
1911,17,5,457,21,PG,3,0,12,1,2,0.5,1,1,1.0,0,1,0.0,0.75,0,0,,0,2,2,3,2,0,1,1,3,0
1516,15,5,458,26,SG,9,0,150,17,50,0.34,4,13,0.308,13,37,0.351,0.38,5,11,0.455,8,36,44,26,6,2,9,14,43,0
2148,20,5,459,27,SF,3,0,7,1,2,0.5,1,2,0.5,0,0,,0.75,0,0,,0,1,1,1,0,0,0,1,3,0
2148,14,5,459,27,SF,8,0,28,4,9,0.444,4,8,0.5,0,1,0.0,0.667,0,0,,0,3,3,6,0,0,0,2,12,0
2148,1,5,459,27,SF,6,0,73,10,19,0.526,8,17,0.471,2,2,1.0,0.737,0,0,,3,9,12,3,2,0,2,3,28,0
1124,3,5,460,25,PG,10,0,104,15,46,0.326,11,32,0.344,4,14,0.286,0.446,1,2,0.5,7,11,18,5,1,1,3,3,42,0
1836,8,5,461,24,SG,27,0,122,15,35,0.429,9,25,0.36,6,10,0.6,0.557,3,4,0.75,1,13,14,21,4,0,9,13,42,0
1969,15,5,462,26,PG,7,0,161,17,54,0.315,5,17,0.294,12,37,0.324,0.361,3,4,0.75,4,16,20,25,7,3,10,11,42,0
2010,16,5,463,24,SF,18,0,87,15,38,0.395,10,30,0.333,5,8,0.625,0.526,2,2,1.0,1,6,7,5,1,1,8,4,42,0
1060,6,5,464,20,SF,15,0,133,15,49,0.306,10,33,0.303,5,16,0.313,0.408,1,4,0.25,1,13,14,10,1,2,8,5,41,0
2095,18,5,465,30,SF,11,0,125,18,41,0.439,2,13,0.154,16,28,0.571,0.463,3,4,0.75,5,17,22,9,4,1,4,11,41,0
2142,25,5,466,26,C,6,0,119,17,26,0.654,0,0,,17,26,0.654,0.654,7,9,0.778,11,27,38,5,7,7,7,17,41,0
1870,22,5,467,26,SG,14,0,165,14,38,0.368,3,17,0.176,11,21,0.524,0.408,9,12,0.75,3,17,20,18,7,5,7,15,40,0
1425,9,5,468,32,SG,16,0,170,14,39,0.359,10,30,0.333,4,9,0.444,0.487,1,2,0.5,3,10,13,10,3,2,4,19,39,0
1852,28,5,469,30,SF,15,1,174,14,33,0.424,8,23,0.348,6,10,0.6,0.545,3,3,1.0,6,23,29,8,5,5,2,19,39,0
1980,16,5,470,26,SG,9,0,131,15,33,0.455,7,17,0.412,8,16,0.5,0.561,2,2,1.0,6,8,14,14,9,3,5,12,39,0
1096,17,5,471,25,C,2,0,3,0,0,,0,0,,0,0,,,0,0,,0,2,2,0,0,0,0,1,0,0
1096,4,5,471,25,C,9,2,118,17,25,0.68,0,1,0.0,17,24,0.708,0.68,3,4,0.75,10,22,32,4,3,7,3,9,37,0
1930,5,5,472,21,PF,9,0,66,14,27,0.519,0,0,,14,27,0.519,0.519,8,12,0.667,19,17,36,0,1,0,5,5,36,0
1035,24,5,473,24,C,16,0,113,16,23,0.696,0,0,,16,23,0.696,0.696,3,13,0.231,11,21,32,3,1,6,4,17,35,0
1037,25,5,474,21,C,22,1,226,14,22,0.636,0,0,,14,22,0.636,0.636,6,12,0.5,20,31,51,13,3,20,15,46,34,0
1091,9,5,475,24,SF,10,0,84,9,29,0.31,8,25,0.32,1,4,0.25,0.448,8,10,0.8,3,7,10,3,0,1,0,5,34,0
1467,14,5,476,20,SG,21,0,109,10,45,0.222,2,15,0.133,8,30,0.267,0.244,12,20,0.6,2,11,13,8,3,2,9,13,34,0
1935,21,5,477,24,C,15,0,98,11,19,0.579,2,6,0.333,9,13,0.692,0.632,10,15,0.667,10,26,36,2,0,7,3,18,34,0
2072,14,5,478,27,PG,11,0,218,15,49,0.306,3,28,0.107,12,21,0.571,0.337,1,2,0.5,4,5,9,21,9,0,5,19,34,0
1363,20,5,479,38,PF,16,1,165,7,23,0.304,0,6,0.0,7,17,0.412,0.304,2,2,1.0,10,18,28,9,2,6,5,28,16,0
1363,9,5,479,38,PF,4,0,39,8,14,0.571,2,4,0.5,6,10,0.6,0.643,0,0,,2,7,9,2,1,1,0,3,18,0
1455,11,5,480,24,SG,15,0,75,11,26,0.423,7,14,0.5,4,12,0.333,0.558,4,5,0.8,7,15,22,10,3,2,3,11,33,0
1701,4,5,481,25,C,25,0,307,12,28,0.429,0,0,,12,28,0.429,0.429,9,12,0.75,29,36,65,9,6,14,14,64,33,0
1734,13,5,482,29,SG,14,1,119,15,46,0.326,2,17,0.118,13,29,0.448,0.348,1,2,0.5,8,10,18,21,3,3,5,8,33,0
1024,17,5,483,31,PF,34,0,155,16,30,0.533,0,1,0.0,16,29,0.552,0.533,0,2,0.0,7,6,13,17,7,4,14,24,32,0
1485,15,5,484,23,PF,8,0,113,12,34,0.353,5,20,0.25,7,14,0.5,0.426,3,3,1.0,9,7,16,4,3,3,2,8,32,0
1533,3,5,485,21,SG,5,0,61,8,21,0.381,4,10,0.4,4,11,0.364,0.476,11,12,0.917,3,4,7,3,3,1,5,5,31,0
1904,10,5,486,26,SG,22,0,81,11,33,0.333,2,17,0.118,9,16,0.563,0.364,7,11,0.636,1,5,6,5,1,3,2,5,31,0
1259,13,5,487,22,C,11,0,64,10,19,0.526,0,0,,10,19,0.526,0.526,9,14,0.643,15,9,24,4,5,1,2,4,29,0
1474,22,5,488,20,SF,18,0,67,10,30,0.333,7,25,0.28,3,5,0.6,0.45,2,4,0.5,1,6,7,6,2,2,3,4,29,0
1712,18,5,489,20,SF,17,0,52,13,20,0.65,2,5,0.4,11,15,0.733,0.7,1,2,0.5,5,15,20,8,2,1,1,5,29,0
1773,18,5,490,21,PG,15,0,50,9,24,0.375,6,17,0.353,3,7,0.429,0.5,3,6,0.5,1,2,3,6,5,0,5,2,27,0
1286,27,5,491,24,SG,4,0,51,10,18,0.556,3,6,0.5,7,12,0.583,0.639,3,3,1.0,2,8,10,5,2,0,3,4,26,0
1400,28,5,492,25,PF,11,0,120,11,38,0.289,0,3,0.0,11,35,0.314,0.289,4,9,0.444,12,11,23,5,3,18,12,15,26,0
1627,17,5,493,20,SF,21,0,90,11,22,0.5,1,5,0.2,10,17,0.588,0.523,3,4,0.75,3,18,21,5,2,0,5,15,26,0
1940,22,5,494,26,PF,23,0,84,10,26,0.385,6,16,0.375,4,10,0.4,0.5,0,2,0.0,3,14,17,7,1,0,5,9,26,0
2056,12,5,495,24,PF,8,0,42,10,20,0.5,0,0,,10,20,0.5,0.5,6,8,0.75,8,8,16,2,2,1,0,3,26,0
1175,14,5,496,23,C,16,0,59,9,16,0.563,0,0,,9,16,0.563,0.563,6,6,1.0,6,6,12,3,2,0,3,11,24,0
1401,1,5,497,21,PF,6,0,73,8,23,0.348,3,9,0.333,5,14,0.357,0.413,5,6,0.833,10,12,22,4,5,4,1,13,24,0
1041,4,5,498,19,PG,10,0,65,8,24,0.333,1,8,0.125,7,16,0.438,0.354,6,7,0.857,6,3,9,7,3,0,4,2,23,0
1387,27,5,499,24,PF,3,0,39,10,17,0.588,3,7,0.429,7,10,0.7,0.676,0,0,,2,5,7,6,1,1,1,0,23,0
1479,8,5,500,25,C,20,0,49,9,15,0.6,3,9,0.333,6,6,1.0,0.7,2,2,1.0,2,9,11,2,2,3,1,9,23,0
1726,6,5,501,24,PF,10,0,72,10,24,0.417,3,10,0.3,7,14,0.5,0.479,0,1,0.0,3,7,10,6,2,0,2,6,23,0
2079,25,5,502,29,SF,7,0,46,6,18,0.333,6,16,0.375,0,2,0.0,0.5,2,2,1.0,0,9,9,0,2,1,1,4,20,0
2079,24,5,502,29,SF,4,0,16,1,6,0.167,1,4,0.25,0,2,0.0,0.25,0,0,,3,2,5,1,2,0,1,4,3,0
1256,7,5,503,24,SG,4,0,30,10,19,0.526,1,8,0.125,9,11,0.818,0.553,1,3,0.333,1,8,9,4,0,1,3,1,22,0
1572,8,5,504,26,SF,20,0,60,7,17,0.412,2,5,0.4,5,12,0.417,0.471,6,8,0.75,3,15,18,9,2,1,1,5,22,0
1134,12,5,505,20,SG,15,0,63,8,15,0.533,0,2,0.0,8,13,0.615,0.533,5,8,0.625,3,2,5,5,0,0,2,9,21,0
1105,25,5,506,24,PG,6,0,57,5,21,0.238,0,8,0.0,5,13,0.385,0.238,0,0,,2,8,10,8,0,0,8,3,10,0
1105,27,5,506,24,PG,3,0,38,5,7,0.714,1,1,1.0,4,6,0.667,0.786,0,0,,1,8,9,3,1,0,1,7,11,0
1927,11,5,507,25,SF,14,0,60,9,14,0.643,0,2,0.0,9,12,0.75,0.643,2,2,1.0,3,10,13,3,1,2,0,5,20,0
1965,28,5,508,26,PG,4,0,67,9,21,0.429,2,8,0.25,7,13,0.538,0.476,0,0,,1,6,7,12,6,2,1,5,20,0
2061,8,5,509,23,PF,18,0,48,8,20,0.4,4,14,0.286,4,6,0.667,0.5,0,0,,1,8,9,2,1,0,2,10,20,0
2139,28,5,510,25,C,7,2,107,9,34,0.265,1,5,0.2,8,29,0.276,0.279,0,2,0.0,15,23,38,2,3,4,3,15,19,0
1631,17,5,511,35,C,16,2,65,7,19,0.368,2,8,0.25,5,11,0.455,0.421,2,2,1.0,3,2,5,4,1,3,2,7,18,0
1736,25,5,512,25,SG,4,0,40,8,19,0.421,1,7,0.143,7,12,0.583,0.447,1,2,0.5,4,4,8,5,2,0,3,4,18,0
1737,18,5,513,22,SG,25,0,75,9,18,0.5,0,6,0.0,9,12,0.75,0.5,0,0,,0,12,12,6,5,1,4,5,18,0
1347,15,5,514,26,PF,5,0,81,8,22,0.364,1,6,0.167,7,16,0.438,0.386,0,5,0.0,7,18,25,3,2,2,8,10,17,0
1246,2,5,515,21,SG,8,0,39,5,12,0.417,3,7,0.429,2,5,0.4,0.542,3,4,0.75,2,8,10,10,1,1,2,4,16,0
1132,7,5,516,22,PF,6,0,40,5,11,0.455,1,3,0.333,4,8,0.5,0.5,4,9,0.444,3,6,9,4,0,4,4,5,15,0
2090,2,5,517,19,SF,9,1,83,6,15,0.4,2,9,0.222,4,6,0.667,0.467,1,2,0.5,5,15,20,5,5,1,3,11,15,0
1343,14,5,518,20,SF,4,0,14,1,6,0.167,0,2,0.0,1,4,0.25,0.167,2,2,1.0,2,0,2,0,0,0,1,1,4,0
1343,7,5,518,20,SF,2,0,26,5,9,0.556,1,3,0.333,4,6,0.667,0.611,0,0,,2,1,3,0,3,0,1,1,11,0
1457,14,5,519,25,SG,7,0,41,5,15,0.333,3,12,0.25,2,3,0.667,0.433,1,2,0.5,0,0,0,5,1,1,1,4,14,0
1518,20,5,520,26,SG,17,0,46,6,17,0.353,2,10,0.2,4,7,0.571,0.412,0,2,0.0,0,5,5,5,0,1,3,2,14,0
1638,1,5,521,23,SF,9,0,52,4,17,0.235,3,13,0.231,1,4,0.25,0.324,3,4,0.75,1,6,7,0,0,0,1,6,14,0
1945,19,5,522,23,SG,6,0,55,4,13,0.308,1,2,0.5,3,11,0.273,0.346,5,6,0.833,1,6,7,5,2,1,0,4,14,0
2098,17,5,523,22,PG,11,0,56,6,20,0.3,2,6,0.333,4,14,0.286,0.35,0,0,,1,4,5,5,3,0,2,1,14,0
1015,15,5,524,24,SF,5,0,125,6,23,0.261,0,7,0.0,6,16,0.375,0.261,1,2,0.5,4,13,17,5,4,0,2,18,13,0
1711,13,5,525,24,SF,8,0,28,5,9,0.556,1,2,0.5,4,7,0.571,0.611,2,2,1.0,3,2,5,0,0,0,1,2,13,0
2047,20,5,526,23,SF,9,0,38,5,9,0.556,1,4,0.25,4,5,0.8,0.611,2,2,1.0,3,4,7,3,0,1,1,3,13,0
1260,27,5,527,27,PF,3,0,16,4,5,0.8,0,0,,4,5,0.8,0.8,4,6,0.667,1,2,3,2,0,1,0,1,12,0
1260,20,5,527,27,PF,3,0,8,0,1,0.0,0,1,0.0,0,0,,0.0,0,0,,0,1,1,0,1,0,1,1,0,0
1332,26,5,528,25,PG,6,0,22,4,7,0.571,2,3,0.667,2,4,0.5,0.714,2,2,1.0,0,2,2,2,0,0,1,0,12,0
1862,29,5,529,24,PG,7,0,71,6,19,0.316,0,3,0.0,6,16,0.375,0.316,0,0,,6,11,17,16,2,1,2,3,12,0
1173,28,5,530,23,SG,4,0,36,3,8,0.375,1,4,0.25,2,4,0.5,0.438,4,5,0.8,2,2,4,3,1,0,1,3,11,0
1281,5,5,531,23,SF,4,0,30,4,10,0.4,2,6,0.333,2,4,0.5,0.5,1,2,0.5,1,3,4,4,2,1,2,6,11,0
1534,21,5,532,23,SF,9,0,66,5,16,0.313,1,3,0.333,4,13,0.308,0.344,0,0,,4,6,10,4,1,0,4,5,11,0
1620,14,5,533,21,SF,34,0,103,4,21,0.19,1,9,0.111,3,12,0.25,0.214,2,3,0.667,2,2,4,6,2,1,10,5,11,0
1831,2,5,534,24,PF,3,0,23,4,6,0.667,3,5,0.6,1,1,1.0,0.917,0,0,,0,1,1,1,2,0,1,1,11,0
1412,16,5,535,22,PG,8,2,76,4,14,0.286,1,8,0.125,3,6,0.5,0.321,1,2,0.5,2,4,6,8,0,0,3,8,10,0
2146,23,5,536,27,PF,2,0,15,4,6,0.667,2,2,1.0,2,4,0.5,0.833,0,0,,1,1,2,2,0,2,0,1,10,0
1529,12,5,537,36,PF,9,0,47,3,10,0.3,0,2,0.0,3,8,0.375,0.3,2,2,1.0,1,3,4,8,5,1,5,9,8,0
1974,26,5,538,24,SF,12,0,37,4,6,0.667,0,2,0.0,4,4,1.0,0.667,0,0,,1,6,7,2,1,1,2,8,8,0
2027,24,5,539,34,PG,6,0,19,3,10,0.3,2,4,0.5,1,6,0.167,0.4,0,0,,0,0,0,3,0,0,0,0,8,0
1552,26,5,540,25,SG,5,0,28,2,8,0.25,2,7,0.286,0,1,0.0,0.375,1,2,0.5,1,4,5,5,1,0,2,3,7,0
2049,26,5,541,30,SF,11,0,53,3,12,0.25,1,4,0.25,2,8,0.25,0.292,0,0,,4,10,14,4,1,1,2,11,7,0
1129,20,5,542,26,SG,8,0,37,2,10,0.2,2,7,0.286,0,3,0.0,0.3,0,0,,1,1,2,0,0,2,2,5,6,0
2117,15,5,543,26,SF,4,0,64,2,16,0.125,2,10,0.2,0,6,0.0,0.188,0,0,,4,8,12,1,4,1,2,3,6,0
2123,17,5,544,25,PG,3,0,8,2,5,0.4,0,2,0.0,2,3,0.667,0.4,2,2,1.0,0,0,0,0,0,0,1,1,6,0
1781,4,5,545,25,PG,5,0,43,1,9,0.111,1,8,0.125,0,1,0.0,0.167,2,2,1.0,1,5,6,4,0,0,1,4,5,0
2124,16,5,546,24,SG,7,0,16,2,8,0.25,0,4,0.0,2,4,0.5,0.25,1,1,1.0,0,1,1,0,0,1,2,2,5,0
1121,19,5,547,24,PG,1,0,3,2,5,0.4,0,1,0.0,2,4,0.5,0.4,0,0,,1,1,2,0,0,0,0,0,4,0
1426,22,5,548,26,SG,2,0,6,2,3,0.667,0,0,,2,3,0.667,0.667,0,0,,0,2,2,1,0,0,1,3,4,0
1521,6,5,549,26,SG,2,0,15,2,4,0.5,0,1,0.0,2,3,0.667,0.5,0,0,,1,0,1,3,0,0,1,2,4,0
1622,19,5,550,23,PF,8,0,23,1,6,0.167,0,5,0.0,1,1,1.0,0.167,2,2,1.0,0,5,5,1,2,2,2,2,4,0
1997,10,5,551,27,PG,6,0,26,2,4,0.5,0,2,0.0,2,2,1.0,0.5,0,0,,2,2,4,5,0,0,1,1,4,0
1325,21,5,552,24,SG,2,0,14,1,7,0.143,1,6,0.167,0,1,0.0,0.214,0,0,,0,0,0,4,0,0,0,0,3,0
1355,10,5,553,21,PF,6,0,18,1,6,0.167,0,1,0.0,1,5,0.2,0.167,1,2,0.5,3,4,7,1,1,3,2,2,3,0
1760,6,5,554,23,PF,8,0,27,1,6,0.167,1,1,1.0,0,5,0.0,0.25,0,2,0.0,0,3,3,0,1,0,1,2,3,0
1833,23,5,555,23,C,1,0,3,0,0,,0,0,,0,0,,,0,0,,0,1,1,0,0,0,0,0,0,0
1833,26,5,555,23,C,2,0,7,1,2,0.5,0,0,,1,2,0.5,0.5,1,2,0.5,0,0,0,0,0,0,0,1,3,0
2114,3,5,556,19,SF,2,0,24,1,5,0.2,0,3,0.0,1,2,0.5,0.2,1,2,0.5,0,4,4,3,0,1,0,0,3,0
1262,30,5,557,25,SG,2,0,5,1,2,0.5,0,0,,1,2,0.5,0.5,0,0,,2,0,2,1,2,0,1,1,2,0
1427,15,5,558,30,SG,3,0,6,1,2,0.5,0,0,,1,2,0.5,0.5,0,0,,0,2,2,0,0,1,0,0,2,0
1506,12,5,559,25,PG,3,0,11,0,1,0.0,0,0,,0,1,0.0,0.0,2,2,1.0,0,4,4,2,1,0,0,1,2,0
1780,28,5,560,24,SG,1,0,4,0,1,0.0,0,0,,0,1,0.0,0.0,2,2,1.0,2,0,2,2,1,0,0,0,2,0
1863,13,5,561,21,SG,2,0,10,1,3,0.333,0,1,0.0,1,2,0.5,0.333,0,0,,1,0,1,0,0,1,4,0,2,0
2153,12,5,562,23,SG,1,0,4,1,3,0.333,0,1,0.0,1,2,0.5,0.333,0,0,,0,0,0,0,0,0,0,0,2,0
1028,20,5,563,29,PG,20,0,45,0,6,0.0,0,6,0.0,0,0,,0.0,0,0,,0,8,8,4,2,0,2,5,0,0
1179,9,5,564,22,SG,1,0,3,0,0,,0,0,,0,0,,,0,0,,0,0,0,0,0,0,0,0,0,0
1231,19,5,565,24,PG,1,0,3,0,1,0.0,0,0,,0,1,0.0,0.0,0,0,,0,0,0,0,0,0,0,0,0,0
1345,5,5,566,24,SG,5,0,13,0,4,0.0,0,3,0.0,0,1,0.0,0.0,0,0,,0,0,0,0,1,1,0,0,0,0
1358,19,5,567,27,SF,1,0,7,0,4,0.0,0,2,0.0,0,2,0.0,0.0,0,0,,0,1,1,0,0,0,0,0,0,0
1389,23,5,568,36,SG,2,0,18,0,2,0.0,0,1,0.0,0,1,0.0,0.0,0,0,,0,2,2,1,1,0,0,1,0,0
1421,28,5,569,23,PF,1,0,4,0,0,,0,0,,0,0,,,0,0,,0,0,0,1,0,0,0,2,0,0
1505,18,5,570,28,SF,2,0,1,0,0,,0,0,,0,0,,,0,0,,0,0,0,0,0,0,0,0,0,0
1973,20,5,571,25,C,2,0,2,0,1,0.0,0,0,,0,1,0.0,0.0,0,0,,0,0,0,0,0,0,0,0,0,0
1977,23,5,572,24,PG,1,0,1,0,0,,0,0,,0,0,,,0,0,,0,0,0,0,0,0,0,0,0,0
1367,21,6,1,26,PG,76,76,2598,860,1656,0.519,163,435,0.375,697,1221,0.571,0.569,601,669,0.898,67,312,379,486,131,77,183,164,2484,0
1295,18,6,2,23,SG,79,79,2871,721,1612,0.447,320,811,0.395,401,801,0.501,0.547,415,496,0.837,61,389,450,359,91,51,249,150,2177,0
1539,8,6,3,29,C,70,70,2571,786,1364,0.576,138,331,0.417,648,1033,0.627,0.627,361,451,0.8,200,692,892,716,127,45,230,160,2071,34
1022,17,6,4,30,PF,67,67,2289,793,1319,0.601,14,63,0.222,779,1256,0.62,0.607,436,707,0.617,147,651,798,433,58,78,206,155,2036,11
2014,2,6,5,26,PF,72,72,2624,662,1465,0.452,250,728,0.343,412,737,0.559,0.537,358,440,0.814,48,575,623,431,76,38,209,157,1932,2
1101,24,6,6,28,SG,75,75,2795,654,1420,0.461,183,551,0.332,471,869,0.542,0.525,432,483,0.894,76,229,305,529,67,16,220,198,1923,0
2166,1,6,7,26,PG,76,76,2739,566,1376,0.411,218,642,0.34,348,734,0.474,0.491,491,561,0.875,36,200,236,880,91,12,355,145,1841,0
1446,16,6,8,25,SG,77,77,2725,651,1378,0.472,251,670,0.375,400,708,0.565,0.563,287,327,0.878,35,364,399,424,69,17,198,85,1840,0
1236,9,6,9,23,PG,70,70,2452,684,1457,0.469,149,418,0.356,535,1039,0.515,0.521,313,370,0.846,56,369,425,638,71,53,309,195,1830,9
1415,13,6,10,35,PG,79,79,2789,531,1295,0.41,235,668,0.352,296,627,0.472,0.501,505,578,0.874,55,401,456,687,118,55,341,162,1802,3
2051,20,6,11,29,C,72,72,2517,639,1215,0.526,142,338,0.42,497,877,0.567,0.584,339,409,0.829,212,708,920,222,71,50,192,249,1759,1
1605,5,6,12,29,SF,42,42,1432,363,710,0.511,136,305,0.446,227,405,0.56,0.607,145,182,0.797,12,190,202,189,39,10,121,64,1007,0
1605,26,6,12,29,SG,32,32,1170,262,513,0.511,103,231,0.446,159,282,0.564,0.611,90,103,0.874,10,103,113,121,19,2,87,57,717,0
1393,11,6,13,22,SG,82,82,2697,608,1437,0.423,234,661,0.354,374,776,0.482,0.505,273,336,0.813,45,332,377,282,71,27,203,127,1723,0
1238,10,6,14,36,PG,70,70,2252,564,1258,0.448,311,784,0.397,253,474,0.534,0.572,279,299,0.933,40,270,310,421,80,30,200,95,1718,0
1258,26,6,15,35,SF,77,77,2768,624,1308,0.477,84,256,0.328,540,1052,0.513,0.509,378,441,0.857,50,248,298,342,62,32,105,150,1710,0
1512,14,6,16,40,SF,70,70,2444,651,1270,0.513,149,396,0.376,502,874,0.574,0.571,259,331,0.782,72,474,546,575,70,39,260,99,1710,10
1723,6,6,17,28,SG,71,71,2232,585,1320,0.443,233,633,0.368,352,687,0.512,0.531,298,362,0.823,57,265,322,354,95,17,149,140,1701,0
1139,20,6,18,28,PG,65,65,2301,585,1200,0.488,152,397,0.383,433,803,0.539,0.551,368,448,0.821,27,160,187,475,60,8,164,138,1690,0
1289,24,6,19,36,PF,62,62,2265,592,1124,0.527,160,372,0.43,432,752,0.574,0.598,303,361,0.839,23,351,374,263,50,77,190,104,1647,0
1503,15,6,20,25,C,74,74,2207,592,1213,0.488,146,389,0.375,446,824,0.541,0.548,311,398,0.781,91,326,417,148,92,113,153,257,1641,0
1962,12,6,21,30,PF,78,78,2548,613,1182,0.519,126,324,0.389,487,858,0.568,0.572,226,308,0.734,133,407,540,263,70,42,109,189,1578,0
1353,6,6,22,25,PG,75,75,2301,554,1174,0.472,212,529,0.401,342,645,0.53,0.562,224,255,0.878,47,167,214,506,91,11,189,143,1544,0
2113,5,6,23,24,SG,74,73,2450,508,1121,0.453,216,584,0.37,292,537,0.544,0.55,277,307,0.902,25,248,273,330,69,16,177,154,1509,0
2130,21,6,24,23,SG,69,69,2237,565,1168,0.484,124,340,0.365,441,828,0.533,0.537,236,299,0.789,59,310,369,354,111,46,150,158,1490,0
1879,14,6,25,26,SG,73,73,2550,477,1037,0.46,200,531,0.377,277,506,0.547,0.556,321,366,0.877,61,268,329,421,81,22,177,151,1475,1
1336,26,6,26,27,PG,45,45,1663,414,883,0.469,92,286,0.322,322,597,0.539,0.521,204,246,0.829,45,180,225,276,66,20,133,118,1124,0
1336,27,6,26,27,PG,17,17,578,125,280,0.446,26,95,0.274,99,185,0.535,0.493,59,72,0.819,9,64,73,116,25,5,41,46,335,0
1949,11,6,27,22,C,76,76,2395,567,1143,0.496,21,90,0.233,546,1053,0.519,0.505,296,428,0.692,262,524,786,372,84,61,194,209,1451,4
2077,22,6,28,23,SF,60,60,2023,537,1161,0.463,104,352,0.295,433,809,0.535,0.507,271,311,0.871,56,286,342,284,75,21,138,147,1449,0
1623,17,6,29,34,PG,58,58,2093,444,992,0.448,197,524,0.376,247,468,0.528,0.547,362,393,0.921,29,243,272,410,70,10,162,97,1447,2
1117,20,6,30,28,SF,82,82,3036,592,1183,0.5,164,463,0.354,428,720,0.594,0.57,96,118,0.814,71,188,259,306,75,43,132,127,1444,0
1752,8,6,31,27,PG,67,67,2418,531,1121,0.474,156,397,0.393,375,724,0.518,0.543,218,246,0.886,45,216,261,403,91,33,138,128,1436,0
1004,16,6,32,27,C,78,78,2674,540,1113,0.485,79,221,0.357,461,892,0.517,0.521,251,328,0.765,185,564,749,337,98,53,161,162,1410,1
1271,7,6,33,25,PG,22,22,785,216,466,0.464,75,212,0.354,141,254,0.555,0.544,112,146,0.767,16,167,183,172,44,9,75,58,619,3
1271,14,6,33,25,PG,28,28,984,245,559,0.438,102,269,0.379,143,290,0.493,0.53,197,249,0.791,24,202,226,211,45,12,104,68,789,2
1133,2,6,34,28,SF,63,63,2158,518,1118,0.463,116,358,0.324,402,760,0.529,0.515,246,322,0.764,82,286,368,286,73,19,162,154,1398,0
1851,8,6,35,26,SF,77,77,2593,528,1048,0.504,193,489,0.395,335,559,0.599,0.596,149,194,0.768,138,402,540,165,50,38,104,157,1398,0
1847,30,6,36,25,SG,68,68,2001,457,1057,0.432,235,622,0.378,222,435,0.51,0.544,242,274,0.883,31,172,203,303,86,27,204,201,1391,0
1673,23,6,37,24,PG,52,52,1960,477,1091,0.437,161,478,0.337,316,613,0.515,0.511,254,289,0.879,15,159,174,317,91,21,124,116,1369,1
1405,12,6,38,24,PG,73,73,2451,476,1006,0.473,218,562,0.388,258,444,0.581,0.582,189,222,0.851,42,216,258,673,105,49,120,92,1359,0
2074,5,6,39,34,C,73,72,2278,550,1038,0.53,129,321,0.402,421,717,0.587,0.592,120,149,0.805,178,557,735,256,61,52,119,163,1349,1
1966,25,6,40,25,SG,70,70,2292,479,1125,0.426,215,593,0.363,264,532,0.496,0.521,175,194,0.902,25,164,189,337,60,5,143,117,1348,0
2172,13,6,41,27,C,80,80,2624,592,942,0.628,0,0,,592,942,0.628,0.628,156,236,0.661,300,710,1010,214,55,90,127,168,1340,1
1922,26,6,42,28,C,70,70,2429,527,893,0.59,65,156,0.417,462,737,0.627,0.627,218,289,0.754,267,705,972,423,48,26,202,229,1337,10
1069,9,6,43,28,SG,82,18,2283,461,1071,0.43,319,766,0.416,142,305,0.466,0.579,95,140,0.679,47,167,214,139,73,5,83,125,1336,0
1955,25,6,44,21,SG,72,52,2252,499,1104,0.452,147,472,0.311,352,632,0.557,0.519,190,242,0.785,68,256,324,198,62,16,150,120,1335,0
1027,20,6,45,27,PF,74,74,2706,489,1027,0.476,171,460,0.372,318,567,0.561,0.559,183,226,0.81,97,261,358,164,110,65,102,172,1332,0
1048,15,6,46,26,SG,69,68,2205,493,1018,0.484,164,418,0.392,329,600,0.548,0.565,177,198,0.894,62,356,418,369,80,28,169,164,1327,1
1725,6,6,47,23,PF,71,71,2167,505,906,0.557,85,230,0.37,420,676,0.621,0.604,221,305,0.725,164,495,659,226,61,113,145,141,1316,0
1861,13,6,48,31,SG,60,60,1958,457,945,0.484,179,428,0.418,278,517,0.538,0.578,213,265,0.804,21,169,190,125,73,9,108,114,1306,0
1118,4,6,49,26,PF,64,64,2029,469,1089,0.431,141,450,0.313,328,639,0.513,0.495,221,254,0.87,72,409,481,248,44,45,136,93,1300,1
1876,18,6,50,30,PF,69,69,2226,455,939,0.485,108,314,0.344,347,625,0.555,0.542,270,335,0.806,144,343,487,323,47,16,196,175,1288,0
1244,14,6,51,31,C,42,42,1440,400,758,0.528,28,94,0.298,372,664,0.56,0.546,253,321,0.788,119,380,499,141,54,90,93,82,1081,0
1244,7,6,51,31,PF,9,9,266,70,152,0.461,7,30,0.233,63,122,0.516,0.484,33,48,0.688,15,76,91,40,5,20,20,16,180,1
1054,28,6,52,23,PF,65,65,2134,474,1063,0.446,76,280,0.271,398,783,0.508,0.482,228,302,0.755,109,393,502,378,93,63,185,113,1252,1
2115,2,6,53,30,SG,76,76,2574,424,959,0.442,265,691,0.384,159,268,0.593,0.58,135,161,0.839,67,274,341,361,72,80,131,138,1248,0
1495,7,6,54,32,SG,50,50,1804,447,945,0.473,144,359,0.401,303,586,0.517,0.549,196,214,0.916,60,180,240,231,66,23,111,101,1234,0
1056,28,6,55,24,SF,58,58,1869,460,982,0.468,107,306,0.35,353,676,0.522,0.523,196,311,0.63,61,305,366,314,46,17,165,137,1223,2
1032,25,6,56,24,SF,72,54,2161,402,844,0.476,125,342,0.365,277,502,0.552,0.55,290,372,0.78,110,412,522,281,71,35,196,171,1219,2
1112,8,6,57,23,SG,79,77,2675,476,821,0.58,89,224,0.397,387,597,0.648,0.634,177,214,0.827,98,312,410,205,85,37,81,170,1218,0
1047,22,6,58,22,PF,46,46,1582,412,911,0.452,87,272,0.32,325,639,0.509,0.5,280,385,0.727,51,294,345,219,36,28,136,97,1191,0
1176,27,6,59,20,SG,81,47,2162,423,988,0.428,95,333,0.285,328,655,0.501,0.476,249,344,0.724,89,208,297,332,74,22,177,164,1190,0
1044,4,6,60,23,PG,47,47,1505,406,1003,0.405,179,528,0.339,227,475,0.478,0.494,193,229,0.843,47,185,232,346,54,13,167,157,1184,0
1681,19,6,61,33,PG,56,56,1832,444,1000,0.444,171,459,0.373,273,541,0.505,0.53,124,173,0.717,42,170,212,227,46,24,106,124,1183,0
1739,15,6,62,25,PG,50,50,1519,404,889,0.454,88,285,0.309,316,604,0.523,0.504,263,319,0.824,34,171,205,364,61,12,185,113,1159,1
1951,29,6,63,26,SG,63,61,1758,416,867,0.48,110,271,0.406,306,596,0.513,0.543,217,251,0.865,60,111,171,264,47,6,160,144,1159,0
1670,12,6,64,22,SF,72,49,2149,391,853,0.458,98,288,0.34,293,565,0.519,0.516,276,332,0.831,87,296,383,136,47,24,135,162,1156,0
1865,2,6,65,27,PG,80,3,2271,409,866,0.472,255,626,0.407,154,240,0.642,0.62,71,84,0.845,102,205,307,279,70,14,83,118,1144,0
1888,18,6,66,25,C,80,17,2200,426,923,0.462,175,462,0.379,251,461,0.544,0.556,111,143,0.776,92,388,480,181,58,72,108,189,1138,0
1360,29,6,67,21,PG,67,35,2109,359,919,0.391,174,507,0.343,185,412,0.449,0.485,233,285,0.818,26,227,253,377,46,9,183,111,1125,0
1749,19,6,68,24,SF,53,51,1854,381,839,0.454,158,438,0.361,223,401,0.556,0.548,204,230,0.887,47,221,268,188,56,39,103,112,1124,0
2060,12,6,69,28,C,72,72,2174,390,811,0.481,156,394,0.396,234,417,0.561,0.577,184,238,0.773,90,381,471,111,54,144,123,183,1120,0
1730,26,6,70,26,SG,65,45,2054,412,939,0.439,139,428,0.325,273,511,0.534,0.513,154,178,0.865,30,215,245,362,61,38,159,158,1117,0
2109,27,6,71,21,C,46,46,1527,408,857,0.476,142,403,0.352,266,454,0.586,0.559,158,189,0.836,82,424,506,168,52,176,149,105,1116,1
1013,6,6,72,26,C,82,82,2296,452,640,0.706,0,5,0.0,452,635,0.712,0.706,199,277,0.718,216,582,798,158,77,73,97,127,1103,0
1398,7,6,73,24,SG,47,12,1070,169,365,0.463,80,201,0.398,89,164,0.543,0.573,62,81,0.765,30,149,179,101,32,10,61,78,480,0
1398,23,6,73,24,SG,28,25,943,215,458,0.469,82,220,0.373,133,238,0.559,0.559,100,133,0.752,29,116,145,127,42,12,80,60,612,0
1482,1,6,74,27,SF,37,4,1064,227,492,0.461,97,247,0.393,130,245,0.531,0.56,151,176,0.858,27,118,145,57,31,5,59,88,702,0
1482,6,6,74,27,SF,27,5,676,131,270,0.485,60,141,0.426,71,129,0.55,0.596,64,78,0.821,17,96,113,35,19,8,23,67,386,0
2122,10,6,75,29,SF,43,43,1296,261,588,0.444,94,248,0.379,167,340,0.491,0.524,139,179,0.777,66,131,197,102,40,33,56,70,755,0
2122,16,6,75,29,SF,17,17,546,115,251,0.458,36,100,0.36,79,151,0.523,0.53,57,78,0.731,23,49,72,56,20,17,43,31,323,0
1240,1,6,76,21,SG,76,76,2571,455,923,0.493,80,235,0.34,375,688,0.545,0.536,83,140,0.593,124,325,449,333,229,55,155,175,1073,0
1526,3,6,77,28,PF,57,57,1800,355,747,0.475,159,408,0.39,196,339,0.578,0.582,201,225,0.893,54,193,247,194,53,25,99,104,1070,0
1125,11,6,78,29,SF,75,75,2388,384,895,0.429,186,469,0.397,198,426,0.465,0.533,99,121,0.818,75,200,275,128,60,16,76,242,1053,0
1430,20,6,79,29,SG,77,77,2897,404,770,0.525,84,252,0.333,320,518,0.618,0.579,159,205,0.776,161,576,737,453,119,27,158,201,1051,9
1630,17,6,80,36,C,80,80,2546,394,774,0.509,139,373,0.373,255,401,0.636,0.599,114,138,0.826,113,288,401,143,50,148,84,171,1041,0
2070,27,6,81,24,SG,64,53,1983,394,889,0.443,158,429,0.368,236,460,0.513,0.532,95,120,0.792,34,221,255,183,84,33,88,108,1041,0
1364,5,6,82,22,PG,70,69,2117,371,798,0.465,105,278,0.378,266,520,0.512,0.531,175,224,0.781,127,439,566,503,84,45,202,122,1022,7
1053,27,6,83,32,PF,82,82,2230,347,683,0.508,156,360,0.433,191,323,0.591,0.622,161,199,0.809,97,213,310,136,39,14,50,75,1011,0
2034,7,6,84,34,SF,72,72,1965,361,877,0.412,216,553,0.391,145,324,0.448,0.535,67,74,0.905,44,202,246,145,50,30,88,81,1005,0
1428,9,6,85,32,PF,73,73,2306,384,805,0.477,91,264,0.345,293,541,0.542,0.534,143,166,0.861,65,367,432,162,74,57,85,138,1002,0
1685,18,6,86,24,PF,82,82,2614,398,834,0.477,100,303,0.33,298,531,0.561,0.537,104,128,0.813,129,341,470,163,110,74,95,225,1000,0
2111,8,6,87,36,PG,75,36,2092,373,831,0.449,94,291,0.323,279,540,0.517,0.505,154,233,0.661,102,268,370,457,106,37,242,188,994,4
1794,1,6,88,24,C,74,40,2064,388,684,0.567,48,148,0.324,340,536,0.634,0.602,164,216,0.759,220,440,660,168,69,68,90,193,988,0
1941,3,6,89,31,PG,23,23,772,147,325,0.452,58,150,0.387,89,175,0.509,0.542,72,81,0.889,4,64,68,152,26,4,59,56,424,0
1941,10,6,89,31,SG,24,18,628,94,251,0.375,37,115,0.322,57,136,0.419,0.448,29,39,0.744,10,46,56,105,25,3,48,67,254,0
1941,9,6,89,31,PG,28,8,705,95,251,0.378,32,106,0.302,63,145,0.434,0.442,80,96,0.833,13,61,74,147,15,5,35,57,302,0
1532,27,6,90,25,SF,77,0,1838,371,770,0.482,87,274,0.318,284,496,0.573,0.538,150,194,0.773,112,259,371,125,49,22,77,115,979,0
2031,11,6,91,22,SF,69,42,2225,388,697,0.557,25,91,0.275,363,606,0.599,0.575,169,247,0.684,192,372,564,265,97,89,138,167,970,3
1151,16,6,92,35,PF,25,25,766,142,263,0.54,13,36,0.361,129,227,0.568,0.565,129,161,0.801,55,76,131,120,27,10,30,23,426,1
1151,10,6,92,35,SF,30,30,980,159,334,0.476,19,68,0.279,140,266,0.526,0.504,201,231,0.87,70,95,165,178,50,8,44,29,538,2
1596,30,6,93,29,PF,32,30,887,191,455,0.42,45,160,0.281,146,295,0.495,0.469,59,98,0.602,27,158,185,79,20,7,73,52,486,0
1596,17,6,93,29,PF,33,32,1049,179,393,0.455,51,153,0.333,128,240,0.533,0.52,69,104,0.663,27,158,185,73,16,12,73,67,478,0
1753,26,6,94,24,PF,76,76,2610,364,820,0.444,154,449,0.343,210,371,0.566,0.538,60,72,0.833,146,361,507,109,61,69,60,186,942,0
1898,1,6,95,19,SF,75,73,1843,357,779,0.458,122,344,0.355,235,435,0.54,0.537,106,149,0.711,86,182,268,92,52,37,92,149,942,0
1290,9,6,96,21,C,78,78,2034,378,546,0.692,0,0,,378,546,0.692,0.692,162,242,0.669,277,530,807,209,54,89,136,251,918,0
1657,7,6,97,27,SF,69,31,1919,362,712,0.508,60,218,0.275,302,494,0.611,0.551,130,160,0.813,76,252,328,208,70,11,112,109,914,0
2121,21,6,98,26,SG,76,26,1744,355,728,0.488,130,339,0.383,225,389,0.578,0.577,74,89,0.831,81,214,295,134,60,18,69,101,914,0
1449,10,6,99,32,SG,82,22,1863,328,786,0.417,203,549,0.37,125,237,0.527,0.546,53,64,0.828,51,213,264,134,69,23,91,132,912,0
1809,23,6,100,29,SF,60,57,2078,348,741,0.47,71,242,0.293,277,499,0.555,0.518,139,185,0.751,97,271,368,108,92,30,80,180,906,0
1068,24,6,101,31,SG,53,38,1702,345,694,0.497,102,264,0.386,243,430,0.565,0.571,110,137,0.803,34,143,177,195,58,28,99,136,902,0
1656,29,6,102,27,PF,47,47,1476,296,700,0.423,138,399,0.346,158,301,0.525,0.521,162,185,0.876,72,206,278,70,33,17,66,79,892,0
1158,25,6,103,24,PF,78,78,2548,328,716,0.458,135,360,0.375,193,356,0.542,0.552,91,126,0.722,173,277,450,175,116,50,109,230,882,0
1521,6,6,104,27,SG,70,3,1393,319,618,0.516,111,253,0.439,208,365,0.57,0.606,129,148,0.872,50,123,173,237,78,3,92,102,878,0
1269,7,6,105,31,PG,79,30,2136,284,682,0.416,109,326,0.334,175,356,0.492,0.496,195,243,0.802,18,191,209,349,70,17,102,121,872,0
1934,30,6,106,19,C,67,67,1814,326,828,0.394,105,341,0.308,221,487,0.454,0.457,112,165,0.679,124,311,435,161,44,101,114,146,869,0
1372,18,6,107,32,C,72,72,2389,341,510,0.669,0,0,,341,510,0.669,0.669,184,273,0.674,265,520,785,127,56,104,89,182,866,0
1414,9,6,108,32,SG,77,77,2153,276,680,0.406,168,457,0.368,108,223,0.484,0.529,124,145,0.855,18,165,183,123,38,7,48,96,844,0
2068,11,6,109,30,PG,60,60,2111,287,759,0.378,159,461,0.345,128,298,0.43,0.483,111,137,0.81,32,189,221,333,94,25,87,140,844,0
2065,30,6,110,32,C,49,12,983,231,422,0.547,7,27,0.259,224,395,0.567,0.556,95,106,0.896,120,284,404,108,22,28,88,97,564,0
2065,26,6,110,32,C,32,9,541,114,205,0.556,1,10,0.1,113,195,0.579,0.559,50,59,0.847,70,153,223,56,15,18,32,84,279,0
1533,3,6,111,22,SG,79,56,1925,303,779,0.389,126,401,0.314,177,378,0.468,0.47,107,139,0.77,63,234,297,175,82,30,116,209,839,0
1438,25,6,112,20,PG,66,10,1759,287,685,0.419,105,297,0.354,182,388,0.469,0.496,158,206,0.767,52,146,198,335,68,13,177,181,837,0
2097,7,6,113,26,PF,57,56,1835,301,665,0.453,91,239,0.381,210,426,0.493,0.521,143,198,0.722,82,360,442,131,63,60,118,131,836,0
2048,12,6,114,26,PF,79,4,1545,317,599,0.529,110,301,0.365,207,298,0.695,0.621,89,114,0.781,56,262,318,128,46,28,68,108,833,0
1555,24,6,115,28,PG,81,58,2174,306,683,0.448,166,401,0.414,140,282,0.496,0.57,51,57,0.895,40,156,196,429,69,8,91,63,829,0
1842,28,6,116,29,C,57,56,1686,363,579,0.627,1,3,0.333,362,576,0.628,0.628,97,144,0.674,189,358,547,158,66,71,111,176,824,0
2054,17,6,117,26,SG,74,9,1893,283,657,0.431,180,433,0.416,103,224,0.46,0.568,78,92,0.848,20,148,168,87,72,4,42,124,824,0
2108,15,6,118,21,SG,79,74,2043,287,676,0.425,138,392,0.352,149,284,0.525,0.527,111,135,0.822,87,181,268,135,44,8,69,146,823,0
1854,2,6,119,29,C,42,42,1210,277,574,0.483,103,250,0.412,174,324,0.537,0.572,161,199,0.809,68,216,284,87,31,63,53,116,818,0
1902,16,6,120,30,SF,74,37,1786,290,663,0.437,190,483,0.393,100,180,0.556,0.581,47,53,0.887,18,149,167,176,40,6,86,135,817,0
1181,27,6,121,23,SF,82,29,1932,276,665,0.415,178,480,0.371,98,185,0.53,0.549,85,94,0.904,67,251,318,111,61,35,74,114,815,0
1006,15,6,122,24,PF,65,16,1660,313,648,0.483,120,326,0.368,193,322,0.599,0.576,65,94,0.691,94,322,416,188,52,29,71,76,811,0
1166,30,6,123,19,PG,82,57,2458,300,748,0.401,138,407,0.339,162,341,0.475,0.493,69,85,0.812,33,308,341,364,54,21,141,190,807,0
1615,13,6,124,33,SF,37,37,1180,310,623,0.498,78,190,0.411,232,433,0.536,0.56,98,121,0.81,35,184,219,116,59,17,72,56,796,0
1772,6,6,125,31,PF,51,1,1053,166,348,0.477,90,225,0.4,76,123,0.618,0.606,23,29,0.793,34,155,189,67,17,7,48,129,445,0
1772,1,6,125,31,PF,28,2,644,120,272,0.441,76,184,0.413,44,88,0.5,0.581,23,29,0.793,13,70,83,44,11,7,34,72,339,0
1545,13,6,126,27,SF,77,55,1873,310,589,0.526,78,219,0.356,232,370,0.627,0.593,83,118,0.703,93,170,263,60,79,33,66,153,781,0
1838,15,6,127,24,PG,79,21,1683,285,594,0.48,87,219,0.397,198,375,0.528,0.553,122,171,0.713,65,194,259,347,103,30,138,203,779,1
1264,28,6,128,21,SG,54,54,1587,265,647,0.41,114,326,0.35,151,321,0.47,0.498,133,155,0.858,44,149,193,98,48,10,83,120,777,0
1618,6,6,129,30,SF,38,3,904,135,298,0.453,60,148,0.405,75,150,0.5,0.554,58,83,0.699,22,85,107,140,33,19,51,48,388,0
1618,1,6,129,30,SG,26,0,692,145,301,0.482,46,136,0.338,99,165,0.6,0.558,52,72,0.722,19,77,96,75,24,14,25,51,388,0
1403,14,6,130,26,PF,59,57,1869,293,576,0.509,102,247,0.413,191,329,0.581,0.597,87,113,0.77,79,216,295,83,45,26,49,105,775,0
1009,18,6,131,26,SG,82,10,2073,270,616,0.438,141,370,0.381,129,246,0.524,0.553,92,118,0.78,54,211,265,223,50,34,99,139,773,0
1950,29,6,132,21,SF,71,15,1432,275,599,0.459,157,372,0.422,118,227,0.52,0.59,65,73,0.89,42,168,210,110,46,8,107,111,772,0
1850,13,6,133,24,SG,45,2,884,172,407,0.423,26,106,0.245,146,301,0.485,0.455,49,76,0.645,29,131,160,144,43,11,84,70,419,0
1850,17,6,133,24,SG,30,2,598,121,245,0.494,29,71,0.408,92,174,0.529,0.553,81,93,0.871,13,105,118,112,38,2,52,49,352,1
2160,23,6,134,29,C,70,43,1895,282,563,0.501,104,274,0.38,178,289,0.616,0.593,100,138,0.725,134,261,395,148,58,24,87,164,768,0
1209,29,6,135,27,PF,40,31,1220,280,531,0.527,59,148,0.399,221,383,0.577,0.583,139,164,0.848,89,238,327,80,39,40,103,116,758,0
1522,21,6,136,25,SG,74,16,1604,259,588,0.44,192,466,0.412,67,122,0.549,0.604,46,56,0.821,41,155,196,119,48,9,38,113,756,0
2147,3,6,137,24,PF,79,22,2031,246,620,0.397,122,362,0.337,124,258,0.481,0.495,135,165,0.818,75,195,270,145,40,5,79,164,749,0
1192,14,6,138,21,SG,46,25,1154,128,288,0.444,60,163,0.368,68,125,0.544,0.549,74,87,0.851,25,98,123,66,35,21,39,73,390,0
1192,7,6,138,21,SG,32,11,973,124,302,0.411,55,151,0.364,69,151,0.457,0.502,56,65,0.862,13,122,135,80,29,10,49,42,359,0
1377,8,6,139,29,PF,51,42,1447,264,497,0.531,75,172,0.436,189,325,0.582,0.607,145,179,0.81,80,167,247,164,23,14,73,82,748,0
1841,10,6,140,21,SG,64,33,1716,280,629,0.445,115,309,0.372,165,320,0.516,0.537,72,95,0.758,65,260,325,220,69,13,75,95,747,0
2144,19,6,141,24,PF,30,30,857,288,508,0.567,3,13,0.231,285,495,0.576,0.57,158,241,0.656,76,140,216,159,37,27,90,82,737,2
1087,22,6,142,21,PG,78,10,1887,262,620,0.423,62,195,0.318,200,425,0.471,0.473,150,197,0.761,52,178,230,240,86,48,139,166,736,0
1919,14,6,143,28,PG,29,10,763,129,311,0.415,56,168,0.333,73,143,0.51,0.505,45,53,0.849,8,72,80,136,23,4,50,53,359,0
1919,3,6,143,28,PG,29,26,717,120,327,0.367,57,192,0.297,63,135,0.467,0.454,76,92,0.826,12,70,82,161,33,19,58,62,373,0
1221,30,6,144,20,SF,59,59,1948,263,624,0.421,63,224,0.281,200,400,0.5,0.472,138,185,0.746,91,203,294,199,78,41,125,139,727,1
1199,3,6,145,25,C,70,62,1882,320,568,0.563,5,21,0.238,315,547,0.576,0.568,79,154,0.513,157,358,515,157,62,100,87,150,724,0
1732,10,6,146,22,SG,74,34,1649,246,568,0.433,126,337,0.374,120,231,0.519,0.544,106,133,0.797,52,137,189,96,59,31,54,116,724,0
1270,18,6,147,28,SG,62,10,1606,250,593,0.422,174,438,0.397,76,155,0.49,0.568,49,63,0.778,32,196,228,225,73,17,99,114,723,0
1821,27,6,148,39,PG,82,82,2292,249,583,0.427,140,371,0.377,109,212,0.514,0.547,85,92,0.924,33,263,296,605,103,22,129,151,723,0
1682,12,6,149,32,PG,79,1,1415,324,624,0.519,15,49,0.306,309,575,0.537,0.531,57,77,0.74,44,149,193,351,83,21,109,79,720,0
1273,21,6,150,25,SF,71,71,2073,258,593,0.435,170,413,0.412,88,180,0.489,0.578,33,46,0.717,89,204,293,115,79,39,51,208,719,0
1594,10,6,151,22,PF,47,10,1144,258,568,0.454,46,151,0.305,212,417,0.508,0.495,157,235,0.668,56,161,217,104,38,21,71,90,719,0
1580,14,6,152,23,SF,78,16,1494,257,557,0.461,128,340,0.376,129,217,0.594,0.576,64,84,0.762,37,179,216,66,24,8,37,93,706,0
1577,30,6,153,25,SF,61,0,1602,255,565,0.451,120,330,0.364,135,235,0.574,0.558,75,88,0.852,36,145,181,103,26,14,64,98,705,0
1348,7,6,154,26,C,57,31,1226,283,403,0.702,0,0,,283,403,0.702,0.702,135,196,0.689,155,233,388,80,23,102,66,152,701,0
1983,11,6,155,21,PF,57,39,1716,248,566,0.438,98,277,0.354,150,289,0.519,0.525,104,126,0.825,105,294,399,60,25,41,61,123,698,0
1206,13,6,156,27,SG,72,13,1748,240,510,0.471,101,247,0.409,139,263,0.529,0.57,115,129,0.891,32,129,161,77,40,7,45,120,696,0
1321,29,6,157,21,C,72,27,1522,260,518,0.502,77,220,0.35,183,298,0.614,0.576,93,143,0.65,112,328,440,140,48,22,102,171,690,0
1153,5,6,158,20,SF,80,31,1511,252,555,0.454,96,266,0.361,156,289,0.54,0.541,88,108,0.815,55,223,278,79,29,75,74,128,688,0
1291,11,6,159,23,PF,57,16,1420,272,559,0.487,63,184,0.342,209,375,0.557,0.543,79,104,0.76,128,234,362,83,97,50,65,136,686,0
1459,2,6,160,34,PG,62,62,1896,254,573,0.443,108,306,0.353,146,267,0.547,0.538,70,77,0.909,76,189,265,239,66,27,77,101,686,0
1478,26,6,161,26,SG,43,15,899,128,310,0.413,62,205,0.302,66,105,0.629,0.513,20,28,0.714,19,101,120,74,36,16,37,70,338,0
1478,5,6,161,26,SG,26,16,780,129,294,0.439,70,186,0.376,59,108,0.546,0.558,15,21,0.714,11,74,85,82,30,7,30,51,343,0
1012,24,6,162,29,SG,64,7,1544,219,489,0.448,149,350,0.426,70,139,0.504,0.6,93,114,0.816,34,160,194,137,54,19,75,95,680,0
1530,1,6,163,23,SF,36,36,1284,271,542,0.5,44,141,0.312,227,401,0.566,0.541,94,126,0.746,62,297,359,181,56,36,106,67,680,1
1804,24,6,164,31,SF,75,22,1837,241,570,0.423,179,441,0.406,62,129,0.481,0.58,19,26,0.731,53,296,349,163,67,34,65,151,680,0
1853,17,6,165,29,PF,49,7,1244,277,595,0.466,65,178,0.365,212,417,0.508,0.52,61,73,0.836,90,321,411,104,35,26,57,94,680,0
1916,16,6,166,30,PG,64,23,1658,248,635,0.391,91,308,0.295,157,327,0.48,0.462,92,108,0.852,44,194,238,167,37,14,78,73,679,0
1382,25,6,167,30,PF,47,47,1524,214,574,0.373,108,296,0.365,106,278,0.381,0.467,141,166,0.849,26,137,163,101,41,46,65,109,677,0
1157,22,6,168,31,SG,77,77,2279,239,544,0.439,113,330,0.342,126,214,0.589,0.543,82,95,0.863,33,136,169,136,99,34,62,136,673,0
2138,4,6,169,23,C,44,41,1171,270,447,0.604,0,4,0.0,270,443,0.609,0.604,131,163,0.804,132,315,447,109,32,54,71,105,671,0
1005,28,6,170,24,SG,64,45,1739,266,534,0.498,101,253,0.399,165,281,0.587,0.593,34,48,0.708,61,181,242,98,58,30,54,125,667,0
1304,26,6,171,25,SG,80,28,1948,227,464,0.489,139,321,0.433,88,143,0.615,0.639,73,86,0.849,60,152,212,120,121,63,71,176,666,0
1362,23,6,172,34,PF,41,41,1334,245,570,0.43,96,268,0.358,149,302,0.493,0.514,79,97,0.814,24,195,219,178,75,20,106,101,665,0
1720,19,6,173,20,C,73,67,1956,269,492,0.547,0,1,0.0,269,491,0.548,0.547,127,204,0.623,255,346,601,99,37,98,82,145,665,0
1864,17,6,174,30,SF,80,73,2166,235,514,0.457,147,335,0.439,88,179,0.492,0.6,39,48,0.813,34,253,287,155,76,15,82,165,656,0
1763,12,6,175,25,SG,65,65,1881,247,539,0.458,51,175,0.291,196,364,0.538,0.506,108,136,0.794,34,182,216,326,79,11,112,149,653,0
1571,29,6,176,23,C,58,58,1740,278,419,0.663,6,34,0.176,272,385,0.706,0.671,79,152,0.52,266,441,707,97,36,138,86,130,641,0
1429,21,6,177,26,C,57,53,1590,279,480,0.581,0,19,0.0,279,461,0.605,0.581,79,117,0.675,163,448,611,219,47,62,96,171,637,0
2145,3,6,178,23,SF,63,45,1541,214,520,0.412,103,302,0.341,111,218,0.509,0.511,101,123,0.821,61,226,287,84,62,28,67,149,632,0
1026,22,6,179,24,PG,67,22,1234,230,543,0.424,77,218,0.353,153,325,0.471,0.494,93,113,0.823,46,158,204,191,45,32,103,151,630,0
1172,22,6,180,25,C,68,51,1758,226,491,0.46,37,158,0.234,189,333,0.568,0.498,129,175,0.737,151,341,492,134,52,41,77,199,618,0
1993,27,6,181,21,PF,54,23,1364,251,469,0.535,28,91,0.308,223,378,0.59,0.565,87,125,0.696,127,225,352,128,45,27,84,131,617,0
1208,29,6,182,20,PG,71,46,1839,234,555,0.422,42,169,0.249,192,386,0.497,0.459,105,154,0.682,32,203,235,446,66,16,208,149,615,0
1390,10,6,183,34,PF,68,66,1983,216,509,0.424,80,246,0.325,136,263,0.517,0.503,101,147,0.687,74,340,414,383,99,70,174,219,613,1
1677,20,6,184,24,SG,64,10,1593,222,547,0.406,115,312,0.369,107,235,0.455,0.511,52,64,0.813,47,114,161,187,67,17,41,108,611,0
1293,15,6,185,22,C,66,55,1416,251,433,0.58,18,52,0.346,233,381,0.612,0.6,90,127,0.709,232,316,548,65,36,85,88,182,610,0
1432,2,6,186,27,PF,71,19,1541,214,474,0.451,166,399,0.416,48,75,0.64,0.627,11,11,1.0,44,180,224,64,41,13,23,87,605,0
1433,19,6,187,22,SG,56,9,1321,207,556,0.372,110,332,0.331,97,224,0.433,0.471,80,98,0.816,25,133,158,66,30,23,58,51,604,0
1198,29,6,188,32,SG,37,9,962,201,493,0.408,84,232,0.362,117,261,0.448,0.493,114,143,0.797,25,93,118,138,31,9,86,52,600,0
2026,3,6,189,23,SG,25,23,781,199,454,0.438,68,195,0.349,131,259,0.506,0.513,133,151,0.881,15,68,83,94,15,2,62,44,599,0
2094,16,6,190,20,C,64,36,1422,257,464,0.554,35,111,0.315,222,353,0.629,0.592,46,67,0.687,116,357,473,60,39,71,57,111,595,0
2032,9,6,191,22,SF,59,48,1328,246,460,0.535,11,49,0.224,235,411,0.572,0.547,91,142,0.641,111,192,303,134,98,40,80,164,594,0
1986,4,6,192,20,SG,60,27,1369,222,568,0.391,104,306,0.34,118,262,0.45,0.482,43,46,0.935,13,115,128,145,17,6,82,79,591,0
1361,30,6,193,21,SG,68,38,1802,203,546,0.372,114,354,0.322,89,192,0.464,0.476,70,93,0.753,49,236,285,169,68,50,97,201,590,0
2005,8,6,194,22,SG,65,4,1384,210,486,0.432,94,269,0.349,116,217,0.535,0.529,74,90,0.822,17,125,142,83,39,16,57,151,588,0
1722,28,6,195,26,PG,44,22,1080,106,244,0.434,42,117,0.359,64,127,0.504,0.52,25,37,0.676,16,69,85,203,31,8,78,116,279,0
1722,16,6,195,26,PG,30,15,947,117,232,0.504,42,94,0.447,75,138,0.543,0.595,33,47,0.702,19,63,82,160,41,8,50,69,309,0
1092,1,6,196,32,SG,24,0,598,83,224,0.371,44,146,0.301,39,78,0.5,0.469,30,34,0.882,12,54,66,49,20,6,37,57,240,0
1092,13,6,196,32,SG,30,4,750,127,268,0.474,61,143,0.427,66,125,0.528,0.588,28,32,0.875,12,81,93,97,21,5,37,70,343,0
1213,18,6,197,37,PG,71,64,1756,187,468,0.4,127,310,0.41,60,158,0.38,0.535,81,90,0.9,32,150,182,319,79,14,75,111,582,0
1016,19,6,198,26,PG,56,23,1366,204,521,0.392,111,309,0.359,93,212,0.439,0.498,60,74,0.811,27,109,136,259,74,14,86,91,579,0
1034,25,6,199,26,C,40,40,1206,265,468,0.566,6,32,0.188,259,436,0.594,0.573,40,60,0.667,124,282,406,64,31,39,69,88,576,0
1569,15,6,200,28,SG,65,11,1472,206,431,0.478,113,261,0.433,93,170,0.547,0.609,51,57,0.895,37,146,183,215,50,5,72,59,576,0
1559,29,6,201,23,SG,64,18,1270,204,475,0.429,118,314,0.376,86,161,0.534,0.554,45,53,0.849,42,142,184,68,39,8,36,126,571,0
1515,16,6,202,23,SF,66,17,1368,213,462,0.461,37,119,0.311,176,343,0.513,0.501,107,142,0.754,84,206,290,166,61,14,98,81,570,1
1708,4,6,203,22,SF,27,27,924,198,491,0.403,104,293,0.355,94,198,0.475,0.509,68,79,0.861,25,106,131,98,29,20,76,74,568,0
2086,21,6,204,21,SG,68,43,1876,232,489,0.474,74,208,0.356,158,281,0.562,0.55,30,37,0.811,71,158,229,173,120,35,59,145,568,0
2007,22,6,205,23,PG,35,35,1002,197,481,0.41,76,242,0.314,121,239,0.506,0.489,97,110,0.882,23,118,141,129,51,33,102,98,567,0
1274,5,6,206,25,SG,46,26,1394,221,449,0.492,62,189,0.328,159,260,0.612,0.561,62,79,0.785,26,135,161,208,43,18,69,105,566,1
2141,5,6,207,23,PF,63,36,1576,205,516,0.397,96,272,0.353,109,244,0.447,0.49,60,83,0.723,43,194,237,124,48,32,86,88,566,0
1872,28,6,208,25,PG,33,33,918,184,438,0.42,85,225,0.378,99,213,0.465,0.517,111,128,0.867,16,101,117,191,23,4,58,61,564,0
1049,25,6,209,25,PG,67,7,1120,198,507,0.391,72,222,0.324,126,285,0.442,0.462,91,125,0.728,30,105,135,160,43,34,86,58,559,0
2106,8,6,210,22,SF,68,18,1656,204,428,0.477,48,136,0.353,156,292,0.534,0.533,95,137,0.693,47,186,233,94,48,93,56,123,551,0
1322,3,6,211,31,PF,20,20,579,73,159,0.459,47,108,0.435,26,51,0.51,0.607,15,24,0.625,31,60,91,31,18,12,18,54,208,0
1322,14,6,211,31,PF,43,20,1239,122,276,0.442,82,206,0.398,40,70,0.571,0.591,15,21,0.714,49,107,156,59,40,11,38,82,341,0
1180,30,6,212,23,SF,62,31,1340,210,411,0.511,74,193,0.383,136,218,0.624,0.601,50,73,0.685,112,239,351,60,65,39,54,110,544,0
1751,19,6,213,28,PG,31,31,1012,194,494,0.393,52,174,0.299,142,320,0.444,0.445,102,124,0.823,17,183,200,228,63,12,106,61,542,1
1388,17,6,214,25,SG,73,7,1659,182,424,0.429,155,363,0.427,27,61,0.443,0.612,22,27,0.815,18,156,174,108,37,7,40,157,541,0
1766,12,6,215,25,SF,45,37,1122,192,379,0.507,84,195,0.431,108,184,0.587,0.617,73,80,0.913,37,141,178,54,35,17,37,114,541,0
1150,30,6,216,24,PG,32,0,362,85,176,0.483,15,41,0.366,70,135,0.519,0.526,35,45,0.778,14,27,41,82,12,5,29,40,220,0
1150,23,6,216,24,SG,28,17,682,118,277,0.426,45,128,0.352,73,149,0.49,0.507,40,46,0.87,11,58,69,138,30,8,51,57,321,0
1469,2,6,217,38,C,60,42,1659,195,461,0.423,114,314,0.363,81,147,0.551,0.547,34,38,0.895,79,290,369,128,36,51,46,81,538,0
1195,15,6,218,28,PF,64,18,1207,236,380,0.621,1,17,0.059,235,363,0.647,0.622,61,87,0.701,127,199,326,66,52,36,41,145,534,0
1243,22,6,219,23,SF,74,38,1629,199,483,0.412,80,239,0.335,119,244,0.488,0.495,55,63,0.873,73,172,245,113,33,18,56,94,533,0
1957,28,6,220,22,PG,75,11,1467,204,504,0.405,72,223,0.323,132,281,0.47,0.476,53,69,0.768,30,85,115,316,58,10,117,158,533,0
1222,23,6,221,23,SF,73,12,1250,177,463,0.382,55,213,0.258,122,250,0.488,0.442,123,153,0.804,51,163,214,97,32,13,52,67,532,0
1893,4,6,222,27,C,21,9,440,64,114,0.561,0,1,0.0,64,113,0.566,0.561,59,87,0.678,51,107,158,28,7,26,33,48,187,0
1893,24,6,222,27,C,36,34,816,141,233,0.605,0,1,0.0,141,232,0.608,0.605,60,73,0.822,97,211,308,21,7,29,48,93,342,0
1497,9,6,223,22,SG,30,30,898,190,413,0.46,63,154,0.409,127,259,0.49,0.536,85,116,0.733,40,84,124,119,28,11,89,67,528,0
1982,5,6,224,24,C,64,2,962,190,408,0.466,72,222,0.324,118,186,0.634,0.554,72,89,0.809,89,268,357,65,17,44,37,95,524,0
1665,3,6,225,25,SG,60,11,1315,189,465,0.406,99,282,0.351,90,183,0.492,0.513,46,58,0.793,58,161,219,122,34,9,74,77,523,0
1461,9,6,226,19,SF,81,2,1266,197,416,0.474,36,151,0.238,161,265,0.608,0.517,92,122,0.754,40,178,218,82,49,17,72,141,522,0
1652,13,6,227,28,SG,37,12,732,87,195,0.446,26,75,0.347,61,120,0.508,0.513,23,32,0.719,32,75,107,59,28,11,25,68,223,0
1652,1,6,227,28,SG,30,1,682,118,218,0.541,34,88,0.386,84,130,0.646,0.619,24,36,0.667,36,56,92,62,19,4,22,60,294,0
1288,24,6,228,22,SF,74,44,1410,205,477,0.43,82,264,0.311,123,213,0.577,0.516,19,39,0.487,92,175,267,57,44,40,40,162,511,0
1702,6,6,229,28,SG,71,4,1401,172,424,0.406,137,368,0.372,35,56,0.625,0.567,28,29,0.966,38,119,157,108,53,14,35,124,509,0
1395,4,6,230,24,SG,68,67,1887,180,421,0.428,97,248,0.391,83,173,0.48,0.543,49,72,0.681,56,116,172,108,74,15,70,165,506,0
1083,22,6,231,25,C,70,42,1430,207,339,0.611,3,28,0.107,204,311,0.656,0.615,85,133,0.639,167,296,463,137,49,98,72,150,502,0
1103,28,6,232,32,PF,50,0,862,182,370,0.492,70,193,0.363,112,177,0.633,0.586,68,87,0.782,70,154,224,33,24,25,29,68,502,0
1822,20,6,233,30,PG,72,5,1090,179,446,0.401,93,256,0.363,86,190,0.453,0.506,49,54,0.907,14,90,104,203,39,16,52,111,500,0
1416,7,6,234,22,SG,57,3,907,180,414,0.435,76,197,0.386,104,217,0.479,0.527,60,86,0.698,9,80,89,81,28,5,82,90,496,0
1558,16,6,235,21,PF,46,10,1156,172,377,0.456,78,210,0.371,94,167,0.563,0.56,72,87,0.828,26,154,180,131,38,13,60,82,494,0
1162,1,6,236,30,C,55,41,1176,218,390,0.559,0,1,0.0,218,389,0.56,0.559,52,97,0.536,174,295,469,62,34,53,47,106,488,0
1465,21,6,237,22,C,32,32,877,167,341,0.49,44,116,0.379,123,225,0.547,0.554,101,134,0.754,48,209,257,63,23,71,56,72,479,0
1450,16,6,238,28,SF,74,42,1818,179,391,0.458,89,233,0.382,90,158,0.57,0.572,31,43,0.721,72,180,252,112,68,37,54,164,478,0
2118,11,6,239,20,SF,51,3,827,179,403,0.444,65,183,0.355,114,220,0.518,0.525,54,72,0.75,36,115,151,49,31,13,46,44,477,0
1287,13,6,240,30,PG,74,58,1783,192,437,0.439,75,224,0.335,117,213,0.549,0.525,15,22,0.682,53,198,251,210,128,27,74,197,474,0
2006,6,6,241,28,SF,50,37,1273,165,373,0.442,113,293,0.386,52,80,0.65,0.594,28,34,0.824,53,164,217,158,26,12,54,104,471,0
2082,12,6,242,21,PF,75,5,1187,170,360,0.472,75,185,0.405,95,175,0.543,0.576,46,69,0.667,25,204,229,110,54,25,78,115,461,0
2072,14,6,243,28,PG,72,11,1527,168,420,0.4,109,309,0.353,59,111,0.532,0.53,15,21,0.714,20,72,92,98,51,13,41,152,460,0
1603,15,6,244,23,PF,47,0,982,118,241,0.49,40,90,0.444,78,151,0.517,0.573,67,96,0.698,67,138,205,133,44,20,69,92,343,0
1603,26,6,244,23,PF,19,0,367,42,96,0.438,20,52,0.385,22,44,0.5,0.542,11,19,0.579,23,31,54,25,18,3,17,40,115,0
1784,24,6,245,30,C,25,23,592,74,163,0.454,19,59,0.322,55,104,0.529,0.512,48,69,0.696,46,183,229,47,23,16,57,78,215,0
1784,4,6,245,30,C,26,9,471,94,189,0.497,13,46,0.283,81,143,0.566,0.532,37,59,0.627,39,130,169,68,17,18,40,52,238,0
1305,23,6,246,30,C,19,19,574,140,315,0.444,23,77,0.299,117,238,0.492,0.481,149,169,0.882,36,119,155,85,14,18,62,42,452,1
1640,26,6,247,29,PF,69,5,1349,157,374,0.42,81,238,0.34,76,136,0.559,0.528,56,80,0.7,80,236,316,82,41,23,39,86,451,0
2102,3,6,248,24,PF,44,6,913,164,350,0.469,29,88,0.33,135,262,0.515,0.51,93,122,0.762,37,123,160,115,27,12,83,95,450,0
2091,28,6,249,20,SG,52,18,1103,159,393,0.405,65,186,0.349,94,207,0.454,0.487,66,83,0.795,59,101,160,81,43,10,50,95,449,0
1102,19,6,250,23,SG,42,10,993,166,381,0.436,49,140,0.35,117,241,0.485,0.5,67,85,0.788,28,106,134,92,53,9,52,73,448,0
1329,9,6,251,29,SF,75,0,1237,150,373,0.402,76,227,0.335,74,146,0.507,0.504,70,84,0.833,52,163,215,65,31,12,54,95,446,0
1298,23,6,252,21,SF,44,26,1155,172,378,0.455,69,190,0.363,103,188,0.548,0.546,32,46,0.696,46,102,148,69,45,16,49,98,445,0
1237,4,6,253,34,SG,68,14,1062,164,343,0.478,83,182,0.456,81,161,0.503,0.599,33,39,0.846,24,89,113,60,27,7,32,59,444,0
1590,2,6,254,29,C,73,16,1361,187,280,0.668,0,3,0.0,187,277,0.675,0.668,67,97,0.691,190,198,388,117,36,71,31,119,441,0
1705,17,6,255,33,SF,23,7,534,108,211,0.512,35,86,0.407,73,125,0.584,0.595,39,46,0.848,5,80,85,102,17,5,37,52,290,0
1705,30,6,255,33,SF,14,14,309,52,126,0.413,13,47,0.277,39,79,0.494,0.464,33,38,0.868,8,44,52,48,18,3,19,23,150,0
1479,15,6,256,26,C,64,2,748,157,305,0.515,81,200,0.405,76,105,0.724,0.648,44,56,0.786,30,99,129,38,16,56,34,78,439,0
1204,25,6,257,20,C,67,37,1324,180,334,0.539,14,49,0.286,166,285,0.582,0.56,62,104,0.596,217,310,527,77,34,110,72,189,436,0
2134,21,6,258,30,PF,69,7,1132,171,354,0.483,66,171,0.386,105,183,0.574,0.576,28,39,0.718,65,176,241,97,43,10,39,110,436,0
2004,9,6,259,23,C,72,4,1434,176,315,0.559,17,53,0.321,159,262,0.607,0.586,66,87,0.759,130,269,399,123,28,101,68,183,435,0
1142,16,6,260,27,C,10,0,115,12,28,0.429,6,17,0.353,6,11,0.545,0.536,11,11,1.0,6,26,32,4,1,9,2,9,41,0
1142,12,6,260,27,C,56,8,848,151,293,0.515,42,131,0.321,109,162,0.673,0.587,44,53,0.83,77,142,219,49,27,32,28,67,388,0
1205,3,6,261,20,PF,46,20,1042,133,372,0.358,87,261,0.333,46,111,0.414,0.474,67,80,0.838,43,138,181,40,24,21,46,105,420,0
1062,28,6,262,23,SF,59,10,1042,149,347,0.429,105,259,0.405,44,88,0.5,0.581,16,18,0.889,37,121,158,53,17,10,27,92,419,0
1905,19,6,263,24,PF,66,9,1239,158,347,0.455,56,164,0.341,102,183,0.557,0.536,46,55,0.836,110,205,315,88,39,7,51,79,418,0
1592,1,6,264,24,PG,57,16,1153,145,292,0.497,90,206,0.437,55,86,0.64,0.651,32,45,0.711,22,134,156,147,36,26,50,105,412,0
1508,10,6,265,24,C,62,37,967,174,302,0.576,0,3,0.0,174,299,0.582,0.576,59,102,0.578,122,189,311,104,23,38,45,73,407,0
1211,27,6,266,27,C,36,4,425,61,132,0.462,14,46,0.304,47,86,0.547,0.515,31,35,0.886,38,63,101,52,14,15,23,70,167,0
1211,5,6,266,27,PF,28,8,552,92,170,0.541,18,60,0.3,74,110,0.673,0.594,38,43,0.884,64,123,187,59,15,14,37,62,240,0
1259,4,6,267,23,C,71,8,1241,167,280,0.596,0,6,0.0,167,274,0.609,0.596,69,116,0.595,187,251,438,56,46,40,61,109,403,0
1493,19,6,268,27,SF,18,18,595,155,333,0.465,43,115,0.374,112,218,0.514,0.53,47,55,0.855,17,83,100,93,16,11,69,45,400,0
1824,10,6,269,32,SG,62,11,927,171,298,0.574,31,95,0.326,140,203,0.69,0.626,27,38,0.711,53,132,185,83,52,17,39,108,400,0
1954,3,6,270,23,C,50,2,908,165,317,0.521,11,45,0.244,154,272,0.566,0.538,56,74,0.757,149,181,330,91,41,42,63,113,397,0
1727,28,6,271,23,PF,63,18,1286,156,356,0.438,17,70,0.243,139,286,0.486,0.462,60,82,0.732,109,202,311,146,55,34,70,136,389,1
2078,22,6,272,27,C,30,1,564,140,249,0.562,27,75,0.36,113,174,0.649,0.616,79,110,0.718,40,108,148,42,24,12,49,55,386,0
1649,27,6,273,25,PF,61,0,681,141,281,0.502,60,161,0.373,81,120,0.675,0.609,43,58,0.741,62,125,187,48,22,17,26,60,385,0
1801,28,6,274,33,C,24,2,383,59,118,0.5,19,43,0.442,40,75,0.533,0.581,34,43,0.791,25,64,89,56,16,8,35,59,171,0
1801,19,6,274,33,C,20,20,508,75,150,0.5,14,36,0.389,61,114,0.535,0.547,49,65,0.754,37,80,117,72,17,11,41,64,213,0
1434,14,6,275,24,C,56,35,1093,161,223,0.722,0,3,0.0,161,220,0.732,0.722,61,98,0.622,78,191,269,58,31,51,43,136,383,0
1174,21,6,276,30,SG,54,3,1041,140,314,0.446,60,170,0.353,80,144,0.556,0.541,42,51,0.824,38,121,159,137,87,30,37,102,382,0
1496,22,6,277,27,PF,71,1,1090,134,324,0.414,39,151,0.258,95,173,0.549,0.474,73,107,0.682,120,194,314,40,61,80,33,90,380,0
1001,20,6,278,25,C,57,10,1170,164,327,0.502,10,36,0.278,154,291,0.529,0.517,41,69,0.594,101,216,317,55,47,42,45,81,379,0
1470,5,6,279,24,SG,58,0,724,133,291,0.457,41,122,0.336,92,169,0.544,0.527,72,98,0.735,19,81,100,83,21,11,40,59,379,0
1936,9,6,280,24,PG,57,1,811,137,296,0.463,58,152,0.382,79,144,0.549,0.561,43,51,0.843,18,51,69,133,37,4,54,72,375,0
1834,5,6,281,21,SF,79,5,1123,128,287,0.446,50,153,0.327,78,134,0.582,0.533,60,76,0.789,67,102,169,39,38,20,27,108,366,0
1660,4,6,282,29,SF,39,8,967,116,268,0.433,40,124,0.323,76,144,0.528,0.507,34,49,0.694,40,136,176,89,43,26,42,72,306,0
1660,24,6,282,29,SF,14,0,206,20,57,0.351,3,27,0.111,17,30,0.567,0.377,9,12,0.75,13,35,48,16,13,6,9,23,52,0
1019,10,6,283,31,PF,36,3,541,76,169,0.45,19,52,0.365,57,117,0.487,0.506,18,27,0.667,27,83,110,81,26,20,20,40,189,0
1019,16,6,283,31,SF,25,1,461,66,134,0.493,6,18,0.333,60,116,0.517,0.515,30,38,0.789,26,70,96,64,14,13,17,41,168,0
1147,16,6,284,33,SG,49,14,863,115,271,0.424,88,207,0.425,27,64,0.422,0.587,38,49,0.776,15,109,124,55,28,7,29,37,356,0
1659,23,6,285,29,SF,31,24,943,101,232,0.435,33,87,0.379,68,145,0.469,0.506,46,74,0.622,43,93,136,69,34,20,43,63,281,0
1659,7,6,285,29,SF,14,0,275,28,72,0.389,4,16,0.25,24,56,0.429,0.417,15,24,0.625,10,31,41,26,12,3,13,24,75,0
1668,1,6,286,28,SG,47,2,830,102,257,0.397,85,218,0.39,17,39,0.436,0.562,64,78,0.821,13,74,87,60,26,15,31,81,353,0
1923,4,6,287,19,PF,60,10,1244,114,345,0.33,58,205,0.283,56,140,0.4,0.414,67,94,0.713,70,210,280,74,29,14,58,84,353,0
1678,23,6,288,20,SG,23,8,592,126,274,0.46,51,133,0.383,75,141,0.532,0.553,49,56,0.875,13,43,56,60,15,0,37,37,352,0
1911,17,6,289,22,PG,56,19,820,132,271,0.487,49,120,0.408,83,151,0.55,0.577,36,45,0.8,21,87,108,104,42,17,53,88,349,0
1392,19,6,290,31,SG,50,18,1092,100,224,0.446,38,108,0.352,62,116,0.534,0.531,50,66,0.758,49,129,178,45,55,30,28,77,288,0
1392,6,6,290,31,SG,18,1,166,23,63,0.365,8,33,0.242,15,30,0.5,0.429,5,10,0.5,10,30,40,11,10,1,4,21,59,0
1629,10,6,291,28,C,76,6,1142,143,278,0.514,2,5,0.4,141,273,0.516,0.518,56,99,0.566,185,277,462,118,46,37,39,154,344,0
1458,11,6,292,28,PG,62,3,792,117,268,0.437,72,181,0.398,45,87,0.517,0.571,34,41,0.829,13,65,78,83,19,11,37,64,340,0
1855,10,6,293,24,PF,42,14,686,123,274,0.449,73,179,0.408,50,95,0.526,0.582,21,27,0.778,35,113,148,56,16,18,33,83,340,0
1128,28,6,294,28,PG,18,0,353,57,131,0.435,11,36,0.306,46,95,0.484,0.477,26,29,0.897,17,51,68,28,17,3,19,26,151,0
1128,19,6,294,28,PG,23,12,569,73,178,0.41,16,45,0.356,57,133,0.429,0.455,27,36,0.75,23,73,96,56,17,7,20,45,189,0
1098,23,6,295,21,C,58,11,905,135,192,0.703,0,1,0.0,135,191,0.707,0.703,67,100,0.67,92,153,245,27,26,69,61,125,337,0
1795,6,6,296,24,SG,55,22,1053,124,267,0.464,56,151,0.371,68,116,0.586,0.569,33,46,0.717,49,81,130,68,32,16,23,104,337,0
1757,29,6,297,27,SF,38,13,760,118,302,0.391,70,203,0.345,48,99,0.485,0.507,28,35,0.8,22,68,90,76,19,7,52,43,334,0
1840,24,6,298,34,C,74,21,1300,125,202,0.619,0,4,0.0,125,198,0.631,0.619,83,128,0.648,116,339,455,134,33,47,59,154,333,0
1958,12,6,299,23,SG,63,9,1229,120,287,0.418,68,199,0.342,52,88,0.591,0.537,24,27,0.889,44,133,177,85,38,14,22,125,332,0
2075,30,6,300,21,C,35,1,513,120,242,0.496,38,102,0.373,82,140,0.586,0.574,52,67,0.776,26,104,130,39,11,23,42,57,330,0
1554,27,6,301,25,PG,28,0,450,45,93,0.484,8,26,0.308,37,67,0.552,0.527,25,33,0.758,15,43,58,104,18,5,21,33,123,0
1554,5,6,301,25,PG,18,9,455,83,145,0.572,11,22,0.5,72,123,0.585,0.61,30,34,0.882,16,42,58,88,19,5,14,22,207,0
2019,5,6,302,22,SG,73,5,987,120,268,0.448,37,104,0.356,83,164,0.506,0.517,49,69,0.71,38,86,124,97,44,15,53,114,326,0
1671,19,6,303,23,PF,42,7,791,135,235,0.574,21,66,0.318,114,169,0.675,0.619,34,44,0.773,64,145,209,46,22,41,43,106,325,0
2076,6,6,304,28,PF,59,30,1252,112,271,0.413,80,222,0.36,32,49,0.653,0.561,16,30,0.533,51,198,249,76,42,20,22,101,320,0
1518,4,6,305,27,SG,47,20,1071,118,291,0.405,55,164,0.335,63,127,0.496,0.5,24,30,0.8,37,98,135,53,26,25,35,99,315,0
1716,3,6,306,28,SG,27,1,492,73,157,0.465,28,72,0.389,45,85,0.529,0.554,25,33,0.758,16,35,51,64,15,1,20,43,199,0
1716,14,6,306,28,SG,30,1,345,42,97,0.433,10,34,0.294,32,63,0.508,0.485,22,26,0.846,15,38,53,38,10,3,20,24,116,0
1625,7,6,307,20,C,36,29,833,134,191,0.702,0,0,,134,191,0.702,0.702,46,73,0.63,104,166,270,85,20,56,41,100,314,0
1063,13,6,308,36,PF,78,8,1367,104,238,0.437,88,203,0.433,16,35,0.457,0.622,17,21,0.81,47,171,218,84,52,36,34,111,313,0
2081,25,6,309,22,PF,60,1,749,118,229,0.515,28,72,0.389,90,157,0.573,0.576,49,71,0.69,59,152,211,37,33,6,34,87,313,0
1871,2,6,310,25,C,62,6,863,132,203,0.65,0,3,0.0,132,200,0.66,0.65,46,61,0.754,89,147,236,45,18,42,40,106,310,0
1123,30,6,311,32,PG,24,13,564,104,240,0.433,16,56,0.286,88,184,0.478,0.467,81,92,0.88,21,70,91,98,13,5,38,30,305,0
1887,19,6,312,24,SG,44,6,660,113,248,0.456,51,129,0.395,62,119,0.521,0.558,28,35,0.8,18,45,63,39,21,4,30,40,305,0
1978,15,6,313,30,PG,19,6,400,53,148,0.358,29,90,0.322,24,58,0.414,0.456,30,36,0.833,14,29,43,71,23,6,35,31,165,0
1978,30,6,313,30,PG,15,1,280,48,109,0.44,20,51,0.392,28,58,0.483,0.532,24,35,0.686,4,25,29,38,16,3,19,22,140,0
1908,26,6,314,24,C,9,0,57,7,17,0.412,1,5,0.2,6,12,0.5,0.441,4,7,0.571,3,11,14,9,3,1,4,6,19,0
1908,28,6,314,24,C,35,8,713,109,244,0.447,16,47,0.34,93,197,0.472,0.48,50,63,0.794,86,120,206,68,14,15,45,94,284,0
1282,23,6,315,31,C,40,23,751,117,234,0.5,3,20,0.15,114,214,0.533,0.506,56,90,0.622,109,201,310,34,39,18,55,94,293,0
1754,25,6,316,24,SF,69,6,1040,117,279,0.419,27,120,0.225,90,159,0.566,0.468,26,57,0.456,76,106,182,68,35,17,43,66,287,0
1952,20,6,317,27,SG,50,0,762,106,230,0.461,62,156,0.397,44,74,0.595,0.596,12,18,0.667,11,50,61,27,23,2,22,52,286,0
1278,23,6,318,27,PG,41,3,621,112,230,0.487,28,70,0.4,84,160,0.525,0.548,33,45,0.733,12,48,60,78,24,12,15,29,285,0
1793,24,6,319,26,SG,25,1,351,56,114,0.491,16,42,0.381,40,72,0.556,0.561,22,32,0.688,32,40,72,14,21,10,16,28,150,0
1793,4,6,319,26,SG,15,6,274,38,98,0.388,16,50,0.32,22,48,0.458,0.469,41,53,0.774,13,28,41,19,27,8,15,19,133,0
1968,4,6,320,22,PG,36,15,842,104,301,0.346,33,130,0.254,71,171,0.415,0.4,41,50,0.82,39,70,109,112,34,6,56,56,282,0
1310,29,6,321,27,C,37,4,568,88,145,0.607,3,5,0.6,85,140,0.607,0.617,36,57,0.632,40,128,168,45,10,32,31,46,215,0
1310,13,6,321,27,C,24,0,178,27,49,0.551,0,1,0.0,27,48,0.563,0.551,11,14,0.786,20,38,58,9,2,7,10,17,65,0
2131,21,6,322,22,PF,47,9,784,97,221,0.439,61,153,0.399,36,68,0.529,0.577,23,30,0.767,48,214,262,120,22,29,35,79,278,3
2126,7,6,323,25,PG,33,3,487,98,188,0.521,24,60,0.4,74,128,0.578,0.585,55,66,0.833,12,46,58,76,24,5,39,33,275,0
1664,23,6,324,24,PF,24,7,480,61,99,0.616,8,21,0.381,53,78,0.679,0.657,24,29,0.828,21,51,72,19,11,16,12,62,154,0
1664,29,6,324,24,SF,19,9,432,50,102,0.49,7,37,0.189,43,65,0.662,0.525,13,18,0.722,9,44,53,29,6,6,12,39,120,0
1704,4,6,325,31,PG,36,16,764,95,273,0.348,45,125,0.36,50,148,0.338,0.43,34,41,0.829,20,67,87,127,15,0,74,44,269,0
1704,24,6,325,31,PG,5,0,21,0,0,,0,0,,0,0,,,0,0,,0,2,2,1,0,0,3,1,0,0
1045,5,6,326,27,PG,35,14,777,89,243,0.366,67,195,0.344,22,48,0.458,0.504,22,27,0.815,25,93,118,115,47,17,41,55,267,0
1312,3,6,327,23,SF,28,0,665,94,220,0.427,24,77,0.312,70,143,0.49,0.482,55,73,0.753,32,88,120,55,24,10,39,55,267,0
1474,22,6,328,21,SF,60,0,701,98,262,0.374,55,186,0.296,43,76,0.566,0.479,16,23,0.696,20,50,70,44,13,11,36,68,267,0
1378,23,6,329,36,SG,39,13,768,87,204,0.426,56,137,0.409,31,67,0.463,0.564,36,48,0.75,8,38,46,65,26,12,28,32,266,0
2100,10,6,330,27,SG,38,9,655,76,205,0.371,49,148,0.331,27,57,0.474,0.49,8,11,0.727,16,80,96,42,22,10,17,55,209,0
2100,9,6,330,27,SG,14,0,123,16,44,0.364,15,38,0.395,1,6,0.167,0.534,0,0,,4,10,14,10,5,1,3,7,47,0
1964,3,6,331,28,PG,33,24,825,93,170,0.547,0,0,,93,170,0.547,0.547,18,26,0.692,30,142,172,229,26,16,88,81,204,0
1964,13,6,331,28,PG,18,0,295,23,53,0.434,0,0,,23,53,0.434,0.434,6,7,0.857,17,52,69,56,12,7,14,26,52,0
1489,24,6,332,22,PF,61,6,1045,113,187,0.604,0,2,0.0,113,185,0.611,0.604,29,50,0.58,66,156,222,71,28,29,39,102,255,0
1604,16,6,333,23,SG,55,8,782,89,203,0.438,32,95,0.337,57,108,0.528,0.517,41,61,0.672,28,64,92,65,32,7,24,91,251,0
2084,23,6,334,26,SG,20,7,477,89,212,0.42,45,127,0.354,44,85,0.518,0.526,24,30,0.8,6,57,63,50,10,5,25,27,247,0
1094,24,6,335,25,PF,36,10,448,96,183,0.525,32,93,0.344,64,90,0.711,0.612,20,26,0.769,20,84,104,22,9,25,20,20,244,0
1472,22,6,336,22,SF,58,6,788,80,190,0.421,64,160,0.4,16,30,0.533,0.589,15,17,0.882,19,56,75,35,22,6,13,62,239,0
1606,28,6,337,24,SG,26,2,486,80,190,0.421,33,101,0.327,47,89,0.528,0.508,43,63,0.683,20,66,86,31,13,6,15,44,236,0
1110,27,6,338,21,SG,47,0,427,87,190,0.458,34,84,0.405,53,106,0.5,0.547,27,33,0.818,7,44,51,38,11,2,34,29,235,0
1721,21,6,339,22,SG,36,1,597,91,184,0.495,23,60,0.383,68,124,0.548,0.557,29,35,0.829,18,50,68,64,25,4,29,68,234,0
1744,24,6,340,29,PG,45,0,571,83,195,0.426,31,86,0.36,52,109,0.477,0.505,36,42,0.857,12,55,67,73,20,3,21,23,233,0
1464,30,6,341,31,PF,31,7,534,90,139,0.647,0,3,0.0,90,136,0.662,0.647,50,60,0.833,62,115,177,42,9,23,21,49,230,0
1499,17,6,342,23,SG,67,43,980,94,197,0.477,30,76,0.395,64,121,0.529,0.553,12,24,0.5,65,117,182,83,34,14,58,114,230,0
2127,29,6,343,20,SG,50,21,1060,83,257,0.323,35,135,0.259,48,122,0.393,0.391,29,40,0.725,27,86,113,59,23,16,44,95,230,0
1959,11,6,344,20,PG,52,3,654,84,239,0.351,48,142,0.338,36,97,0.371,0.452,13,16,0.813,16,62,78,75,35,17,37,53,229,0
1931,10,6,345,22,PF,56,2,762,82,179,0.458,34,103,0.33,48,76,0.632,0.553,29,42,0.69,72,100,172,80,25,10,42,91,227,0
1003,11,6,346,31,C,58,3,794,91,167,0.545,0,2,0.0,91,165,0.552,0.545,43,93,0.462,166,161,327,66,22,28,54,60,225,0
1523,17,6,347,20,SG,7,0,44,8,19,0.421,3,5,0.6,5,14,0.357,0.5,1,2,0.5,0,7,7,7,1,0,4,0,20,0
1523,30,6,347,20,SG,22,11,595,74,194,0.381,21,85,0.247,53,109,0.486,0.436,31,35,0.886,8,44,52,69,11,3,31,50,200,0
1268,18,6,348,20,PG,49,1,516,93,211,0.441,25,74,0.338,68,137,0.496,0.5,8,15,0.533,12,38,50,98,20,1,53,37,219,0
2110,27,6,349,21,SG,58,0,683,81,186,0.435,17,58,0.293,64,128,0.5,0.481,38,61,0.623,17,44,61,114,37,6,54,46,217,0
1214,17,6,350,32,SG,41,1,603,83,177,0.469,26,81,0.321,57,96,0.594,0.542,24,31,0.774,19,90,109,70,9,11,24,45,216,0
1501,15,6,351,20,PF,29,3,459,74,199,0.372,32,95,0.337,42,104,0.404,0.452,29,40,0.725,27,65,92,29,12,5,31,30,209,0
1556,8,6,352,36,C,56,5,691,91,140,0.65,0,0,,91,140,0.65,0.65,27,64,0.422,84,200,284,53,16,27,40,74,209,0
1547,19,6,353,26,SF,20,20,648,75,172,0.436,22,72,0.306,53,100,0.53,0.5,33,40,0.825,22,56,78,65,37,9,35,66,205,0
1759,1,6,354,32,PF,24,3,463,80,155,0.516,34,76,0.447,46,79,0.582,0.626,9,13,0.692,23,80,103,38,20,13,16,37,203,0
1867,7,6,355,22,PF,52,4,584,70,174,0.402,12,51,0.235,58,123,0.472,0.437,49,76,0.645,44,82,126,40,26,6,14,28,201,0
1600,11,6,356,29,C,42,3,500,81,152,0.533,11,26,0.423,70,126,0.556,0.569,27,40,0.675,56,81,137,37,13,10,21,49,200,0
1836,8,6,357,25,SG,49,4,666,77,180,0.428,40,101,0.396,37,79,0.468,0.539,6,8,0.75,15,56,71,107,19,5,24,38,200,1
1550,13,6,358,24,C,28,0,208,26,36,0.722,0,2,0.0,26,34,0.765,0.722,9,12,0.75,15,31,46,10,6,13,10,23,61,0
1550,7,6,358,24,C,12,6,260,61,73,0.836,1,3,0.333,60,70,0.857,0.842,14,20,0.7,25,54,79,15,9,10,8,27,137,0
1401,1,6,359,22,PF,33,28,533,72,171,0.421,21,81,0.259,51,90,0.567,0.482,32,42,0.762,44,95,139,27,28,33,15,55,197,0
1156,19,6,360,25,SF,37,0,502,68,158,0.43,26,80,0.325,42,78,0.538,0.513,34,50,0.68,27,58,85,22,23,9,22,46,196,0
1369,24,6,361,25,PG,33,9,461,68,158,0.43,39,90,0.433,29,68,0.426,0.554,19,22,0.864,22,56,78,78,21,5,17,30,194,0
1878,25,6,362,28,C,46,0,469,70,166,0.422,34,106,0.321,36,60,0.6,0.524,20,22,0.909,44,48,92,26,12,14,16,41,194,0
1848,6,6,363,24,PG,51,1,513,72,140,0.514,21,48,0.438,51,92,0.554,0.589,23,32,0.719,19,48,67,71,17,15,38,25,188,0
2013,11,6,364,29,SF,52,2,588,70,148,0.473,16,46,0.348,54,102,0.529,0.527,32,47,0.681,50,67,117,47,26,7,22,82,188,0
1774,8,6,365,24,PF,57,4,608,70,141,0.496,17,52,0.327,53,89,0.596,0.557,27,44,0.614,33,57,90,23,25,38,14,62,184,0
1884,9,6,366,25,C,45,0,438,72,142,0.507,8,28,0.286,64,114,0.561,0.535,32,42,0.762,40,83,123,44,39,25,26,75,184,0
1653,4,6,367,23,PG,13,0,319,70,161,0.435,24,60,0.4,46,101,0.455,0.509,19,21,0.905,12,26,38,39,7,4,25,24,183,0
2143,15,6,368,24,SG,27,5,499,67,167,0.401,26,95,0.274,41,72,0.569,0.479,19,24,0.792,22,76,98,55,12,7,33,45,179,0
1557,22,6,369,33,PG,50,16,612,62,154,0.403,39,107,0.364,23,47,0.489,0.529,14,18,0.778,17,57,74,72,26,4,18,50,177,0
1313,7,6,370,29,PG,20,13,372,64,134,0.478,23,53,0.434,41,81,0.506,0.563,23,31,0.742,4,29,33,56,12,3,22,34,174,0
1394,11,6,371,38,PF,32,3,396,61,121,0.504,29,79,0.367,32,42,0.762,0.624,21,26,0.808,11,47,58,20,6,4,9,32,172,0
1299,7,6,372,24,SF,40,18,608,67,135,0.496,22,54,0.407,45,81,0.556,0.578,12,13,0.923,22,93,115,42,19,20,16,62,168,0
2087,1,6,373,25,PG,31,5,501,65,162,0.401,27,82,0.329,38,80,0.475,0.485,11,11,1.0,7,43,50,81,28,9,33,39,168,1
2062,6,6,374,22,SG,47,3,453,64,149,0.43,20,58,0.345,44,91,0.484,0.497,19,24,0.792,37,59,96,44,13,3,26,50,167,0
2129,4,6,375,26,PF,16,7,479,54,123,0.439,27,74,0.365,27,49,0.551,0.549,31,37,0.838,18,64,82,37,18,13,28,46,166,0
1197,18,6,376,23,SG,40,4,522,56,120,0.467,22,51,0.431,34,69,0.493,0.558,29,37,0.784,26,27,53,26,36,2,8,61,163,0
1506,12,6,377,26,PG,28,7,381,58,122,0.475,15,40,0.375,43,82,0.524,0.537,31,40,0.775,14,30,44,53,21,5,16,43,162,0
1856,29,6,378,26,C,38,10,705,57,135,0.422,31,98,0.316,26,37,0.703,0.537,17,20,0.85,43,121,164,31,14,14,31,50,162,0
2023,19,6,379,32,C,38,9,621,61,129,0.473,9,37,0.243,52,92,0.565,0.508,31,37,0.838,44,120,164,60,18,20,25,70,162,0
1376,14,6,380,26,PG,29,5,543,63,144,0.438,26,68,0.382,37,76,0.487,0.528,9,11,0.818,38,74,112,42,30,11,26,43,161,0
1058,27,6,381,24,C,36,1,376,68,117,0.581,0,0,,68,117,0.581,0.581,21,33,0.636,56,96,152,17,14,30,23,50,157,0
1541,26,6,382,22,SG,24,0,130,11,26,0.423,4,10,0.4,7,16,0.438,0.5,0,0,,8,15,23,7,6,7,7,13,26,0
1541,30,6,382,22,SG,15,0,385,48,103,0.466,12,39,0.308,36,64,0.563,0.524,23,35,0.657,13,51,64,37,20,6,16,24,131,0
1918,25,6,383,20,SG,52,0,460,58,142,0.408,16,59,0.271,42,83,0.506,0.465,23,30,0.767,26,44,70,25,16,4,30,37,155,0
1169,5,6,384,29,PG,36,1,321,55,146,0.377,35,105,0.333,20,41,0.488,0.497,8,10,0.8,4,35,39,40,13,3,11,15,153,0
1910,1,6,385,23,PF,27,3,346,44,93,0.473,16,43,0.372,28,50,0.56,0.559,18,22,0.818,11,59,70,30,12,8,20,18,122,0
1910,23,6,385,23,PF,3,0,29,8,19,0.421,2,11,0.182,6,8,0.75,0.474,0,0,,2,7,9,3,2,0,1,1,18,0
1910,11,6,385,23,PF,3,0,35,5,13,0.385,1,7,0.143,4,6,0.667,0.423,2,4,0.5,0,5,5,2,0,1,1,1,13,0
1711,13,6,386,25,SF,37,0,420,58,134,0.433,8,38,0.211,50,96,0.521,0.463,28,35,0.8,23,35,58,34,17,5,26,26,152,0
1870,22,6,387,27,SG,31,2,430,56,147,0.381,22,77,0.286,34,70,0.486,0.456,18,21,0.857,26,28,54,38,31,10,22,38,152,0
1737,9,6,388,23,SG,20,1,219,23,50,0.46,4,14,0.286,19,36,0.528,0.5,13,14,0.929,11,33,44,23,10,3,9,15,63,0
1737,4,6,388,23,SG,16,0,280,36,76,0.474,10,27,0.37,26,49,0.531,0.539,5,8,0.625,19,32,51,19,10,2,18,16,87,0
1487,13,6,389,24,PG,20,0,222,45,115,0.391,31,80,0.388,14,35,0.4,0.526,23,26,0.885,5,19,24,28,18,4,24,26,144,0
1487,18,6,389,24,PG,4,0,17,2,3,0.667,1,2,0.5,1,1,1.0,0.833,0,0,,0,1,1,4,0,0,1,3,5,0
1052,1,6,390,21,PF,35,4,375,60,113,0.531,7,27,0.259,53,86,0.616,0.562,21,33,0.636,35,50,85,19,9,16,5,47,148,0
1686,26,6,391,33,SF,42,3,342,50,117,0.427,44,101,0.436,6,16,0.375,0.615,3,5,0.6,3,19,22,7,4,2,6,30,147,0
2067,14,6,392,25,PF,36,2,581,59,121,0.488,9,32,0.281,50,89,0.562,0.525,20,36,0.556,68,114,182,41,35,10,29,67,147,0
1423,22,6,393,30,SG,48,3,711,51,133,0.383,36,101,0.356,15,32,0.469,0.519,7,12,0.583,20,44,64,30,26,12,17,45,145,0
1085,27,6,394,32,C,28,26,528,67,114,0.588,0,0,,67,114,0.588,0.588,10,25,0.4,43,115,158,31,16,23,27,52,144,0
1126,19,6,395,24,SF,14,6,332,53,109,0.486,14,43,0.326,39,66,0.591,0.55,22,30,0.733,12,46,58,13,10,10,12,30,142,0
1267,21,6,396,21,C,37,1,405,54,125,0.432,23,71,0.324,31,54,0.574,0.524,11,16,0.688,18,63,81,31,17,7,18,33,142,0
1168,26,6,397,22,PG,36,0,396,47,127,0.37,18,61,0.295,29,66,0.439,0.441,26,44,0.591,19,57,76,41,21,4,18,39,138,0
1356,18,6,398,26,C,39,0,219,52,105,0.495,10,36,0.278,42,69,0.609,0.543,24,35,0.686,31,23,54,11,6,3,12,29,138,0
1636,23,6,399,38,PG,35,12,659,41,117,0.35,29,88,0.33,12,29,0.414,0.474,27,33,0.818,11,56,67,96,33,11,21,62,138,0
1953,18,6,400,24,SG,32,1,339,55,114,0.482,11,31,0.355,44,83,0.53,0.531,17,21,0.81,10,37,47,32,7,5,15,27,138,0
1046,13,6,401,26,C,28,2,352,48,103,0.466,15,50,0.3,33,53,0.623,0.539,17,25,0.68,26,94,120,16,9,28,19,49,128,0
1046,19,6,401,26,C,4,0,61,4,9,0.444,0,4,0.0,4,5,0.8,0.444,2,2,1.0,6,19,25,2,0,3,1,7,10,0
1507,23,6,402,34,PG,31,1,384,52,133,0.391,25,74,0.338,27,59,0.458,0.485,7,9,0.778,8,34,42,45,16,3,17,34,136,0
1038,30,6,403,25,C,19,1,166,38,71,0.535,2,10,0.2,36,61,0.59,0.549,15,23,0.652,27,29,56,7,7,5,11,12,93,0
1038,15,6,403,25,PF,12,1,99,17,35,0.486,1,9,0.111,16,26,0.615,0.5,8,12,0.667,11,17,28,4,2,3,1,6,43,0
1546,21,6,404,23,SF,54,3,552,51,133,0.383,16,63,0.254,35,70,0.5,0.444,17,28,0.607,30,91,121,58,16,4,28,54,135,0
1548,26,6,405,24,PF,40,0,304,54,83,0.651,3,8,0.375,51,75,0.68,0.669,23,36,0.639,22,35,57,12,5,10,16,30,134,0
2061,8,6,406,24,PF,51,2,400,45,120,0.375,23,74,0.311,22,46,0.478,0.471,21,28,0.75,25,53,78,20,10,6,14,44,134,0
1368,30,6,407,32,PF,51,0,397,43,88,0.489,10,31,0.323,33,57,0.579,0.545,33,50,0.66,18,48,66,16,9,2,10,30,129,0
2156,17,6,408,32,PG,26,2,405,22,82,0.268,12,49,0.245,10,33,0.303,0.341,9,16,0.563,15,31,46,48,23,9,14,17,65,0
2156,20,6,408,32,PG,14,5,230,23,49,0.469,8,24,0.333,15,25,0.6,0.551,6,9,0.667,12,8,20,29,12,3,8,8,60,0
1175,15,6,409,24,C,10,0,46,2,10,0.2,0,4,0.0,2,6,0.333,0.2,10,11,0.909,3,6,9,0,1,1,1,6,14,0
1175,28,6,409,24,C,11,4,288,32,64,0.5,2,8,0.25,30,56,0.536,0.516,13,18,0.722,34,42,76,18,6,8,21,32,79,0
1175,23,6,409,24,C,5,0,98,12,24,0.5,0,4,0.0,12,20,0.6,0.5,6,9,0.667,16,21,37,10,1,1,1,13,30,0
1165,21,6,410,25,C,32,0,246,43,97,0.443,22,66,0.333,21,31,0.677,0.557,14,18,0.778,17,37,54,14,5,21,7,22,122,0
1634,16,6,411,36,PF,23,9,251,41,115,0.357,24,67,0.358,17,48,0.354,0.461,16,23,0.696,22,72,94,22,15,4,14,21,122,0
2153,4,6,412,24,SG,20,0,265,41,105,0.39,13,33,0.394,28,72,0.389,0.452,25,34,0.735,14,18,32,28,11,0,18,21,120,0
1719,18,6,413,22,SF,46,0,276,44,90,0.489,14,43,0.326,30,47,0.638,0.567,17,19,0.895,12,35,47,18,15,12,11,34,119,0
1890,4,6,414,25,SG,4,0,12,2,8,0.25,0,2,0.0,2,6,0.333,0.25,0,0,,2,2,4,2,1,0,1,1,4,0
1890,28,6,414,25,SG,10,2,215,40,79,0.506,12,37,0.324,28,42,0.667,0.582,22,25,0.88,12,26,38,14,9,2,8,19,114,0
2142,25,6,415,27,C,20,3,351,50,78,0.641,1,3,0.333,49,75,0.653,0.647,15,17,0.882,35,83,118,21,13,33,17,31,116,0
1620,14,6,416,22,SF,7,0,29,2,6,0.333,0,0,,2,6,0.333,0.333,0,0,,2,0,2,2,1,0,2,1,4,0
1620,3,6,416,22,SF,21,1,298,43,102,0.422,19,50,0.38,24,52,0.462,0.515,7,10,0.7,16,37,53,17,8,7,12,28,112,0
1859,7,6,417,33,C,55,3,551,42,61,0.689,2,5,0.4,40,56,0.714,0.705,28,43,0.651,47,71,118,55,18,21,18,75,114,0
2114,3,6,418,20,SF,20,0,246,39,96,0.406,33,74,0.446,6,22,0.273,0.578,3,5,0.6,4,25,29,12,6,1,15,22,114,0
1939,2,6,419,24,SG,31,2,384,39,110,0.355,26,82,0.317,13,28,0.464,0.473,9,12,0.75,19,46,65,33,17,2,12,22,113,0
1588,15,6,420,28,SG,46,4,558,41,91,0.451,23,62,0.371,18,29,0.621,0.577,7,8,0.875,37,114,151,42,30,14,16,32,112,0
2038,25,6,421,27,SG,15,5,312,42,88,0.477,21,48,0.438,21,40,0.525,0.597,7,15,0.467,14,38,52,28,33,9,13,14,112,0
1715,29,6,422,36,PG,17,0,260,26,76,0.342,17,57,0.298,9,19,0.474,0.454,5,5,1.0,3,18,21,21,12,3,16,12,74,0
1715,13,6,422,36,PG,12,0,61,10,20,0.5,9,18,0.5,1,2,0.5,0.725,8,9,0.889,1,0,1,5,1,0,1,12,37,0
1064,4,6,423,24,SG,15,2,370,42,130,0.323,12,56,0.214,30,74,0.405,0.369,13,15,0.867,14,36,50,56,15,2,31,22,109,0
2041,3,6,424,24,PF,9,2,254,45,102,0.441,9,35,0.257,36,67,0.537,0.485,10,16,0.625,17,48,65,20,4,1,15,21,109,0
1998,2,6,425,22,SG,26,0,141,12,34,0.353,6,19,0.316,6,15,0.4,0.441,15,21,0.714,4,20,24,10,12,1,4,17,45,0
1998,29,6,425,22,PG,17,2,224,23,56,0.411,6,29,0.207,17,27,0.63,0.464,12,17,0.706,13,21,34,23,12,3,12,25,64,0
1227,5,6,426,34,SF,9,1,113,22,45,0.489,15,35,0.429,7,10,0.7,0.656,3,4,0.75,8,17,25,5,2,1,0,15,62,0
1227,2,6,426,34,SF,17,3,201,16,45,0.356,9,31,0.29,7,14,0.5,0.456,5,8,0.625,19,29,48,12,6,11,8,19,46,0
1363,4,6,427,39,C,37,11,409,47,95,0.495,1,2,0.5,46,93,0.495,0.5,12,20,0.6,51,69,120,21,9,18,25,54,107,0
2056,29,6,428,25,C,14,1,255,42,70,0.6,0,0,,42,70,0.6,0.6,23,31,0.742,46,76,122,9,13,1,10,24,107,0
1996,15,6,429,24,SG,25,1,252,34,82,0.415,19,52,0.365,15,30,0.5,0.53,19,19,1.0,12,18,30,34,9,1,6,23,106,0
1467,14,6,430,21,SG,2,0,14,1,1,1.0,0,0,,1,1,1.0,1.0,2,2,1.0,1,0,1,1,0,1,1,3,4,0
1467,23,6,430,21,SG,13,0,301,36,97,0.371,14,46,0.304,22,51,0.431,0.443,16,19,0.842,2,24,26,36,5,6,17,22,102,0
1881,14,6,431,25,SF,33,8,589,38,94,0.404,13,47,0.277,25,47,0.532,0.473,16,26,0.615,17,49,66,22,33,10,12,43,105,0
1346,12,6,432,20,SG,50,0,379,35,92,0.38,15,50,0.3,20,42,0.476,0.462,18,22,0.818,23,48,71,19,18,11,12,41,103,0
1578,7,6,433,33,PF,34,4,637,37,96,0.385,13,49,0.265,24,47,0.511,0.453,16,21,0.762,25,70,95,43,9,17,23,66,103,0
1997,10,6,434,28,PG,39,0,250,41,101,0.406,5,22,0.227,36,79,0.456,0.431,11,15,0.733,15,31,46,48,14,3,18,20,98,0
1971,20,6,435,26,C,39,5,422,28,46,0.609,0,0,,28,46,0.609,0.609,8,13,0.615,51,78,129,22,8,10,21,46,64,0
1971,17,6,435,26,C,14,0,210,17,25,0.68,0,0,,17,25,0.68,0.68,0,0,,20,48,68,11,2,9,12,19,34,0
1694,26,6,436,28,PG,28,0,190,16,44,0.364,10,26,0.385,6,18,0.333,0.477,11,16,0.688,4,17,21,24,11,0,11,13,53,0
1694,27,6,436,28,PG,18,0,124,15,28,0.536,9,20,0.45,6,8,0.75,0.696,6,6,1.0,2,7,9,27,5,1,5,5,45,0
1519,19,6,437,25,C,16,0,166,15,32,0.469,0,0,,15,32,0.469,0.469,8,21,0.381,22,22,44,10,7,6,10,27,38,0
1519,14,6,437,25,C,22,0,226,26,42,0.619,0,0,,26,42,0.619,0.619,5,12,0.417,22,39,61,6,2,9,14,42,57,0
1071,10,6,438,23,PG,2,0,4,1,1,1.0,0,0,,1,1,1.0,1.0,0,0,,1,0,1,1,1,0,0,1,2,0
1071,3,6,438,23,PG,34,4,465,34,106,0.321,7,40,0.175,27,66,0.409,0.354,16,21,0.762,12,26,38,62,32,2,21,35,91,0
1586,14,6,439,24,C,37,0,342,40,66,0.606,0,4,0.0,40,62,0.645,0.606,10,14,0.714,35,57,92,16,8,16,12,44,90,0
1907,20,6,440,26,C,17,3,290,37,56,0.661,0,0,,37,56,0.661,0.661,13,19,0.684,52,49,101,13,16,18,10,26,87,0
1980,16,6,441,27,SG,14,1,268,31,61,0.508,16,30,0.533,15,31,0.484,0.639,9,12,0.75,12,24,36,23,21,6,17,30,87,0
1873,23,6,442,24,SG,4,0,17,4,8,0.5,0,3,0.0,4,5,0.8,0.5,1,1,1.0,3,1,4,1,0,0,4,0,9,0
1873,19,6,442,24,SG,9,0,166,27,70,0.386,13,41,0.317,14,29,0.483,0.479,10,12,0.833,1,14,15,23,3,2,10,18,77,0
1823,19,6,443,30,PG,18,7,388,37,101,0.366,1,6,0.167,36,95,0.379,0.371,4,7,0.571,14,52,66,146,18,8,52,24,79,0
1823,4,6,443,30,PG,6,2,123,3,21,0.143,0,0,,3,21,0.143,0.143,0,0,,1,12,13,20,6,3,7,12,6,0
1612,24,6,444,32,SG,25,0,144,27,74,0.365,9,37,0.243,18,37,0.486,0.426,20,21,0.952,3,17,20,11,6,0,10,6,83,0
2090,2,6,445,20,PF,52,1,403,30,83,0.361,15,55,0.273,15,28,0.536,0.452,7,12,0.583,23,46,69,19,12,11,17,30,82,0
1585,20,6,446,23,PG,41,0,296,27,82,0.329,14,47,0.298,13,35,0.371,0.415,13,17,0.765,8,19,27,70,12,4,18,26,81,0
1247,30,6,447,22,SG,34,0,242,32,78,0.41,7,29,0.241,25,49,0.51,0.455,9,15,0.6,10,28,38,11,15,6,7,18,80,0
1070,17,6,448,24,SF,26,0,122,18,47,0.383,7,21,0.333,11,26,0.423,0.457,9,12,0.75,7,25,32,8,3,1,13,10,52,0
1070,13,6,448,24,SF,3,0,17,4,7,0.571,2,3,0.667,2,4,0.5,0.714,2,4,0.5,2,1,3,2,0,0,1,2,12,0
1070,20,6,448,24,SF,6,0,17,5,11,0.455,1,5,0.2,4,6,0.667,0.5,4,4,1.0,2,7,9,1,1,0,1,2,15,0
1661,3,6,449,21,SF,3,0,5,1,2,0.5,1,1,1.0,0,1,0.0,0.75,0,0,,0,0,0,0,0,0,0,1,3,0
1661,30,6,449,21,SF,13,0,234,30,72,0.417,6,22,0.273,24,50,0.48,0.458,9,10,0.9,11,33,44,17,9,0,12,13,75,0
1135,13,6,450,25,PF,40,0,272,33,72,0.458,6,26,0.231,27,46,0.587,0.5,5,7,0.714,19,46,65,24,7,4,12,23,77,0
1885,21,6,451,25,PF,1,0,2,1,1,1.0,0,0,,1,1,1.0,1.0,0,0,,1,0,1,0,0,0,0,0,2,0
1885,23,6,451,25,PF,14,0,214,25,53,0.472,15,41,0.366,10,12,0.833,0.613,9,12,0.75,8,38,46,4,10,10,6,21,74,0
1136,12,6,452,25,C,9,0,46,13,20,0.65,0,0,,13,20,0.65,0.65,3,5,0.6,4,9,13,0,2,1,6,6,29,0
1136,7,6,452,25,C,4,2,73,21,29,0.724,0,0,,21,29,0.724,0.724,5,6,0.833,8,23,31,2,4,3,5,11,47,0
2003,15,6,453,27,PF,17,1,155,29,63,0.46,8,27,0.296,21,36,0.583,0.524,8,11,0.727,4,34,38,8,5,3,10,15,74,0
1614,26,6,454,31,C,36,3,258,22,41,0.537,1,6,0.167,21,35,0.6,0.549,7,13,0.538,25,39,64,30,8,18,11,35,52,0
1614,14,6,454,31,C,10,4,122,10,22,0.455,1,3,0.333,9,19,0.474,0.477,1,4,0.25,13,18,31,8,1,3,9,21,22,0
2036,6,6,455,22,PF,9,0,42,9,15,0.6,3,6,0.5,6,9,0.667,0.7,7,8,0.875,3,3,6,1,2,3,6,6,28,0
2036,30,6,455,22,PF,11,0,207,16,44,0.364,3,15,0.2,13,29,0.448,0.398,8,14,0.571,17,25,42,5,6,6,3,11,43,0
2035,6,6,456,33,C,40,0,328,31,71,0.437,0,3,0.0,31,68,0.456,0.437,7,30,0.233,32,102,134,24,2,11,14,36,69,0
1039,23,6,457,23,SF,10,4,253,27,69,0.391,5,32,0.156,22,37,0.595,0.428,8,10,0.8,23,47,70,10,9,12,7,16,67,0
1779,19,6,458,25,SG,8,0,168,26,73,0.356,8,27,0.296,18,46,0.391,0.411,7,11,0.636,6,14,20,18,1,4,8,9,67,0
1989,17,6,459,20,PF,23,0,122,24,50,0.48,13,30,0.433,11,20,0.55,0.61,6,8,0.75,6,19,25,4,3,4,8,11,67,0
1325,21,6,460,25,SG,37,0,203,25,96,0.26,14,72,0.194,11,24,0.458,0.333,1,2,0.5,7,20,27,12,8,3,4,15,65,0
2132,11,6,461,25,SG,20,0,147,27,62,0.435,6,26,0.231,21,36,0.583,0.484,5,8,0.625,5,8,13,9,8,4,14,16,65,0
1510,14,6,462,20,SG,27,1,181,21,67,0.313,9,32,0.281,12,35,0.343,0.381,11,14,0.786,4,14,18,22,9,3,13,13,62,0
1700,10,6,463,26,SG,6,2,121,22,54,0.407,13,35,0.371,9,19,0.474,0.528,5,8,0.625,6,14,20,17,7,2,10,18,62,0
1109,12,6,464,27,C,14,0,113,29,45,0.644,1,3,0.333,28,42,0.667,0.656,2,6,0.333,18,24,42,6,2,9,5,11,61,0
1344,26,6,465,26,PG,21,0,184,28,67,0.418,4,8,0.5,24,59,0.407,0.448,1,1,1.0,6,14,20,27,10,2,15,12,61,0
2010,9,6,466,25,SF,2,0,13,0,5,0.0,0,5,0.0,0,0,,0.0,0,0,,0,2,2,1,0,0,0,1,0,0
2010,28,6,466,25,SF,8,0,156,22,58,0.379,15,42,0.357,7,16,0.438,0.509,0,1,0.0,5,20,25,2,4,2,4,11,59,0
1319,28,6,467,26,C,17,2,147,26,49,0.531,0,0,,26,49,0.531,0.531,6,8,0.75,21,30,51,18,4,9,14,27,58,0
1933,8,6,468,30,C,16,4,210,21,58,0.362,7,26,0.269,14,32,0.438,0.422,7,10,0.7,14,36,50,23,7,1,15,19,56,0
1742,7,6,469,35,PF,7,0,41,5,22,0.227,2,13,0.154,3,9,0.333,0.273,0,0,,0,8,8,4,1,1,2,2,12,0
1742,14,6,469,35,PF,8,2,124,16,48,0.333,7,23,0.304,9,25,0.36,0.406,5,6,0.833,3,12,15,17,1,2,3,14,44,0
1309,3,6,470,25,PG,7,0,151,17,52,0.327,13,44,0.295,4,8,0.5,0.452,8,10,0.8,3,6,9,12,3,1,8,17,55,0
1435,3,6,471,23,PG,6,5,162,18,43,0.419,8,21,0.381,10,22,0.455,0.512,10,12,0.833,5,13,18,31,4,4,9,13,54,0
1831,2,6,472,25,PF,25,1,186,17,41,0.415,13,33,0.394,4,8,0.5,0.573,7,9,0.778,9,31,40,13,5,2,8,18,54,0
1144,1,6,473,21,SG,10,0,124,18,47,0.383,4,19,0.211,14,28,0.5,0.426,13,18,0.722,5,16,21,17,3,2,8,9,53,0
2018,28,6,474,38,SG,28,0,227,18,60,0.3,6,28,0.214,12,32,0.375,0.35,11,12,0.917,9,20,29,31,17,2,10,23,53,0
1791,23,6,475,26,PF,7,3,171,18,33,0.545,10,22,0.455,8,11,0.727,0.697,2,3,0.667,20,23,43,13,5,3,3,5,48,0
1791,6,6,475,26,PF,2,0,25,2,7,0.286,1,6,0.167,1,1,1.0,0.357,0,0,,1,3,4,2,0,1,0,0,5,0
1043,30,6,476,22,SF,22,0,101,17,33,0.515,11,21,0.524,6,12,0.5,0.682,2,4,0.5,5,17,22,2,3,2,5,5,47,0
1043,13,6,476,22,SF,2,0,6,2,2,1.0,2,2,1.0,0,0,,1.5,0,0,,0,3,3,1,0,0,0,2,6,0
1120,23,6,477,26,SF,6,2,142,19,39,0.487,6,18,0.333,13,21,0.619,0.564,8,14,0.571,7,15,22,4,4,3,8,14,52,0
1481,20,6,478,22,C,25,1,217,21,31,0.677,0,0,,21,31,0.677,0.677,6,13,0.462,14,37,51,11,1,15,21,32,48,0
1341,12,6,479,24,PF,22,1,181,16,37,0.432,1,10,0.1,15,27,0.556,0.446,13,19,0.684,11,19,30,9,3,3,6,21,46,0
1583,10,6,480,25,SF,14,0,84,18,36,0.5,4,15,0.267,14,21,0.667,0.556,6,8,0.75,7,10,17,5,2,4,4,6,46,0
1535,16,6,481,23,SF,16,0,98,18,26,0.692,3,7,0.429,15,19,0.789,0.75,4,9,0.444,6,22,28,4,5,4,4,11,43,0
1839,1,6,482,26,SG,6,0,72,16,25,0.64,9,17,0.529,7,8,0.875,0.82,2,2,1.0,4,7,11,2,0,0,4,10,43,0
1970,4,6,483,26,SG,6,0,112,12,28,0.429,6,15,0.4,6,13,0.462,0.536,12,15,0.8,3,3,6,12,3,1,8,10,42,0
1760,23,6,484,24,C,7,0,68,5,15,0.333,4,12,0.333,1,3,0.333,0.467,1,2,0.5,2,8,10,3,1,0,0,10,15,0
1760,17,6,484,24,PF,6,1,70,9,17,0.529,5,12,0.417,4,5,0.8,0.676,0,0,,3,8,11,7,1,2,4,7,23,0
1060,6,6,485,21,SF,10,0,75,13,38,0.342,11,30,0.367,2,8,0.25,0.487,0,0,,0,7,7,8,1,1,2,4,37,0
1283,5,6,486,27,SG,17,0,74,12,26,0.462,6,15,0.4,6,11,0.545,0.577,6,8,0.75,5,15,20,9,0,0,1,7,36,0
1284,21,6,487,24,SG,21,0,125,12,30,0.4,10,21,0.476,2,9,0.222,0.567,2,2,1.0,9,17,26,5,5,0,4,12,36,0
1565,15,6,488,23,PG,22,0,93,11,30,0.367,7,23,0.304,4,7,0.571,0.483,7,9,0.778,0,12,12,19,2,0,5,8,36,0
2044,6,6,489,24,PF,5,1,63,13,32,0.406,2,10,0.2,11,22,0.5,0.438,8,11,0.727,9,12,21,2,0,1,2,9,36,0
1502,12,6,490,23,C,5,1,84,14,23,0.609,0,0,,14,23,0.609,0.609,7,14,0.5,11,17,28,5,3,8,5,14,35,0
2098,24,6,491,23,PG,16,0,118,14,45,0.311,4,21,0.19,10,24,0.417,0.356,3,6,0.5,4,9,13,16,3,0,3,4,35,0
2040,2,6,492,26,C,33,2,231,13,53,0.245,5,32,0.156,8,21,0.381,0.292,3,4,0.75,10,33,43,7,11,5,14,18,34,0
1567,7,6,493,27,C,8,1,67,10,13,0.769,0,0,,10,13,0.769,0.769,4,6,0.667,8,13,21,2,0,2,1,8,24,0
1567,19,6,493,27,C,3,1,59,4,9,0.444,0,0,,4,9,0.444,0.444,2,4,0.5,4,14,18,3,1,1,3,7,10,0
1246,2,6,494,22,PG,16,0,93,12,34,0.353,4,18,0.222,8,16,0.5,0.412,5,7,0.714,2,11,13,13,5,1,13,2,33,0
1410,8,6,495,22,C,19,0,66,14,24,0.583,2,8,0.25,12,16,0.75,0.625,3,4,0.75,6,16,22,4,0,4,2,11,33,0
1010,8,6,496,21,SG,24,0,117,13,41,0.317,3,17,0.176,10,24,0.417,0.354,3,4,0.75,1,11,12,11,2,1,5,10,32,0
1417,29,6,497,24,SG,10,0,138,11,35,0.314,7,25,0.28,4,10,0.4,0.414,3,6,0.5,9,12,21,8,10,1,3,18,32,0
1892,16,6,498,31,SG,8,0,150,11,38,0.289,6,22,0.273,5,16,0.313,0.368,4,4,1.0,6,6,12,12,8,1,8,17,32,0
1194,27,6,499,20,SF,17,0,54,9,18,0.5,3,7,0.429,6,11,0.545,0.583,1,6,0.167,3,7,10,6,1,0,2,6,22,0
1194,25,6,499,20,SF,5,0,60,4,12,0.333,0,6,0.0,4,6,0.667,0.333,2,3,0.667,5,6,11,9,1,1,9,4,10,0
1239,20,6,500,19,SG,18,0,111,10,31,0.323,6,19,0.316,4,12,0.333,0.419,4,6,0.667,3,15,18,5,3,2,4,7,30,0
1257,12,6,501,23,PG,11,0,70,11,33,0.333,6,21,0.286,5,12,0.417,0.424,2,2,1.0,2,10,12,14,7,2,5,7,30,0
1627,17,6,502,21,SF,21,1,106,9,27,0.333,0,8,0.0,9,19,0.474,0.333,12,16,0.75,10,25,35,5,5,0,6,8,30,0
1190,16,6,503,23,SG,14,0,69,11,31,0.355,2,11,0.182,9,20,0.45,0.387,4,6,0.667,0,9,9,8,5,3,6,2,28,0
1354,4,6,504,26,SG,4,0,79,11,27,0.407,3,8,0.375,8,19,0.421,0.463,3,4,0.75,1,5,6,13,3,2,6,10,28,0
1921,20,6,505,27,SF,19,0,68,10,31,0.323,6,19,0.316,4,12,0.333,0.419,2,2,1.0,0,8,8,3,2,0,3,1,28,0
1553,8,6,506,23,SF,20,0,125,11,34,0.324,1,17,0.059,10,17,0.588,0.338,3,3,1.0,8,9,17,5,5,5,5,17,26,0
1160,8,6,507,27,PF,13,0,136,10,26,0.385,4,15,0.267,6,11,0.545,0.462,0,0,,6,26,32,9,3,2,11,10,24,0
1771,11,6,508,23,C,4,0,51,10,13,0.769,0,0,,10,13,0.769,0.769,4,5,0.8,6,15,21,2,1,5,2,9,24,0
1379,7,6,509,21,PG,16,0,57,9,23,0.391,4,11,0.364,5,12,0.417,0.478,2,4,0.5,1,4,5,6,2,1,5,9,24,0
1230,26,6,510,34,PF,9,2,103,7,22,0.318,4,15,0.267,3,7,0.429,0.409,5,6,0.833,6,14,20,6,3,0,4,10,23,0
1552,26,6,511,26,SG,10,0,45,9,18,0.5,1,8,0.125,8,10,0.8,0.528,4,5,0.8,2,7,9,11,0,1,1,3,23,0
2047,20,6,512,24,SF,16,0,49,3,10,0.3,0,2,0.0,3,8,0.375,0.3,0,0,,2,9,11,4,2,0,2,3,6,0
2047,1,6,512,24,SF,1,0,27,6,12,0.5,5,8,0.625,1,4,0.25,0.708,0,0,,1,3,4,2,0,0,1,0,17,0
1915,10,6,513,28,PF,6,0,52,8,17,0.471,3,10,0.3,5,7,0.714,0.559,3,6,0.5,3,8,11,4,4,0,1,4,22,0
1622,5,6,514,24,PF,12,0,53,8,15,0.533,3,10,0.3,5,5,1.0,0.633,2,2,1.0,3,6,9,3,1,1,2,11,21,0
1712,18,6,515,21,SF,13,0,32,6,15,0.4,0,5,0.0,6,10,0.6,0.4,8,8,1.0,3,8,11,0,2,1,2,2,20,0
1189,13,6,516,19,SG,13,0,59,7,24,0.292,2,13,0.154,5,11,0.455,0.333,2,4,0.5,3,9,12,6,5,1,2,4,18,0
1717,25,6,517,25,SF,19,0,101,8,21,0.381,2,10,0.2,6,11,0.545,0.429,0,2,0.0,5,5,10,7,6,1,5,12,18,0
1105,17,6,518,25,PG,5,1,62,6,12,0.5,1,5,0.2,5,7,0.714,0.542,4,6,0.667,1,4,5,10,4,2,8,2,17,0
1286,27,6,519,25,SG,6,0,34,6,14,0.429,3,6,0.5,3,8,0.375,0.536,1,2,0.5,1,4,5,4,1,0,2,1,16,0
1328,4,6,520,26,PG,4,0,44,5,13,0.385,1,4,0.25,4,9,0.444,0.423,5,6,0.833,3,4,7,7,3,0,4,4,16,0
1492,18,6,521,37,SF,19,1,114,6,23,0.261,3,15,0.2,3,8,0.375,0.326,0,0,,2,9,11,23,2,0,9,12,15,0
1579,9,6,522,21,SF,8,0,42,6,10,0.6,2,5,0.4,4,5,0.8,0.7,1,2,0.5,1,6,7,7,2,1,1,8,15,0
2063,17,6,523,25,SG,22,0,86,5,26,0.192,3,15,0.2,2,11,0.182,0.25,2,4,0.5,4,13,17,4,3,6,3,8,15,0
1439,29,6,524,21,PF,3,3,75,4,18,0.222,3,12,0.25,1,6,0.167,0.306,3,4,0.75,5,10,15,2,5,4,2,8,14,0
1698,11,6,525,28,PF,9,0,43,5,17,0.294,4,13,0.308,1,4,0.25,0.412,0,0,,2,3,5,1,0,2,2,3,14,0
1988,9,6,526,24,PF,1,0,22,6,9,0.667,0,0,,6,9,0.667,0.667,2,3,0.667,4,4,8,0,0,0,2,3,14,0
1030,14,6,527,22,SF,9,0,67,6,19,0.316,0,7,0.0,6,12,0.5,0.316,2,7,0.286,2,13,15,1,4,2,3,6,14,0
1228,26,6,528,23,SF,15,0,46,5,11,0.455,1,5,0.2,4,6,0.667,0.5,2,4,0.5,1,7,8,1,1,2,1,2,13,0
1689,25,6,529,22,SG,13,0,32,4,14,0.286,0,4,0.0,4,10,0.4,0.286,5,6,0.833,2,1,3,2,1,0,4,3,13,0
2053,6,6,530,23,SG,12,0,88,5,20,0.25,0,9,0.0,5,11,0.455,0.25,2,2,1.0,8,12,20,8,1,1,8,6,12,0
1327,13,6,531,19,SF,6,0,27,4,11,0.364,0,2,0.0,4,9,0.444,0.364,3,3,1.0,1,3,4,0,0,0,1,4,11,0
2164,5,6,532,24,PG,6,0,30,4,5,0.8,1,2,0.5,3,3,1.0,0.9,2,2,1.0,1,2,3,6,0,0,1,2,11,0
1710,5,6,533,24,PF,6,0,25,4,8,0.5,0,1,0.0,4,7,0.571,0.5,2,2,1.0,4,4,8,2,1,0,0,3,10,0
1116,24,6,534,23,SF,8,0,30,2,7,0.286,2,7,0.286,0,0,,0.429,3,4,0.75,0,4,4,0,0,0,4,0,9,0
1900,17,6,535,25,C,13,0,57,2,8,0.25,0,2,0.0,2,6,0.333,0.25,5,10,0.5,7,5,12,2,2,2,6,9,9,0
2057,20,6,536,39,SF,3,1,58,3,7,0.429,3,6,0.5,0,1,0.0,0.643,0,0,,4,4,8,0,1,1,1,8,9,0
1529,12,6,537,37,PF,12,0,37,4,11,0.364,0,3,0.0,4,8,0.5,0.364,0,1,0.0,0,6,6,4,0,2,4,5,8,0
1930,5,6,538,22,C,4,0,21,4,7,0.571,0,0,,4,7,0.571,0.571,0,0,,5,1,6,1,0,0,1,1,8,0
2104,20,6,539,24,SF,9,0,22,4,9,0.444,0,1,0.0,4,8,0.5,0.444,0,0,,1,2,3,2,1,0,2,3,8,0
2112,23,6,540,22,PF,5,0,44,3,21,0.143,0,10,0.0,3,11,0.273,0.143,2,2,1.0,2,6,8,2,1,2,1,1,8,0
1279,18,6,541,28,SG,9,0,35,2,3,0.667,2,3,0.667,0,0,,1.0,1,6,0.167,1,4,5,5,1,0,1,3,7,0
1520,9,6,542,23,PG,7,0,23,3,10,0.3,1,7,0.143,2,3,0.667,0.35,0,2,0.0,0,2,2,3,0,0,1,2,7,0
1777,2,6,543,24,PF,3,0,35,2,9,0.222,2,7,0.286,0,2,0.0,0.333,1,2,0.5,2,7,9,0,2,1,0,0,7,0
1683,20,6,544,23,SF,4,0,29,2,7,0.286,0,1,0.0,2,6,0.333,0.286,2,2,1.0,0,8,8,2,1,1,0,6,6,0
1726,23,6,545,25,PF,1,0,17,2,7,0.286,1,3,0.333,1,4,0.25,0.357,1,2,0.5,1,3,4,5,1,1,0,3,6,0
1736,25,6,546,26,SG,2,0,20,2,10,0.2,1,4,0.25,1,6,0.167,0.25,1,2,0.5,4,4,8,1,2,0,2,0,6,0
2151,12,6,547,23,C,1,0,5,2,4,0.5,0,1,0.0,2,3,0.667,0.5,2,2,1.0,0,1,1,0,0,0,0,0,6,0
1188,28,6,548,19,PF,7,0,32,2,5,0.4,0,0,,2,5,0.4,0.4,1,2,0.5,4,4,8,2,0,1,2,5,5,0
1597,26,6,549,28,PF,4,0,12,2,4,0.5,1,1,1.0,1,3,0.333,0.625,0,0,,1,2,3,1,0,0,0,1,5,0
2124,9,6,550,25,SG,1,0,4,2,2,1.0,1,1,1.0,1,1,1.0,1.25,0,0,,0,0,0,1,0,0,0,0,5,0
1421,9,6,551,24,SF,1,0,17,1,8,0.125,0,6,0.0,1,2,0.5,0.125,2,2,1.0,4,3,7,2,0,0,0,0,4,0
1494,27,6,552,22,SF,5,0,35,2,4,0.5,0,1,0.0,2,3,0.667,0.5,0,0,,2,7,9,3,3,0,1,2,4,0
1173,28,6,553,24,SG,4,0,33,1,7,0.143,0,3,0.0,1,4,0.25,0.143,1,1,1.0,0,4,4,3,2,0,4,1,3,0
1233,3,6,554,21,SG,5,0,10,1,7,0.143,0,3,0.0,1,4,0.25,0.143,1,2,0.5,0,2,2,0,0,0,0,0,3,0
1572,10,6,555,27,SF,3,0,11,0,4,0.0,0,1,0.0,0,3,0.0,0.0,3,6,0.5,1,1,2,0,2,0,1,0,3,0
1770,12,6,556,23,SG,5,0,8,1,6,0.167,0,3,0.0,1,3,0.333,0.167,1,1,1.0,0,0,0,1,0,0,1,2,3,0
1770,18,6,556,23,SG,3,0,8,0,2,0.0,0,0,,0,2,0.0,0.0,0,0,,2,2,4,1,1,0,1,2,0,0
1799,14,6,557,23,PG,2,0,10,1,5,0.2,1,5,0.2,0,0,,0.3,0,0,,0,0,0,1,0,0,1,0,3,0
1210,10,6,558,23,PG,2,0,16,1,3,0.333,0,0,,1,3,0.333,0.333,0,0,,2,1,3,4,2,0,0,5,2,0
1617,21,6,559,25,SF,6,0,21,0,2,0.0,0,1,0.0,0,1,0.0,0.0,2,4,0.5,1,2,3,1,0,0,1,4,2,0
1773,18,6,560,22,PG,3,0,13,0,1,0.0,0,1,0.0,0,0,,0.0,1,2,0.5,0,4,4,3,0,0,4,1,1,0
1248,26,6,561,27,SG,1,0,8,0,2,0.0,0,1,0.0,0,1,0.0,0.0,0,0,,0,1,1,1,0,0,0,0,0,0
1297,18,6,562,24,C,2,0,5,0,0,,0,0,,0,0,,,0,0,,0,0,0,1,0,0,0,2,0,0
1680,22,6,563,26,SG,2,0,10,0,2,0.0,0,1,0.0,0,1,0.0,0.0,0,0,,0,1,1,3,0,0,0,2,0,0
1684,30,6,564,27,SF,4,0,7,0,0,,0,0,,0,0,,,0,0,,0,0,0,1,1,0,0,0,0,0
1718,27,6,565,24,SF,1,0,7,0,1,0.0,0,1,0.0,0,0,,0.0,0,0,,0,2,2,0,0,0,0,0,0,0
1789,12,6,566,29,C,1,0,3,0,0,,0,0,,0,0,,,0,0,,0,1,1,1,0,0,0,0,0,0
1868,15,6,567,23,SG,3,0,3,0,1,0.0,0,0,,0,1,0.0,0.0,0,0,,0,0,0,0,0,0,0,0,0,0
2002,16,6,568,24,PG,3,0,6,0,2,0.0,0,1,0.0,0,1,0.0,0.0,0,0,,0,2,2,0,1,0,0,0,0,0
2015,26,6,569,25,PF,3,0,6,0,1,0.0,0,0,,0,1,0.0,0.0,0,0,,1,0,1,2,0,0,0,0,0,0
1271,14,7,1,26,PG,64,64,2289,693,1457,0.476,254,694,0.366,439,763,0.575,0.563,503,645,0.78,41,454,495,530,105,34,255,153,2143,8
1367,21,7,2,27,PG,68,68,2259,731,1321,0.553,115,298,0.386,616,1023,0.602,0.597,540,614,0.879,38,254,292,448,95,52,151,139,2117,0
1133,2,7,3,29,SF,71,71,2443,736,1543,0.477,140,404,0.347,596,1139,0.523,0.522,426,536,0.795,81,411,492,364,72,27,259,191,2038,3
1289,11,7,4,37,SF,78,78,2840,716,1376,0.52,186,450,0.413,530,926,0.572,0.588,408,467,0.874,41,385,426,372,62,71,246,142,2026,0
1673,23,7,5,25,PG,70,70,2661,694,1501,0.462,220,599,0.367,474,902,0.525,0.536,372,417,0.892,24,266,290,461,130,55,171,151,1980,0
1723,6,7,6,29,SG,70,70,2342,678,1403,0.483,224,616,0.364,454,787,0.577,0.563,372,430,0.865,50,266,316,398,104,20,198,163,1952,0
1139,20,7,7,29,PG,74,74,2590,689,1475,0.467,195,528,0.369,494,947,0.522,0.533,354,421,0.841,31,216,247,503,57,8,175,170,1927,0
1752,8,7,8,28,PG,75,75,2652,657,1360,0.483,245,563,0.435,412,797,0.517,0.573,346,390,0.887,32,298,330,535,66,29,171,131,1905,0
1615,13,7,9,34,SF,65,65,2085,635,1258,0.505,172,445,0.387,463,813,0.569,0.573,371,416,0.892,71,342,413,234,122,27,133,78,1813,0
1539,8,7,10,30,C,65,65,2265,644,1132,0.569,112,295,0.38,532,837,0.636,0.618,399,480,0.831,192,644,836,697,92,53,243,173,1799,34
1295,18,7,11,24,SG,61,60,2137,602,1231,0.489,205,514,0.399,397,717,0.554,0.572,348,437,0.796,36,266,302,226,83,49,174,118,1757,0
1101,24,7,12,29,SG,64,64,2146,546,1198,0.456,122,370,0.33,424,828,0.512,0.507,454,520,0.873,48,200,248,386,51,18,201,168,1668,0
1876,18,7,13,31,PF,79,79,2610,580,1207,0.481,109,346,0.315,471,861,0.547,0.526,398,496,0.802,132,400,532,398,86,18,217,223,1667,3
1493,28,7,14,28,SF,77,77,2604,614,1288,0.477,135,353,0.382,479,935,0.512,0.529,292,356,0.82,63,367,430,284,58,55,187,148,1655,0
1415,13,7,15,36,PG,44,44,1559,323,771,0.419,135,389,0.347,188,382,0.492,0.506,337,374,0.901,27,185,212,358,57,16,162,83,1118,2
1415,6,7,15,36,PG,26,26,879,164,352,0.466,80,184,0.435,84,168,0.5,0.58,126,150,0.84,13,111,124,199,22,12,83,54,534,0
1048,22,7,16,27,SG,82,82,2756,583,1205,0.484,167,427,0.391,416,778,0.535,0.553,314,346,0.908,98,240,338,338,86,37,164,252,1647,0
1009,1,7,17,27,SG,78,71,2603,548,1195,0.459,251,629,0.399,297,566,0.525,0.564,277,307,0.902,52,216,268,286,102,42,162,173,1624,0
1530,1,7,18,24,SF,72,72,2532,600,1228,0.489,120,341,0.352,480,887,0.541,0.537,301,382,0.788,101,639,740,566,89,31,244,151,1621,13
2109,27,7,19,22,C,64,55,1866,553,1080,0.512,122,350,0.349,431,730,0.59,0.569,372,450,0.827,130,606,736,199,66,197,155,156,1600,1
1047,22,7,20,23,PF,72,72,2502,529,1152,0.459,84,275,0.305,445,877,0.507,0.496,457,590,0.775,85,519,604,373,51,40,222,144,1599,3
1032,25,7,21,25,SF,66,66,2199,492,1064,0.462,125,393,0.318,367,671,0.547,0.521,489,610,0.802,74,380,454,442,51,41,253,168,1598,3
1236,9,7,22,24,PG,64,64,2172,548,1189,0.461,125,366,0.342,423,823,0.514,0.513,310,382,0.812,56,299,355,634,92,54,236,196,1531,3
2051,20,7,23,30,C,75,75,2322,517,1032,0.501,113,307,0.368,404,725,0.557,0.556,357,416,0.858,233,656,889,226,65,40,187,255,1504,1
1584,4,7,24,20,SF,81,80,2551,515,1084,0.475,273,642,0.425,242,442,0.548,0.601,195,226,0.863,97,335,432,274,57,19,161,169,1498,0
1962,12,7,25,31,PF,62,62,2057,559,1155,0.484,105,293,0.358,454,862,0.527,0.529,262,378,0.693,89,322,411,236,69,25,138,147,1485,0
1324,7,7,26,19,SF,70,70,2344,559,1194,0.468,72,244,0.295,487,950,0.513,0.498,283,342,0.827,86,380,466,316,84,64,161,142,1473,0
1004,16,7,27,28,C,73,73,2365,506,1145,0.442,127,400,0.318,379,745,0.509,0.497,329,423,0.778,149,583,732,232,86,49,120,122,1468,0
1949,11,7,28,23,C,72,72,2398,583,1123,0.519,40,131,0.305,543,992,0.547,0.537,260,376,0.691,215,425,640,445,85,77,227,238,1466,4
1054,28,7,29,24,PF,80,80,2681,569,1123,0.507,68,224,0.304,501,899,0.557,0.537,242,297,0.815,149,451,600,474,114,116,210,211,1448,3
1044,4,7,30,24,PG,72,69,2017,506,1244,0.407,272,740,0.368,234,504,0.464,0.516,161,179,0.899,65,282,347,514,87,17,202,195,1445,1
2031,11,7,31,23,PG,79,79,2953,557,1044,0.534,25,116,0.216,532,928,0.573,0.545,304,390,0.779,235,379,614,420,119,48,190,175,1443,0
1681,30,7,32,34,SG,35,35,1082,240,529,0.454,96,244,0.393,144,285,0.505,0.544,82,102,0.804,23,101,124,126,24,9,58,73,658,0
1681,1,7,32,34,PG,41,25,1182,285,625,0.456,95,266,0.357,190,359,0.529,0.532,101,135,0.748,39,89,128,167,40,26,77,71,766,0
1749,19,7,33,25,SF,66,66,2341,494,1050,0.47,214,565,0.379,280,485,0.577,0.572,218,246,0.886,63,314,377,250,99,24,120,138,1420,0
1258,26,7,34,36,PF,77,77,2406,499,1005,0.497,47,147,0.32,452,858,0.527,0.52,374,431,0.868,35,191,226,316,80,23,96,149,1419,0
1290,9,7,35,22,C,70,70,1976,522,803,0.65,0,0,,522,803,0.65,0.65,321,430,0.747,265,472,737,138,57,59,130,195,1365,0
1865,2,7,36,28,PG,79,50,2556,506,1091,0.464,212,562,0.377,294,529,0.556,0.561,121,136,0.89,69,243,312,408,58,10,109,118,1345,0
1336,27,7,37,28,PG,72,72,2231,509,1047,0.486,131,395,0.332,378,652,0.58,0.549,187,246,0.76,42,228,270,445,89,19,164,162,1336,0
1118,4,7,38,27,PF,77,77,2387,479,1042,0.46,148,445,0.333,331,597,0.554,0.531,208,253,0.822,75,375,450,246,46,34,107,131,1314,0
1708,4,7,39,23,SF,65,65,1968,454,1044,0.435,204,533,0.383,250,511,0.489,0.533,199,223,0.892,70,249,319,217,66,44,163,180,1311,0
2144,19,7,40,25,PF,62,55,1841,484,807,0.6,1,4,0.25,483,803,0.601,0.6,333,465,0.716,125,228,353,199,60,34,126,141,1302,0
1911,17,7,41,23,PG,74,67,2376,486,1030,0.472,184,453,0.406,302,577,0.523,0.561,125,157,0.796,54,284,338,414,110,31,201,193,1281,0
1360,29,7,42,22,PG,54,54,1786,402,881,0.456,134,361,0.371,268,520,0.515,0.532,337,378,0.892,23,176,199,332,58,14,166,120,1275,0
1080,19,7,43,26,SF,72,64,2246,436,967,0.451,151,412,0.367,285,555,0.514,0.529,248,295,0.841,121,279,400,182,68,7,68,95,1271,0
2115,2,7,44,31,SG,77,77,2625,437,1108,0.394,209,640,0.327,228,468,0.487,0.489,184,204,0.902,86,253,339,414,88,98,134,119,1267,0
1861,16,7,45,32,SG,58,52,1717,421,895,0.47,156,410,0.38,265,485,0.546,0.558,263,318,0.827,22,181,203,143,64,14,111,127,1261,0
1851,3,7,46,27,SF,52,52,1689,444,958,0.463,176,485,0.363,268,473,0.567,0.555,195,227,0.859,69,298,367,158,55,13,122,116,1259,0
1512,14,7,47,41,SF,60,60,1989,473,919,0.515,77,243,0.317,396,676,0.586,0.557,233,316,0.737,43,321,364,432,72,35,179,81,1256,3
1153,5,7,48,21,PF,77,77,2248,446,963,0.463,173,495,0.349,273,468,0.583,0.553,187,238,0.786,77,371,448,158,55,116,159,177,1252,0
1983,11,7,49,22,PF,77,77,2705,438,974,0.45,177,488,0.363,261,486,0.537,0.541,162,209,0.775,108,421,529,143,56,71,105,192,1215,0
1294,23,7,50,20,SG,75,75,2623,451,1030,0.438,149,421,0.354,302,609,0.496,0.51,148,181,0.818,122,301,423,315,107,39,137,214,1199,0
1879,14,7,51,27,SG,51,45,1762,373,762,0.49,118,328,0.36,255,434,0.588,0.567,323,371,0.871,33,207,240,280,56,20,151,110,1187,0
1117,20,7,52,29,SF,82,82,2692,472,963,0.49,156,420,0.371,316,543,0.582,0.571,81,98,0.827,79,233,312,304,107,62,83,160,1181,0
1465,21,7,53,23,PF,69,69,1997,434,779,0.557,88,243,0.362,346,536,0.646,0.614,225,284,0.792,130,485,615,115,43,131,107,158,1181,0
1725,6,7,54,24,PF,65,63,2074,469,859,0.546,62,209,0.297,407,650,0.626,0.582,180,297,0.606,156,430,586,234,48,113,122,159,1180,0
1316,19,7,55,19,PG,82,49,2112,437,1006,0.434,101,306,0.33,336,700,0.48,0.485,194,246,0.789,60,240,300,279,97,30,178,151,1169,0
1515,16,7,56,24,SF,75,1,2121,464,915,0.507,58,183,0.317,406,732,0.555,0.539,166,216,0.769,96,279,375,352,51,21,152,137,1152,0
1872,28,7,57,26,PG,70,70,2231,401,905,0.443,178,476,0.374,223,429,0.52,0.541,170,207,0.821,38,244,282,415,92,5,102,141,1150,0
1238,10,7,58,37,PG,43,41,1329,374,799,0.468,190,484,0.393,184,315,0.584,0.587,204,221,0.923,17,137,154,203,49,17,121,75,1142,0
1176,27,7,59,21,PG,68,67,2038,385,817,0.471,81,244,0.332,304,573,0.531,0.521,282,384,0.734,98,264,362,502,78,19,217,222,1133,5
1841,10,7,60,22,SG,82,43,2333,394,866,0.455,153,412,0.371,241,454,0.531,0.543,192,241,0.797,72,347,419,304,88,15,131,136,1133,0
1125,24,7,61,30,SF,56,56,1702,417,959,0.435,127,369,0.344,290,590,0.492,0.501,170,202,0.842,43,160,203,99,57,9,98,183,1131,0
1657,7,7,62,28,SF,74,47,2184,419,821,0.51,62,213,0.291,357,608,0.587,0.548,228,300,0.76,65,283,348,241,82,6,119,143,1128,0
1656,29,7,63,28,PF,42,42,1443,384,805,0.477,115,324,0.355,269,481,0.559,0.548,240,268,0.896,84,205,289,89,42,21,63,77,1123,0
1794,1,7,64,25,C,74,63,2297,413,860,0.48,144,383,0.376,269,477,0.564,0.564,153,202,0.757,140,422,562,231,82,79,127,243,1123,0
1027,20,7,65,28,PF,67,67,2224,389,804,0.484,157,407,0.386,232,397,0.584,0.581,183,221,0.828,85,266,351,145,104,48,123,164,1118,0
1950,29,7,66,22,SF,75,22,1762,394,857,0.46,162,442,0.367,232,415,0.559,0.554,166,201,0.826,56,175,231,143,54,12,124,143,1116,0
1959,11,7,67,21,SG,82,21,2147,407,946,0.43,227,576,0.394,180,370,0.486,0.55,69,86,0.802,28,210,238,277,122,54,123,166,1110,0
1158,25,7,68,25,PF,82,82,2731,392,891,0.44,219,592,0.37,173,299,0.579,0.563,97,137,0.708,129,292,421,201,94,35,144,237,1100,0
1056,28,7,69,25,SF,57,57,1726,401,816,0.491,96,283,0.339,305,533,0.572,0.55,200,279,0.717,55,245,300,189,42,19,99,147,1098,0
1685,18,7,70,25,PF,73,73,2316,417,809,0.515,103,250,0.412,314,559,0.562,0.579,147,176,0.835,76,234,310,199,81,73,131,244,1084,0
1532,27,7,71,26,SF,82,0,1911,414,797,0.519,99,273,0.363,315,524,0.601,0.582,154,194,0.794,137,303,440,111,46,11,70,162,1081,0
1414,8,7,72,33,SG,80,6,2127,348,779,0.447,224,550,0.407,124,229,0.541,0.591,159,196,0.811,17,189,206,108,42,10,43,100,1079,0
1382,25,7,73,31,PF,57,38,1695,331,730,0.453,136,350,0.389,195,380,0.513,0.547,262,322,0.814,55,143,198,122,42,36,119,142,1060,0
1951,4,7,74,27,SG,42,12,938,202,414,0.488,57,145,0.393,145,269,0.539,0.557,135,154,0.877,18,62,80,157,36,7,89,75,596,0
1951,5,7,74,27,SG,26,10,676,158,328,0.482,55,134,0.41,103,194,0.531,0.566,83,101,0.822,23,52,75,66,40,3,52,69,454,0
1888,18,7,75,26,C,77,3,2007,397,871,0.456,162,448,0.362,235,423,0.556,0.549,90,123,0.732,90,387,477,170,76,78,126,195,1046,0
2122,16,7,76,30,SF,68,68,2063,390,821,0.475,138,333,0.414,252,488,0.516,0.559,127,162,0.784,115,214,329,182,76,69,103,156,1045,0
1955,25,7,77,22,SG,50,42,1471,392,868,0.452,103,306,0.337,289,562,0.514,0.511,155,197,0.787,51,166,217,132,70,6,147,98,1042,0
1274,5,7,78,26,SG,45,10,1187,250,486,0.514,87,193,0.451,163,293,0.556,0.604,90,105,0.857,33,103,136,164,34,12,61,78,677,0
1274,18,7,78,26,SG,24,9,694,136,261,0.521,36,87,0.414,100,174,0.575,0.59,37,40,0.925,14,87,101,85,24,6,35,52,345,1
1305,23,7,79,31,C,38,38,1201,341,697,0.489,53,159,0.333,288,538,0.535,0.527,286,335,0.854,75,218,293,150,21,46,109,82,1021,1
1369,24,7,80,26,PG,80,58,2282,352,842,0.418,232,578,0.401,120,264,0.455,0.556,76,87,0.874,89,238,327,371,99,16,125,130,1012,0
1398,23,7,81,25,SG,75,19,2206,340,755,0.45,127,380,0.334,213,375,0.568,0.534,199,237,0.84,46,227,273,244,64,28,133,155,1006,0
1270,18,7,82,29,SG,82,82,2494,339,835,0.406,244,644,0.379,95,191,0.497,0.552,78,105,0.743,67,269,336,313,104,34,118,197,1000,0
1022,17,7,83,31,PF,36,36,1039,373,598,0.624,15,45,0.333,358,553,0.647,0.636,232,357,0.65,98,254,352,196,34,24,115,86,993,0
1040,29,7,84,19,SF,72,61,1988,395,892,0.443,137,398,0.344,258,494,0.522,0.52,66,88,0.75,104,198,302,131,60,49,107,193,993,0
2111,26,7,85,37,SF,64,58,1853,358,839,0.427,128,379,0.338,230,460,0.5,0.503,127,183,0.694,80,268,348,426,83,12,209,147,971,6
1763,12,7,86,26,PG,57,57,1786,333,753,0.442,107,296,0.361,226,457,0.495,0.513,193,234,0.825,25,135,160,437,51,8,137,126,966,0
2074,5,7,87,35,C,48,48,1480,333,660,0.505,82,218,0.376,251,442,0.568,0.567,62,74,0.838,100,331,431,181,32,31,69,97,810,0
2074,2,7,87,35,C,16,1,338,61,139,0.439,18,53,0.34,43,86,0.5,0.504,15,19,0.789,25,81,106,32,7,10,16,30,155,0
1087,22,7,88,22,PG,64,40,1910,345,772,0.447,100,300,0.333,245,472,0.519,0.512,169,231,0.732,47,197,244,236,91,45,132,170,959,0
1670,12,7,89,23,SF,28,24,891,155,358,0.433,58,156,0.372,97,202,0.48,0.514,129,146,0.884,22,129,151,63,17,4,64,76,497,0
1670,13,7,89,23,SF,26,1,729,136,319,0.426,17,82,0.207,119,237,0.502,0.453,163,190,0.858,33,109,142,66,26,9,54,61,452,0
1869,19,7,90,21,C,81,48,2023,354,748,0.473,23,88,0.261,331,660,0.502,0.489,217,273,0.795,136,436,572,298,84,74,190,215,948,2
1192,7,7,91,22,SG,77,68,2244,320,725,0.441,180,446,0.404,140,279,0.502,0.566,125,139,0.899,15,234,249,151,47,27,96,98,945,0
1902,9,7,92,31,SG,77,77,2113,318,698,0.456,220,536,0.41,98,162,0.605,0.613,83,110,0.755,29,176,205,159,44,22,54,168,939,0
1209,13,7,93,28,PF,69,56,1872,364,659,0.552,89,219,0.406,275,440,0.625,0.62,118,154,0.766,110,257,367,70,60,51,95,187,935,0
1204,25,7,94,21,C,77,77,2094,356,684,0.52,84,246,0.341,272,438,0.621,0.582,138,203,0.68,347,545,892,162,44,130,95,182,934,0
2070,27,7,95,25,SG,67,65,2044,330,755,0.437,166,432,0.384,164,323,0.508,0.547,106,130,0.815,39,230,269,167,57,25,60,106,932,0
1503,15,7,96,26,C,45,45,1382,318,670,0.475,79,220,0.359,239,450,0.531,0.534,149,187,0.797,41,218,259,86,47,68,100,170,864,0
1503,29,7,96,26,C,3,3,72,24,49,0.49,5,15,0.333,19,34,0.559,0.541,14,16,0.875,1,12,13,8,6,1,7,9,67,0
1172,22,7,97,26,C,78,78,2288,326,637,0.512,72,226,0.319,254,411,0.618,0.568,198,250,0.792,162,415,577,154,60,49,100,267,922,0
1877,26,7,98,22,C,74,56,1964,383,671,0.571,24,74,0.324,359,597,0.601,0.589,132,168,0.786,142,414,556,100,38,39,94,170,922,0
1364,5,7,99,23,PG,54,51,1731,321,717,0.448,103,283,0.364,218,434,0.502,0.52,174,228,0.763,67,381,448,494,55,27,196,90,919,13
1853,17,7,100,30,PF,67,9,1619,366,750,0.488,135,296,0.456,231,454,0.509,0.578,48,68,0.706,89,339,428,105,41,12,66,110,915,0
1554,5,7,101,26,PG,65,41,1752,341,617,0.553,41,130,0.315,300,487,0.616,0.586,191,227,0.841,38,166,204,350,76,11,92,94,914,0
1181,27,7,102,24,SF,82,68,2266,301,689,0.437,195,512,0.381,106,177,0.599,0.578,114,135,0.844,74,399,473,127,62,38,69,131,911,0
1240,1,7,103,22,SG,76,76,2520,402,777,0.517,22,117,0.188,380,660,0.576,0.532,75,122,0.615,184,336,520,449,149,31,135,166,901,2
1034,14,7,104,27,C,72,72,1958,403,601,0.671,0,0,,403,601,0.671,0.671,91,141,0.645,185,390,575,59,41,70,83,157,897,0
1596,17,7,105,30,PF,69,43,1806,339,689,0.492,83,239,0.347,256,450,0.569,0.552,135,186,0.726,57,256,313,184,46,28,119,134,896,0
1649,28,7,106,26,C,80,13,1751,330,631,0.523,115,296,0.389,215,335,0.642,0.614,118,158,0.747,108,287,395,151,64,41,67,147,893,0
2082,12,7,107,22,PF,76,41,1953,307,733,0.419,133,356,0.374,174,377,0.462,0.51,137,183,0.749,49,342,391,192,63,26,139,124,884,0
1321,29,7,108,22,C,77,41,1801,323,657,0.492,74,228,0.325,249,429,0.58,0.548,159,212,0.75,144,408,552,198,73,39,125,232,879,0
1166,30,7,109,20,PG,82,48,2271,314,741,0.424,169,414,0.408,145,327,0.443,0.538,81,111,0.73,33,243,276,381,52,17,191,184,878,0
2062,6,7,110,23,SG,66,42,1777,330,670,0.493,133,298,0.446,197,372,0.53,0.592,79,107,0.738,118,220,338,147,54,28,99,164,872,0
2113,5,7,111,25,SG,29,26,843,172,393,0.438,72,208,0.346,100,185,0.541,0.529,124,154,0.805,7,101,108,136,20,2,88,71,540,0
2113,4,7,111,25,SG,21,0,406,106,230,0.461,43,110,0.391,63,120,0.525,0.554,73,87,0.839,10,52,62,64,5,3,40,40,328,0
1459,25,7,112,35,PG,53,51,1560,320,709,0.451,137,362,0.378,183,347,0.527,0.548,88,105,0.838,71,174,245,322,54,6,146,78,865,0
2108,15,7,113,22,SG,69,69,1821,301,698,0.431,129,365,0.353,172,333,0.517,0.524,134,171,0.784,61,159,220,111,61,9,74,148,865,0
1013,6,7,114,27,C,56,56,1519,337,528,0.638,1,10,0.1,336,518,0.649,0.639,185,261,0.709,144,332,476,100,55,47,75,95,860,0
2126,7,7,115,26,PG,66,15,1463,291,617,0.472,36,155,0.232,255,462,0.552,0.501,241,304,0.793,30,161,191,256,62,20,125,103,859,0
2094,16,7,116,21,C,77,34,1704,344,649,0.53,92,233,0.395,252,416,0.606,0.601,71,96,0.74,217,477,694,56,59,84,62,119,851,0
2060,17,7,117,29,C,71,71,1912,284,646,0.44,147,384,0.383,137,262,0.523,0.553,131,177,0.74,75,303,378,103,50,115,83,185,846,0
1353,6,7,118,26,PG,26,26,792,170,377,0.451,59,164,0.36,111,213,0.521,0.529,68,79,0.861,12,51,63,180,21,3,73,48,467,0
1353,13,7,118,26,PG,19,17,552,139,295,0.471,63,144,0.438,76,151,0.503,0.578,37,43,0.86,6,38,44,121,22,5,57,36,378,0
1225,15,7,119,22,SG,62,47,1598,305,648,0.471,93,275,0.338,212,373,0.568,0.542,140,166,0.843,83,281,364,171,40,27,105,126,843,0
1012,24,7,120,30,SG,51,27,1467,269,667,0.403,159,455,0.349,110,212,0.519,0.522,144,168,0.857,37,118,155,195,69,13,83,117,841,0
1428,9,7,121,33,PF,63,63,1746,309,659,0.469,82,223,0.368,227,436,0.521,0.531,136,157,0.866,55,268,323,157,58,26,63,107,836,0
1372,18,7,122,33,C,76,76,2380,335,491,0.682,0,5,0.0,335,486,0.689,0.682,159,302,0.526,299,573,872,128,58,124,106,199,829,0
1419,27,7,123,19,SG,69,4,1558,331,656,0.505,61,178,0.343,270,478,0.565,0.551,90,119,0.756,54,180,234,266,54,24,99,139,813,0
1199,3,7,124,26,C,69,68,1920,333,583,0.571,3,19,0.158,330,564,0.585,0.574,141,229,0.616,168,310,478,253,45,77,96,158,810,2
2034,7,7,125,35,SF,69,8,1497,286,728,0.393,202,527,0.383,84,201,0.418,0.532,36,47,0.766,18,125,143,96,33,22,63,70,810,0
1205,3,7,126,21,PF,66,60,1780,250,631,0.396,129,392,0.329,121,239,0.506,0.498,180,224,0.804,52,221,273,108,50,45,102,168,809,0
1388,17,7,127,26,SG,78,68,2270,262,618,0.424,232,554,0.419,30,64,0.469,0.612,53,62,0.855,29,184,213,152,39,8,75,179,809,0
1604,16,7,128,24,SG,70,54,1849,277,559,0.496,62,192,0.323,215,367,0.586,0.551,184,231,0.797,69,175,244,236,49,16,101,148,800,0
1996,15,7,129,25,SG,72,20,1714,263,556,0.473,146,325,0.449,117,231,0.506,0.604,126,134,0.94,40,143,183,400,52,11,93,103,798,0
2097,7,7,130,27,PF,56,53,1736,296,658,0.45,76,234,0.325,220,424,0.519,0.508,125,182,0.687,84,310,394,98,55,60,94,119,793,0
1430,20,7,131,30,SF,66,52,1994,301,592,0.508,100,242,0.413,201,350,0.574,0.593,90,125,0.72,93,393,486,317,75,17,128,165,792,2
2106,8,7,132,23,SF,54,40,1598,285,581,0.491,81,197,0.411,204,384,0.531,0.56,138,189,0.73,49,215,264,111,50,61,93,136,789,0
2007,22,7,133,24,PG,57,56,1574,282,649,0.435,122,360,0.339,160,289,0.554,0.529,100,117,0.855,36,184,220,312,105,40,152,145,786,1
1522,21,7,134,26,SG,71,9,1507,247,543,0.455,181,428,0.423,66,115,0.574,0.622,110,123,0.894,33,148,181,94,50,11,45,121,785,0
1966,2,7,135,26,SG,49,0,1202,250,568,0.44,130,329,0.395,120,239,0.502,0.555,64,72,0.889,26,92,118,116,27,6,55,82,694,0
1966,5,7,135,26,SG,6,5,170,35,80,0.438,16,50,0.32,19,30,0.633,0.538,5,5,1.0,5,12,17,18,0,2,13,12,91,0
1479,12,7,136,27,C,82,47,1719,291,611,0.476,119,373,0.319,172,238,0.723,0.574,82,99,0.828,73,251,324,121,41,153,76,196,783,0
1934,30,7,137,20,C,48,48,1305,316,656,0.482,50,150,0.333,266,506,0.526,0.52,101,146,0.692,105,250,355,130,39,95,82,105,783,0
1403,14,7,138,27,PF,68,41,1927,307,597,0.514,116,262,0.443,191,335,0.57,0.611,50,72,0.694,41,185,226,57,39,21,42,110,780,0
1871,2,7,139,26,C,76,75,1926,326,499,0.653,1,8,0.125,325,491,0.662,0.654,123,175,0.703,230,406,636,126,60,100,75,216,776,0
1721,21,7,140,23,SG,57,16,1473,286,590,0.485,61,176,0.347,225,414,0.543,0.536,141,162,0.87,40,150,190,206,71,18,81,119,774,0
1730,26,7,141,27,SG,62,3,1364,277,632,0.438,124,314,0.395,153,318,0.481,0.536,94,107,0.879,15,102,117,185,37,24,91,99,772,0
1053,27,7,142,33,PF,77,52,1986,262,575,0.456,139,358,0.388,123,217,0.567,0.577,102,123,0.829,62,151,213,148,50,12,61,85,765,0
1804,24,7,143,32,SF,78,67,2213,263,625,0.421,212,520,0.408,51,105,0.486,0.59,27,38,0.711,59,313,372,208,84,32,103,177,765,0
1896,30,7,144,19,SF,74,18,1633,271,618,0.439,78,247,0.316,193,371,0.52,0.502,144,180,0.8,56,156,212,146,54,9,94,91,764,0
1243,22,7,145,24,SF,77,34,1899,279,620,0.45,120,321,0.374,159,299,0.532,0.547,84,95,0.884,58,226,284,124,68,25,69,117,762,0
1151,10,7,146,36,SF,38,38,1182,240,462,0.519,32,85,0.376,208,377,0.552,0.554,248,287,0.864,88,123,211,185,55,8,60,46,760,0
1941,26,7,147,32,PG,40,14,1056,172,422,0.408,57,166,0.343,115,256,0.449,0.475,109,133,0.82,22,100,122,211,32,6,79,66,510,0
1941,6,7,147,32,PG,30,3,641,83,207,0.401,18,62,0.29,65,145,0.448,0.444,62,72,0.861,11,57,68,130,23,5,45,43,246,0
1605,26,7,148,30,SG,39,37,1224,262,547,0.479,99,254,0.39,163,293,0.556,0.569,125,142,0.88,8,100,108,89,28,10,74,81,748,0
1001,26,7,149,26,C,73,57,1745,316,598,0.528,27,97,0.278,289,501,0.577,0.551,77,139,0.554,177,315,492,101,65,50,65,123,736,0
1537,30,7,150,19,SG,60,42,1443,271,647,0.419,115,321,0.358,156,326,0.479,0.508,76,87,0.874,29,141,170,122,33,18,93,122,733,0
1732,10,7,151,23,SG,60,49,1540,245,557,0.44,151,377,0.401,94,180,0.522,0.575,87,113,0.77,51,149,200,98,58,34,57,122,728,0
2032,9,7,152,23,SF,73,72,1896,303,577,0.525,6,24,0.25,297,553,0.537,0.53,109,191,0.571,150,268,418,228,146,69,110,198,721,0
1432,2,7,153,28,PF,78,49,1934,252,601,0.419,198,504,0.393,54,97,0.557,0.584,17,20,0.85,56,244,300,114,38,23,35,113,719,0
1600,15,7,154,30,C,45,25,1060,200,389,0.514,49,129,0.38,151,260,0.581,0.577,60,89,0.674,141,151,292,75,25,22,46,102,509,0
1600,1,7,154,30,C,23,2,446,82,159,0.516,25,64,0.391,57,95,0.6,0.594,20,37,0.541,42,53,95,40,10,14,14,48,209,0
1361,30,7,155,22,SF,48,48,1391,253,577,0.438,99,260,0.381,154,317,0.486,0.524,105,131,0.802,43,202,245,214,48,43,125,169,710,0
1809,23,7,156,30,SF,50,41,1574,254,544,0.467,86,239,0.36,168,305,0.551,0.546,111,145,0.766,50,202,252,80,68,24,69,127,705,0
2138,24,7,157,24,C,60,55,1416,282,438,0.644,1,1,1.0,281,437,0.643,0.645,135,175,0.771,185,292,477,58,55,55,65,132,700,0
2077,22,7,158,24,SF,34,32,1019,244,507,0.481,48,139,0.345,196,368,0.533,0.529,163,198,0.823,43,134,177,113,32,11,58,72,699,0
1478,5,7,159,27,SF,44,11,1037,184,404,0.455,70,223,0.314,114,181,0.63,0.542,41,56,0.732,23,146,169,116,35,26,49,85,479,0
1478,9,7,159,27,SG,25,3,512,85,192,0.443,30,102,0.294,55,90,0.611,0.521,14,15,0.933,11,60,71,62,28,7,23,30,214,0
1208,29,7,160,21,PG,59,19,1517,255,515,0.495,27,100,0.27,228,415,0.549,0.521,151,209,0.722,21,129,150,423,66,20,148,138,688,0
1501,15,7,161,21,PF,55,28,1178,255,514,0.496,64,193,0.332,191,321,0.595,0.558,112,151,0.742,49,186,235,81,31,44,85,75,686,0
1446,16,7,162,26,SG,33,28,1033,247,515,0.48,84,222,0.378,163,293,0.556,0.561,99,108,0.917,14,144,158,136,23,12,64,62,677,0
2172,13,7,163,28,C,43,42,1328,263,429,0.613,0,0,,263,429,0.613,0.613,93,132,0.705,148,325,473,96,16,36,82,104,619,0
2172,12,7,163,28,C,5,5,118,25,53,0.472,0,0,,25,53,0.472,0.472,8,10,0.8,14,22,36,9,2,4,4,8,58,0
1603,14,7,164,24,PF,82,43,2061,240,523,0.459,78,243,0.321,162,280,0.579,0.533,116,152,0.763,116,210,326,145,104,38,87,196,674,0
1520,9,7,165,24,PG,72,19,1455,232,568,0.408,73,195,0.374,159,373,0.426,0.473,134,161,0.832,51,115,166,278,64,15,115,107,671,0
1702,6,7,166,29,SG,52,38,1377,223,484,0.461,158,375,0.421,65,109,0.596,0.624,59,69,0.855,28,105,133,125,33,7,42,127,663,0
1850,17,7,167,25,PG,38,36,1261,239,514,0.465,46,143,0.322,193,371,0.52,0.51,137,156,0.878,34,164,198,280,83,19,110,88,661,2
1526,8,7,168,29,SF,54,54,1647,228,475,0.48,110,256,0.43,118,219,0.539,0.596,94,112,0.839,43,163,206,132,40,21,47,125,660,0
2086,21,7,169,22,SG,77,58,2046,252,584,0.432,101,288,0.351,151,296,0.51,0.518,55,68,0.809,63,175,238,200,150,28,73,154,660,0
1221,30,7,170,21,SG,56,56,1468,230,541,0.425,65,204,0.319,165,337,0.49,0.485,132,177,0.746,48,195,243,145,75,54,81,130,657,0
1722,16,7,171,27,PG,70,70,2000,261,533,0.49,90,228,0.395,171,305,0.561,0.574,42,65,0.646,32,154,186,453,68,11,108,181,654,0
1569,1,7,172,29,SG,46,0,944,129,240,0.538,74,149,0.497,55,91,0.604,0.692,32,35,0.914,19,80,99,96,33,5,32,53,364,0
1569,14,7,172,29,SG,32,6,737,107,203,0.527,43,96,0.448,64,107,0.598,0.633,31,34,0.912,13,70,83,78,22,3,28,48,288,1
1128,8,7,173,29,SG,82,4,1998,248,522,0.475,57,148,0.385,191,374,0.511,0.53,96,126,0.762,85,233,318,174,85,20,91,195,649,0
1203,26,7,174,23,SG,75,28,1882,249,596,0.418,77,231,0.333,172,365,0.471,0.482,70,97,0.722,65,217,282,179,68,24,116,156,645,0
1362,23,7,175,35,PF,37,37,1135,225,513,0.439,100,255,0.392,125,258,0.484,0.536,91,111,0.82,20,176,196,133,62,16,64,84,641,0
1898,1,7,176,20,SF,67,46,1503,244,536,0.455,95,258,0.368,149,278,0.536,0.544,58,90,0.644,71,186,257,76,59,36,58,147,641,0
1461,9,7,177,20,SF,78,5,1551,235,544,0.432,50,198,0.253,185,346,0.535,0.478,120,149,0.805,83,232,315,95,92,27,96,183,640,0
1705,30,7,178,34,SF,34,34,827,130,300,0.433,33,99,0.333,97,201,0.483,0.488,58,69,0.841,30,104,134,111,26,9,57,86,351,0
1705,7,7,178,34,SF,29,16,612,97,240,0.404,34,87,0.391,63,153,0.412,0.475,61,67,0.91,21,76,97,65,15,0,51,58,289,0
1630,13,7,179,37,C,75,40,1635,232,542,0.428,114,317,0.36,118,225,0.524,0.533,56,74,0.757,47,226,273,97,45,87,61,154,634,0
1291,11,7,180,24,PF,60,34,1549,241,580,0.416,93,260,0.358,148,320,0.463,0.496,52,67,0.776,124,252,376,90,72,28,81,138,627,0
1038,30,7,181,26,PF,38,8,731,154,246,0.626,8,19,0.421,146,227,0.643,0.642,69,97,0.711,97,119,216,56,20,27,44,78,385,0
1038,7,7,181,26,PF,22,4,470,100,165,0.606,16,33,0.485,84,132,0.636,0.655,26,47,0.553,53,97,150,29,8,16,17,45,242,0
1931,10,7,182,23,PF,68,30,1395,230,460,0.5,78,222,0.351,152,238,0.639,0.585,87,120,0.725,75,191,266,159,61,22,102,142,625,0
1198,20,7,183,33,SG,72,1,1279,237,526,0.451,70,214,0.327,167,312,0.535,0.517,78,94,0.83,62,65,127,96,30,9,63,123,622,0
1766,12,7,184,26,SF,45,42,1335,212,512,0.414,105,277,0.379,107,235,0.455,0.517,92,111,0.829,48,139,187,86,26,23,63,124,621,0
1482,6,7,185,28,SF,43,23,1125,204,482,0.423,73,237,0.308,131,245,0.535,0.499,119,137,0.869,29,153,182,89,30,6,71,107,600,0
1482,26,7,185,28,SF,2,2,51,4,19,0.211,2,9,0.222,2,10,0.2,0.263,5,6,0.833,1,2,3,1,0,0,4,5,15,0
2121,21,7,186,27,SG,65,21,1414,231,536,0.431,96,270,0.356,135,266,0.508,0.521,53,72,0.736,41,158,199,109,60,28,81,83,611,0
1376,24,7,187,27,PG,70,10,1572,229,555,0.413,112,302,0.371,117,253,0.462,0.514,39,56,0.696,138,203,341,151,106,14,68,133,609,0
1487,18,7,188,25,PG,71,3,1177,212,468,0.453,116,299,0.388,96,169,0.568,0.577,64,82,0.78,23,104,127,188,44,17,70,120,604,0
1006,15,7,189,25,PF,43,11,1198,228,476,0.479,70,200,0.35,158,276,0.572,0.553,76,114,0.667,67,220,287,126,37,31,55,69,602,0
1700,10,7,190,27,PG,49,24,1125,215,528,0.407,72,245,0.294,143,283,0.505,0.475,100,121,0.826,39,119,158,125,77,20,91,91,602,0
1711,13,7,191,26,SF,60,1,1325,212,399,0.531,38,110,0.345,174,289,0.602,0.579,136,175,0.777,50,132,182,136,45,11,63,62,598,0
1180,30,7,192,24,SF,69,19,1377,232,462,0.502,53,166,0.319,179,296,0.605,0.56,80,102,0.784,145,239,384,84,59,43,45,114,597,0
1329,16,7,193,30,SF,70,9,1173,194,471,0.412,123,328,0.375,71,143,0.497,0.542,86,102,0.843,56,155,211,101,37,9,49,104,597,0
1287,13,7,194,31,PG,82,68,2230,227,477,0.476,80,214,0.374,147,263,0.559,0.56,62,81,0.765,58,213,271,295,131,14,111,189,596,0
2127,29,7,195,21,SG,67,41,1631,238,509,0.468,28,131,0.214,210,378,0.556,0.495,84,119,0.706,61,137,198,137,51,26,73,122,588,0
1795,5,7,196,25,SG,63,62,1695,211,459,0.46,73,221,0.33,138,238,0.58,0.539,89,112,0.795,69,104,173,100,46,29,46,162,584,0
1377,8,7,197,30,PF,36,33,1005,198,398,0.497,61,157,0.389,137,241,0.568,0.574,125,163,0.767,51,158,209,96,21,10,38,62,582,0
2004,9,7,198,24,C,58,13,1317,221,402,0.55,40,120,0.333,181,282,0.642,0.6,99,131,0.756,96,194,290,66,16,93,67,166,581,0
1978,14,7,199,31,SG,62,54,1769,188,476,0.395,97,293,0.331,91,183,0.497,0.497,106,129,0.822,36,136,172,185,87,23,92,162,579,0
1273,21,7,200,26,SF,69,69,1849,202,524,0.385,128,372,0.344,74,152,0.487,0.508,44,58,0.759,56,189,245,85,62,27,54,179,576,0
1259,4,7,201,24,C,73,47,1899,229,363,0.631,1,2,0.5,228,361,0.632,0.632,116,176,0.659,273,362,635,141,56,72,73,176,575,0
2145,3,7,202,24,SF,56,13,1281,184,433,0.425,86,251,0.343,98,182,0.538,0.524,119,140,0.85,30,104,134,60,76,21,59,116,573,0
1390,10,7,203,35,PF,68,68,1869,205,491,0.418,101,310,0.326,104,181,0.575,0.52,59,84,0.702,55,320,375,376,61,42,181,197,570,0
1392,9,7,204,32,SG,82,6,1446,185,414,0.447,94,247,0.381,91,167,0.545,0.56,105,125,0.84,62,168,230,56,102,25,45,107,569,0
1393,24,7,205,23,SG,32,27,828,216,512,0.422,71,227,0.313,145,285,0.509,0.491,65,87,0.747,16,100,116,91,34,8,72,42,568,0
2065,8,7,206,33,C,65,6,871,227,390,0.582,8,26,0.308,219,364,0.602,0.592,105,136,0.772,105,224,329,78,14,37,73,133,567,0
2026,3,7,207,24,SG,24,8,582,123,308,0.399,38,117,0.325,85,191,0.445,0.461,91,108,0.843,9,34,43,74,4,2,48,31,375,0
2026,17,7,207,24,SG,18,0,299,66,153,0.431,14,51,0.275,52,102,0.51,0.477,46,61,0.754,2,26,28,34,5,2,26,12,192,0
2130,21,7,208,24,SG,33,33,936,216,446,0.484,23,77,0.299,193,369,0.523,0.51,108,129,0.837,27,125,152,181,39,9,63,65,563,0
1678,23,7,209,21,SG,37,1,620,89,231,0.385,45,119,0.378,44,112,0.393,0.483,22,25,0.88,6,69,75,62,22,2,30,43,245,0
1678,21,7,209,21,SG,30,2,540,115,249,0.462,54,138,0.391,61,111,0.55,0.57,29,34,0.853,17,45,62,28,13,3,26,38,313,0
1356,2,7,210,27,C,69,6,1118,206,357,0.577,55,127,0.433,151,230,0.657,0.654,90,117,0.769,156,125,281,66,27,28,46,161,557,0
1592,1,7,211,25,PG,46,8,1028,143,308,0.464,101,239,0.423,42,69,0.609,0.628,27,36,0.75,19,78,97,68,37,13,30,108,414,0
1592,25,7,211,25,PG,19,0,364,49,121,0.405,27,89,0.303,22,32,0.688,0.517,11,15,0.733,12,39,51,32,10,5,11,30,136,0
1824,10,7,212,33,SG,73,1,1142,242,415,0.583,37,127,0.291,205,288,0.712,0.628,26,40,0.65,101,164,265,123,67,21,62,132,547,0
1052,23,7,213,22,PF,71,59,1689,215,399,0.539,21,82,0.256,194,317,0.612,0.565,94,131,0.718,133,207,340,87,63,53,56,150,545,0
1957,28,7,214,23,PG,82,12,1852,185,504,0.367,84,262,0.321,101,242,0.417,0.45,91,116,0.784,26,117,143,444,76,15,112,162,545,0
1982,5,7,215,25,C,53,21,1095,195,404,0.483,82,220,0.373,113,184,0.614,0.584,69,93,0.742,98,257,355,65,24,42,53,111,541,0
2091,28,7,216,21,SG,72,19,1474,180,404,0.446,110,269,0.409,70,135,0.519,0.582,71,90,0.789,56,129,185,86,73,14,37,162,541,0
1954,3,7,217,24,C,62,7,1160,214,356,0.601,9,39,0.231,205,317,0.647,0.614,103,152,0.678,171,242,413,145,67,26,106,147,540,0
1200,29,7,218,22,PG,45,0,811,102,256,0.398,44,143,0.308,58,113,0.513,0.484,58,62,0.935,15,73,88,143,24,12,57,78,306,0
1200,15,7,218,22,PG,24,6,599,75,205,0.366,31,101,0.307,44,104,0.423,0.441,51,59,0.864,10,41,51,136,20,7,59,41,232,0
1255,3,7,219,19,PG,52,45,1308,179,449,0.399,124,322,0.385,55,127,0.433,0.537,54,65,0.831,21,144,165,173,42,17,86,93,536,0
1854,1,7,220,30,C,17,12,413,96,210,0.457,31,86,0.36,65,124,0.524,0.531,68,81,0.84,21,66,87,46,9,22,16,54,291,0
1854,10,7,220,30,C,15,11,356,77,178,0.433,23,74,0.311,54,104,0.519,0.497,65,77,0.844,19,61,80,35,9,16,25,38,242,0
1577,30,7,221,26,SF,19,2,370,59,119,0.496,30,76,0.395,29,43,0.674,0.622,26,34,0.765,6,38,44,32,8,3,14,20,174,0
1577,1,7,221,26,SF,39,8,710,125,275,0.455,57,161,0.354,68,114,0.596,0.558,51,63,0.81,21,67,88,60,8,6,31,40,358,0
1489,24,7,222,23,PF,82,24,1808,239,366,0.653,0,1,0.0,239,365,0.655,0.653,53,117,0.453,138,280,418,185,73,57,101,218,531,0
1867,15,7,223,23,PF,53,24,984,192,350,0.549,60,148,0.405,132,202,0.653,0.634,86,114,0.754,59,128,187,51,40,13,47,83,530,0
2054,17,7,224,27,SG,65,21,1377,183,473,0.387,123,342,0.36,60,131,0.458,0.517,40,52,0.769,8,59,67,79,34,3,41,85,529,0
1112,8,7,225,24,SG,44,44,1399,202,389,0.519,43,143,0.301,159,246,0.646,0.575,79,101,0.782,61,150,211,120,30,12,43,103,526,0
1682,12,7,226,33,PG,56,4,963,242,450,0.538,16,50,0.32,226,400,0.565,0.556,25,29,0.862,22,102,124,287,56,10,64,62,525,0
1348,7,7,227,27,C,55,44,1195,207,316,0.655,0,0,,207,316,0.655,0.655,110,161,0.683,138,240,378,58,42,69,63,144,524,0
1847,19,7,228,26,PG,39,8,933,165,444,0.372,96,288,0.333,69,156,0.442,0.48,98,114,0.86,9,68,77,119,22,15,69,89,524,0
1416,7,7,229,23,SG,34,4,428,78,194,0.402,46,124,0.371,32,70,0.457,0.521,31,40,0.775,11,36,47,29,9,2,27,39,233,0
1416,30,7,229,23,SG,23,0,470,104,235,0.443,58,138,0.42,46,97,0.474,0.566,24,35,0.686,4,35,39,29,7,4,35,50,290,0
1562,4,7,230,24,C,69,31,1479,219,291,0.753,0,5,0.0,219,286,0.766,0.753,83,116,0.716,167,210,377,54,32,101,62,107,521,0
1855,10,7,231,25,PF,67,35,1159,193,439,0.44,93,277,0.336,100,162,0.617,0.546,34,43,0.791,68,201,269,94,26,35,56,125,513,0
1016,19,7,232,27,PG,41,0,896,117,280,0.418,70,193,0.363,47,87,0.54,0.543,20,24,0.833,16,98,114,128,37,4,47,80,324,0
1016,20,7,232,27,PG,28,3,474,70,169,0.414,31,94,0.33,39,75,0.52,0.506,15,22,0.682,10,47,57,106,29,4,30,49,186,0
1633,25,7,233,24,SG,49,1,1013,190,490,0.388,93,292,0.318,97,198,0.49,0.483,36,49,0.735,25,89,114,123,27,4,62,48,509,0
2152,3,7,234,21,PF,57,15,1187,178,440,0.405,68,211,0.322,110,229,0.48,0.482,84,109,0.771,57,224,281,127,30,32,73,126,508,0
2141,5,7,235,24,PF,72,6,1474,178,478,0.372,95,274,0.347,83,204,0.407,0.472,54,75,0.72,49,166,215,105,49,26,75,93,505,0
1545,13,7,236,28,SF,50,45,1350,189,379,0.499,55,153,0.359,134,226,0.593,0.571,71,93,0.763,61,112,173,69,45,50,40,104,504,0
1884,9,7,237,26,C,65,11,901,209,339,0.617,13,40,0.325,196,299,0.656,0.636,73,110,0.664,130,164,294,80,57,60,58,120,504,0
2052,3,7,238,19,PG,56,31,1243,182,479,0.38,61,192,0.318,121,287,0.422,0.444,74,94,0.787,14,85,99,213,45,23,129,119,499,0
1434,14,7,239,25,C,66,9,1207,198,262,0.756,3,3,1.0,195,259,0.753,0.761,98,150,0.653,99,172,271,59,29,52,31,127,497,0
1547,19,7,240,27,SF,56,56,1588,183,478,0.383,80,259,0.309,103,219,0.47,0.467,50,62,0.806,47,143,190,155,88,27,73,177,496,0
1928,13,7,241,23,SG,68,16,1351,179,384,0.466,80,196,0.408,99,188,0.527,0.57,57,69,0.826,29,124,153,109,49,10,81,146,495,0
1842,28,7,242,30,C,46,44,1149,217,310,0.7,0,0,,217,310,0.7,0.7,59,98,0.602,114,209,323,93,40,32,57,145,493,0
1677,20,7,243,25,SG,41,15,1080,171,404,0.423,112,271,0.413,59,133,0.444,0.562,37,47,0.787,24,76,100,106,35,9,33,70,491,0
1750,28,7,244,20,PF,57,22,1246,198,342,0.579,17,50,0.34,181,292,0.62,0.604,71,108,0.657,133,152,285,106,52,53,59,147,484,0
1304,26,7,245,26,SG,43,5,758,83,209,0.397,53,144,0.368,30,65,0.462,0.524,20,32,0.625,15,40,55,26,46,22,21,69,239,0
1304,6,7,245,26,SG,29,6,720,86,175,0.491,38,107,0.355,48,68,0.706,0.6,31,38,0.816,23,57,80,46,37,24,20,65,241,0
1997,10,7,246,29,PG,66,14,1229,186,436,0.427,60,168,0.357,126,268,0.47,0.495,44,57,0.772,51,107,158,232,48,5,85,75,476,0
1952,20,7,247,28,SG,51,12,1171,159,364,0.437,103,263,0.392,56,101,0.554,0.578,54,76,0.711,23,69,92,72,31,9,30,77,475,0
1757,29,7,248,28,SF,50,41,1156,173,362,0.478,98,240,0.408,75,122,0.615,0.613,25,28,0.893,36,88,124,93,26,3,42,63,469,0
2131,21,7,249,23,PF,65,11,1277,149,352,0.423,98,256,0.383,51,96,0.531,0.563,73,92,0.793,32,326,358,158,31,42,67,127,469,0
1958,12,7,250,24,SG,65,20,1390,168,387,0.434,84,232,0.362,84,155,0.542,0.543,39,51,0.765,43,152,195,114,39,6,41,114,459,0
1856,12,7,251,27,C,47,7,908,151,293,0.515,71,168,0.423,80,125,0.64,0.637,85,101,0.842,58,175,233,69,22,15,47,82,458,0
1264,28,7,252,22,SG,76,1,1067,161,384,0.419,56,186,0.301,105,198,0.53,0.492,77,88,0.875,42,105,147,51,45,7,43,101,455,0
1652,3,7,253,29,SG,63,51,1529,168,368,0.457,56,154,0.364,112,214,0.523,0.533,63,80,0.788,70,130,200,190,41,15,71,155,455,0
1506,12,7,254,27,PG,49,19,897,154,328,0.47,42,118,0.356,112,210,0.533,0.534,98,119,0.824,28,86,114,140,31,6,62,82,448,0
1784,29,7,255,31,C,41,36,1083,180,358,0.503,25,71,0.352,155,287,0.54,0.538,62,113,0.549,106,319,425,196,52,22,101,134,447,3
1590,27,7,256,30,C,68,25,1430,175,272,0.643,0,0,,175,272,0.643,0.643,94,114,0.825,181,233,414,126,32,65,28,120,444,0
1618,9,7,257,31,SG,60,0,1154,163,391,0.417,60,180,0.333,103,211,0.488,0.494,57,84,0.679,23,94,117,159,51,41,82,91,443,0
1514,4,7,258,23,SG,82,19,1843,138,372,0.371,83,236,0.352,55,136,0.404,0.483,82,98,0.837,49,238,287,163,52,20,65,148,441,0
1894,10,7,259,23,SG,69,21,1377,162,346,0.468,71,212,0.335,91,134,0.679,0.571,46,54,0.852,67,105,172,93,80,9,53,131,441,0
2075,30,7,260,22,C,49,12,671,152,317,0.479,50,144,0.347,102,173,0.59,0.558,87,111,0.784,32,115,147,55,23,33,62,82,441,0
1439,29,7,261,22,PF,33,6,492,58,128,0.453,24,70,0.343,34,58,0.586,0.547,23,32,0.719,29,70,99,24,13,8,20,40,163,0
1439,15,7,261,22,PF,26,11,626,105,227,0.463,39,114,0.342,66,113,0.584,0.548,26,40,0.65,36,86,122,31,37,22,30,59,275,0
1594,10,7,262,23,PF,20,13,476,88,194,0.454,17,53,0.321,71,141,0.504,0.497,49,66,0.742,29,88,117,50,8,6,46,33,242,0
1594,1,7,262,23,PF,16,1,354,69,145,0.476,18,52,0.346,51,93,0.548,0.538,40,57,0.702,20,65,85,33,14,5,21,22,196,0
1429,21,7,263,27,C,47,46,1137,184,296,0.622,0,7,0.0,184,289,0.637,0.622,64,105,0.61,149,294,443,166,48,36,82,118,432,1
1267,21,7,264,22,C,27,0,295,38,91,0.418,18,49,0.367,20,42,0.476,0.516,6,6,1.0,8,34,42,28,2,7,8,22,100,0
1267,17,7,264,22,C,30,20,804,130,307,0.423,45,136,0.331,85,171,0.497,0.497,26,39,0.667,21,117,138,108,23,10,67,56,331,0
1157,15,7,265,32,SG,51,14,1088,150,366,0.41,55,174,0.316,95,192,0.495,0.485,73,80,0.913,20,105,125,139,43,8,61,57,428,0
1438,25,7,266,21,PG,30,10,748,143,342,0.418,57,162,0.352,86,180,0.478,0.501,84,100,0.84,18,62,80,112,27,9,73,85,427,0
1939,2,7,267,25,SG,77,20,1429,151,333,0.453,97,243,0.399,54,90,0.6,0.599,28,31,0.903,57,212,269,116,42,6,46,108,427,0
2005,8,7,268,23,SG,57,14,861,149,319,0.467,58,150,0.387,91,169,0.538,0.558,57,70,0.814,12,102,114,61,25,6,36,73,413,0
1268,18,7,269,21,PG,35,0,326,47,141,0.333,12,33,0.364,35,108,0.324,0.376,15,20,0.75,5,36,41,58,19,3,36,36,121,0
1268,5,7,269,21,PG,30,0,644,116,271,0.428,30,100,0.3,86,171,0.503,0.483,26,35,0.743,14,76,90,85,28,3,64,78,288,0
1858,3,7,270,20,SG,63,24,1320,144,358,0.402,51,182,0.28,93,176,0.528,0.473,69,77,0.896,21,90,111,91,36,14,60,89,408,0
1244,7,7,271,32,PF,20,20,626,169,334,0.506,10,37,0.27,159,297,0.535,0.521,59,81,0.728,62,159,221,56,22,33,41,42,407,0
1288,24,7,272,23,SF,70,16,1355,164,362,0.453,56,169,0.331,108,193,0.56,0.53,23,47,0.489,99,198,297,102,60,29,56,130,407,0
1282,23,7,273,32,C,63,25,1231,159,337,0.472,32,90,0.356,127,247,0.514,0.519,53,84,0.631,200,332,532,80,38,49,61,125,403,0
1765,7,7,274,22,PG,60,27,1171,162,390,0.415,48,135,0.356,114,255,0.447,0.477,25,31,0.806,13,120,133,316,25,2,85,86,397,0
2142,25,7,275,28,C,59,1,1008,177,250,0.708,9,23,0.391,168,227,0.74,0.726,34,57,0.596,141,274,415,60,35,87,49,74,397,0
1976,15,7,276,23,PG,41,12,830,134,288,0.465,60,142,0.423,74,146,0.507,0.569,68,82,0.829,36,92,128,151,34,9,56,65,396,0
1980,16,7,277,28,SG,70,1,1141,135,325,0.415,38,129,0.295,97,196,0.495,0.474,87,105,0.829,62,111,173,180,100,21,55,109,395,0
1449,10,7,278,33,SG,44,3,768,130,300,0.433,67,195,0.344,63,105,0.6,0.545,27,34,0.794,26,82,108,66,37,9,42,56,354,0
1449,1,7,278,33,SG,7,0,51,13,27,0.481,7,17,0.412,6,10,0.6,0.611,3,3,1.0,1,7,8,5,2,0,6,1,36,0
1739,15,7,279,26,PG,20,20,569,132,322,0.41,20,85,0.235,112,237,0.473,0.441,105,117,0.897,8,57,65,161,20,6,71,40,389,0
1298,23,7,280,22,SF,64,12,977,143,320,0.447,67,180,0.372,76,140,0.543,0.552,33,39,0.846,26,68,94,80,54,11,36,91,386,0
1194,25,7,281,21,SF,75,26,1435,133,334,0.398,59,198,0.298,74,136,0.544,0.487,58,88,0.659,62,104,166,110,52,25,70,183,383,0
1720,19,7,282,21,C,66,14,1297,160,294,0.544,0,1,0.0,160,293,0.546,0.544,57,102,0.559,183,202,385,84,20,101,54,113,377,0
1083,22,7,283,26,C,64,3,972,152,225,0.676,2,11,0.182,150,214,0.701,0.68,69,97,0.711,137,183,320,84,37,61,43,136,375,0
2044,6,7,284,25,PF,64,3,1004,150,314,0.478,27,115,0.235,123,199,0.618,0.521,47,61,0.77,86,100,186,53,41,34,29,125,374,0
2160,20,7,285,30,C,41,0,366,42,107,0.393,20,68,0.294,22,39,0.564,0.486,8,12,0.667,24,63,87,18,6,5,15,36,112,0
2160,5,7,285,30,C,26,19,641,83,205,0.405,49,128,0.383,34,77,0.442,0.524,46,60,0.767,32,115,147,45,20,11,26,45,261,0
1469,10,7,286,39,C,45,13,969,138,324,0.426,74,205,0.361,64,119,0.538,0.54,22,26,0.846,44,175,219,116,30,51,42,51,372,0
1142,6,7,287,28,C,60,1,732,135,267,0.506,47,131,0.359,88,136,0.647,0.594,53,66,0.803,59,146,205,33,18,26,28,75,370,0
1502,12,7,288,24,C,38,14,638,96,165,0.582,0,1,0.0,96,164,0.585,0.582,51,74,0.689,86,125,211,31,26,29,43,108,243,0
1502,13,7,288,24,C,17,0,270,55,72,0.764,0,2,0.0,55,70,0.786,0.764,17,31,0.548,27,52,79,21,10,20,15,39,127,0
2103,30,7,289,24,SG,50,7,1032,132,296,0.446,47,158,0.297,85,138,0.616,0.525,57,82,0.695,49,145,194,67,54,25,40,129,368,0
2090,2,7,290,21,PF,68,25,1212,136,267,0.509,48,125,0.384,88,142,0.62,0.599,44,57,0.772,85,187,272,54,49,31,35,137,364,0
1719,2,7,291,23,PF,33,10,526,69,136,0.507,34,77,0.442,35,59,0.593,0.632,20,26,0.769,40,78,118,33,24,12,20,51,192,0
1719,3,7,291,23,SF,16,1,308,57,116,0.491,30,76,0.395,27,40,0.675,0.621,28,35,0.8,8,32,40,13,20,12,23,22,172,0
2134,21,7,292,31,PF,56,2,855,140,296,0.473,50,129,0.388,90,167,0.539,0.557,33,52,0.635,59,128,187,79,31,5,43,59,363,0
1712,18,7,293,22,SF,19,0,95,18,33,0.545,1,12,0.083,17,21,0.81,0.561,7,11,0.636,7,18,25,5,4,0,9,12,44,0
1712,5,7,293,22,SF,27,12,624,127,229,0.555,31,87,0.356,96,142,0.676,0.622,32,42,0.762,47,109,156,35,13,15,27,53,317,0
1793,11,7,294,27,SG,78,32,1354,125,294,0.425,62,161,0.385,63,133,0.474,0.531,41,69,0.594,81,119,200,69,63,16,41,107,353,0
1135,13,7,295,26,PF,34,0,295,33,84,0.393,13,49,0.265,20,35,0.571,0.47,21,26,0.808,18,35,53,27,9,2,15,16,100,0
1135,12,7,295,26,PF,27,10,668,94,187,0.503,39,90,0.433,55,97,0.567,0.607,26,33,0.788,50,82,132,53,14,10,38,53,253,0
1553,8,7,296,24,SF,64,37,1417,132,262,0.504,57,144,0.396,75,118,0.636,0.613,31,51,0.608,75,134,209,51,52,29,31,175,352,0
1671,19,7,297,24,PF,62,2,912,142,235,0.604,38,90,0.422,104,145,0.717,0.685,30,41,0.732,72,157,229,50,25,54,34,105,352,0
1174,21,7,298,31,SG,56,0,1020,127,300,0.423,53,181,0.293,74,119,0.622,0.512,41,51,0.804,28,127,155,110,72,17,48,68,348,0
2014,2,7,299,27,PF,16,16,522,118,287,0.411,47,143,0.329,71,144,0.493,0.493,65,79,0.823,8,152,160,85,22,3,39,26,348,1
2102,23,7,300,25,PF,53,7,864,138,268,0.515,10,50,0.2,128,218,0.587,0.534,60,77,0.779,38,137,175,132,16,22,64,107,346,1
1098,23,7,301,22,C,71,18,1234,131,220,0.595,2,6,0.333,129,214,0.603,0.6,80,113,0.708,128,179,307,32,30,82,56,153,344,0
1558,16,7,302,22,PF,47,1,808,115,314,0.366,45,167,0.269,70,147,0.476,0.438,69,101,0.683,25,128,153,102,26,17,65,65,344,0
1839,26,7,303,27,SG,32,7,844,120,279,0.43,62,186,0.333,58,93,0.624,0.541,42,49,0.857,33,64,97,41,23,7,26,78,344,0
2147,3,7,304,25,PF,54,2,859,110,278,0.396,54,152,0.355,56,126,0.444,0.493,69,96,0.719,17,97,114,50,22,2,38,85,343,0
1401,1,7,305,23,PF,77,8,1179,131,290,0.452,40,130,0.308,91,160,0.569,0.521,40,62,0.645,89,186,275,69,61,39,33,127,342,0
2076,6,7,306,29,PF,59,38,1318,122,278,0.439,71,196,0.362,51,82,0.622,0.567,27,38,0.711,53,194,247,88,44,23,16,90,342,0
1689,19,7,307,23,SG,42,13,880,114,237,0.481,38,93,0.409,76,144,0.528,0.561,74,95,0.779,12,76,88,62,27,8,17,88,340,0
1907,20,7,308,27,C,60,16,1175,149,206,0.723,0,0,,149,206,0.723,0.723,42,103,0.408,252,273,525,52,56,70,41,127,340,0
1168,26,7,309,23,PG,38,12,700,121,292,0.414,30,114,0.263,91,178,0.511,0.466,67,94,0.713,36,89,125,101,34,9,54,50,339,0
1169,5,7,310,30,PG,23,0,254,41,103,0.398,32,78,0.41,9,25,0.36,0.553,10,10,1.0,5,21,26,19,13,2,11,19,124,0
1169,22,7,310,30,PG,30,1,613,82,204,0.402,46,137,0.336,36,67,0.537,0.515,5,9,0.556,9,54,63,68,27,8,25,38,215,0
1971,17,7,311,27,C,67,19,1318,145,185,0.784,0,0,,145,185,0.784,0.784,44,71,0.62,147,223,370,104,19,17,75,146,334,1
1219,30,7,312,24,PG,41,1,700,127,247,0.514,29,76,0.382,98,171,0.573,0.573,50,60,0.833,18,68,86,124,16,5,61,61,333,0
1932,3,7,313,19,SG,44,11,916,120,303,0.396,19,90,0.211,101,213,0.474,0.427,73,88,0.83,20,72,92,145,38,8,99,81,332,0
1918,25,7,314,21,SG,48,0,577,53,147,0.361,22,71,0.31,31,76,0.408,0.435,9,14,0.643,23,63,86,34,29,2,28,60,137,0
1918,15,7,314,21,SG,16,8,495,70,166,0.422,22,65,0.338,48,101,0.475,0.488,33,40,0.825,25,77,102,34,26,7,27,64,195,1
1754,25,7,315,25,SF,57,15,1333,129,276,0.467,34,122,0.279,95,154,0.617,0.529,39,57,0.684,90,116,206,81,51,22,47,92,331,0
1509,16,7,316,19,PG,53,12,945,102,238,0.429,66,156,0.423,36,82,0.439,0.567,58,66,0.879,43,95,138,137,33,7,50,99,328,0
1368,30,7,317,33,PF,55,8,951,135,215,0.628,17,48,0.354,118,167,0.707,0.667,34,46,0.739,58,100,158,69,31,21,36,88,321,0
1753,26,7,318,25,PF,23,22,793,126,300,0.42,31,112,0.277,95,188,0.505,0.472,38,49,0.776,33,99,132,38,24,36,27,42,321,0
1497,9,7,319,23,SG,33,2,555,99,220,0.45,42,113,0.372,57,107,0.533,0.545,30,38,0.789,19,53,72,52,15,12,35,44,270,0
1497,5,7,319,23,SG,4,3,115,15,36,0.417,8,21,0.381,7,15,0.467,0.528,8,9,0.889,5,14,19,16,8,2,6,9,46,0
1005,28,7,320,25,SG,42,13,650,72,170,0.424,12,65,0.185,60,105,0.571,0.459,25,29,0.862,33,62,95,30,17,11,19,75,181,0
1005,3,7,320,25,SG,20,0,323,50,110,0.455,22,63,0.349,28,47,0.596,0.555,11,14,0.786,13,33,46,17,7,6,12,18,133,0
1458,11,7,321,29,PG,57,1,781,105,252,0.417,67,170,0.394,38,82,0.463,0.55,35,41,0.854,13,45,58,60,27,5,38,72,312,0
1474,22,7,322,22,SF,55,0,695,105,251,0.418,54,145,0.372,51,106,0.481,0.526,37,39,0.949,23,64,87,45,10,11,15,66,301,0
1922,26,7,323,29,C,19,15,564,120,221,0.543,5,27,0.185,115,194,0.593,0.554,56,77,0.727,64,152,216,78,18,4,51,66,301,0
2143,15,7,324,25,PG,34,12,736,93,264,0.352,49,159,0.308,44,105,0.419,0.445,37,46,0.804,34,102,136,150,27,14,63,71,272,0
2143,29,7,324,25,SG,6,0,84,10,28,0.357,6,18,0.333,4,10,0.4,0.464,2,4,0.5,5,14,19,16,2,2,7,9,28,0
1140,27,7,325,20,PF,71,0,818,108,265,0.408,52,155,0.335,56,110,0.509,0.506,30,42,0.714,38,140,178,47,16,23,33,94,298,0
1521,15,7,326,28,SG,15,15,339,102,215,0.474,42,100,0.42,60,115,0.522,0.572,49,56,0.875,11,31,42,85,16,4,27,31,295,0
1063,13,7,327,37,PF,74,6,1295,96,238,0.403,92,228,0.404,4,10,0.4,0.597,9,11,0.818,23,161,184,64,47,23,37,100,293,0
1653,4,7,328,24,PG,53,1,669,109,303,0.36,50,155,0.323,59,148,0.399,0.442,23,27,0.852,20,72,92,86,25,5,54,69,291,0
1665,3,7,329,26,SG,37,6,696,100,255,0.392,51,152,0.336,49,103,0.476,0.492,19,26,0.731,32,74,106,69,22,4,33,30,270,0
1665,23,7,329,26,SG,9,0,81,9,22,0.409,2,13,0.154,7,9,0.778,0.455,0,2,0.0,2,8,10,9,3,2,7,3,20,0
1374,2,7,330,19,SF,74,3,1084,117,246,0.476,42,116,0.362,75,130,0.577,0.561,13,26,0.5,62,184,246,40,42,21,38,124,289,0
1848,6,7,331,25,PG,64,3,1148,116,258,0.45,33,93,0.355,83,165,0.503,0.514,24,40,0.6,85,135,220,205,57,38,59,70,289,0
2067,14,7,332,26,PF,65,3,1128,113,240,0.471,29,99,0.293,84,141,0.596,0.531,33,56,0.589,80,212,292,84,55,19,56,104,288,0
1162,11,7,333,31,C,75,3,926,118,227,0.52,1,2,0.5,117,225,0.52,0.522,45,78,0.577,160,185,345,50,36,63,41,74,282,0
2048,12,7,334,27,PF,24,3,424,100,199,0.503,37,105,0.352,63,94,0.67,0.595,42,46,0.913,13,93,106,55,12,1,28,28,279,0
2081,23,7,335,23,PF,64,6,762,97,213,0.455,32,95,0.337,65,118,0.551,0.531,50,68,0.735,72,120,192,34,23,13,27,103,276,0
1893,24,7,336,28,C,28,2,254,35,71,0.493,0,0,,35,71,0.493,0.493,19,28,0.679,35,56,91,8,4,14,25,39,89,0
1893,5,7,336,28,C,20,4,447,68,130,0.523,5,18,0.278,63,112,0.563,0.542,46,73,0.63,42,110,152,8,6,18,34,49,187,0
1197,18,7,337,24,SG,68,1,888,99,228,0.434,33,101,0.327,66,127,0.52,0.507,44,67,0.657,54,66,120,43,47,9,23,87,275,0
1585,20,7,338,24,PG,62,1,727,108,248,0.435,44,114,0.386,64,134,0.478,0.524,14,20,0.7,16,82,98,170,22,4,55,65,274,0
1866,6,7,339,21,PG,50,1,545,93,225,0.413,46,131,0.351,47,94,0.5,0.516,40,45,0.889,11,53,64,74,25,0,40,59,272,0
2166,1,7,340,27,PG,10,10,280,56,135,0.415,18,59,0.305,38,76,0.5,0.481,63,73,0.863,0,15,15,89,10,1,26,20,193,0
2166,30,7,340,27,PG,5,5,104,25,42,0.595,9,21,0.429,16,21,0.762,0.702,17,24,0.708,4,11,15,31,3,1,13,13,76,0
1019,29,7,341,32,SF,20,0,401,57,109,0.523,3,5,0.6,54,104,0.519,0.537,25,38,0.658,19,47,66,61,23,10,17,46,142,0
1019,15,7,341,32,SF,4,3,89,15,19,0.789,1,1,1.0,14,18,0.778,0.816,6,8,0.75,3,11,14,3,6,4,7,12,37,0
1019,18,7,341,32,SF,19,2,363,35,74,0.473,0,5,0.0,35,69,0.507,0.473,17,22,0.773,20,50,70,62,16,12,15,38,87,0
1919,7,7,342,29,PG,26,3,495,94,232,0.405,33,112,0.295,61,120,0.508,0.476,43,60,0.717,8,53,61,104,12,2,49,30,264,0
1105,24,7,343,26,PG,46,1,644,108,236,0.458,23,78,0.295,85,158,0.538,0.506,24,35,0.686,18,64,82,82,29,16,30,38,263,0
1825,19,7,344,24,SG,61,4,913,106,275,0.385,28,108,0.259,78,167,0.467,0.436,22,29,0.759,46,71,117,61,43,9,20,96,262,0
1836,8,7,345,26,SG,50,18,807,98,232,0.422,49,127,0.386,49,105,0.467,0.528,15,19,0.789,18,96,114,115,13,5,34,42,260,0
1433,19,7,346,23,SG,51,1,692,94,257,0.366,47,135,0.348,47,122,0.385,0.457,23,27,0.852,20,68,88,42,13,10,34,30,258,0
1760,17,7,347,25,PF,47,6,737,100,194,0.515,50,119,0.42,50,75,0.667,0.644,4,11,0.364,27,98,125,48,14,14,26,62,254,0
2129,4,7,348,27,PF,36,3,711,78,183,0.426,52,134,0.388,26,49,0.531,0.568,44,54,0.815,46,96,142,56,17,18,31,56,252,0
1395,4,7,349,25,SG,58,0,908,83,181,0.459,58,138,0.42,25,43,0.581,0.619,25,28,0.893,45,57,102,47,35,6,35,64,249,0
1634,29,7,350,37,PF,37,5,613,79,199,0.397,53,142,0.373,26,57,0.456,0.53,37,44,0.841,55,160,215,67,14,9,30,54,248,0
1588,15,7,351,29,SG,30,1,435,37,71,0.521,13,39,0.333,24,32,0.75,0.613,8,13,0.615,20,72,92,40,31,13,14,30,95,0
1588,29,7,351,29,SG,26,7,680,57,128,0.445,15,60,0.25,42,68,0.618,0.504,24,31,0.774,54,94,148,78,52,25,21,49,153,2
2078,22,7,352,28,C,36,0,427,83,195,0.426,22,70,0.314,61,125,0.488,0.482,59,72,0.819,27,88,115,27,15,2,19,58,247,0
1263,20,7,353,20,SF,69,7,634,90,213,0.423,48,130,0.369,42,83,0.506,0.535,18,24,0.75,15,79,94,53,17,6,30,50,246,0
1213,18,7,354,38,PG,54,15,991,72,215,0.335,56,166,0.337,16,49,0.327,0.465,45,50,0.9,18,75,93,157,35,14,34,84,245,0
1165,21,7,355,26,C,42,4,488,98,186,0.527,31,86,0.36,67,100,0.67,0.61,15,26,0.577,29,95,124,29,8,27,16,36,242,0
1953,18,7,356,25,SG,43,2,538,77,171,0.45,31,76,0.408,46,95,0.484,0.541,56,70,0.8,10,39,49,38,14,1,24,50,241,0
1864,17,7,357,31,SF,26,7,611,86,191,0.45,61,140,0.436,25,51,0.49,0.61,6,6,1.0,4,77,81,46,16,6,31,48,239,0
1891,22,7,358,20,SG,54,0,587,89,188,0.473,28,79,0.354,61,109,0.56,0.548,33,46,0.717,21,42,63,58,19,2,25,53,239,0
1163,26,7,359,24,C,44,1,907,105,179,0.587,2,4,0.5,103,175,0.589,0.592,26,51,0.51,147,185,332,62,30,67,39,161,238,0
1326,24,7,360,21,PF,55,1,673,87,215,0.405,45,130,0.346,42,85,0.494,0.509,19,34,0.559,57,67,124,16,22,21,29,64,238,0
1026,17,7,361,25,PG,35,0,527,98,231,0.424,22,72,0.306,76,159,0.478,0.472,16,26,0.615,16,71,87,121,20,11,65,73,234,0
1751,19,7,362,29,PG,14,14,389,88,182,0.484,19,62,0.306,69,120,0.575,0.536,39,45,0.867,4,71,75,89,23,3,47,33,234,0
2072,14,7,363,29,PG,29,7,559,45,130,0.346,38,103,0.369,7,27,0.259,0.492,10,11,0.909,7,20,27,37,14,1,12,53,138,0
2072,1,7,363,29,PG,24,0,320,31,86,0.36,21,70,0.3,10,16,0.625,0.483,10,12,0.833,10,17,27,39,13,2,15,26,93,0
1580,14,7,364,24,SF,54,1,553,87,191,0.455,38,111,0.342,49,80,0.613,0.555,16,22,0.727,14,61,75,21,11,11,23,45,228,0
1659,7,7,365,30,SF,58,12,856,85,189,0.45,20,57,0.351,65,132,0.492,0.503,37,61,0.607,28,115,143,81,40,15,40,86,227,0
1768,1,7,366,20,PF,44,2,500,91,169,0.538,29,75,0.387,62,94,0.66,0.624,16,29,0.552,44,52,96,26,16,15,23,65,227,0
1828,22,7,367,21,SF,59,2,757,82,203,0.404,30,93,0.323,52,110,0.473,0.478,33,48,0.688,67,120,187,70,30,18,42,70,227,0
2033,12,7,368,26,SG,32,13,653,74,196,0.378,38,116,0.328,36,80,0.45,0.474,37,47,0.787,17,52,69,57,20,9,25,69,223,0
1923,4,7,369,20,PF,37,0,575,80,159,0.503,36,83,0.434,44,76,0.579,0.616,26,40,0.65,26,123,149,27,16,7,26,54,222,0
1310,26,7,370,28,C,42,11,552,93,156,0.596,1,7,0.143,92,149,0.617,0.599,32,57,0.561,39,88,127,19,15,26,30,57,219,0
1156,22,7,371,26,SF,40,1,486,74,152,0.487,28,73,0.384,46,79,0.582,0.579,39,46,0.848,28,50,78,29,11,4,19,53,215,0
2056,29,7,372,26,C,27,6,448,92,145,0.634,0,0,,92,145,0.634,0.634,27,49,0.551,77,102,179,32,16,5,21,39,211,0
1859,7,7,373,34,C,63,12,904,65,101,0.644,2,7,0.286,63,94,0.67,0.653,78,112,0.696,96,161,257,68,34,21,41,133,210,0
1555,22,7,374,29,PG,48,8,754,54,158,0.342,30,102,0.294,24,56,0.429,0.437,6,6,1.0,9,44,53,116,33,3,14,25,144,0
1555,7,7,374,29,PG,8,2,133,13,34,0.382,4,19,0.211,9,15,0.6,0.441,1,2,0.5,1,8,9,30,3,0,5,5,31,0
1555,8,7,374,29,PG,11,2,92,9,26,0.346,6,16,0.375,3,10,0.3,0.462,0,1,0.0,2,12,14,13,1,0,6,1,24,0
1936,9,7,375,25,PG,38,5,457,69,177,0.39,44,106,0.415,25,71,0.352,0.514,15,18,0.833,7,32,39,75,20,4,31,41,197,0
2118,30,7,376,21,SF,21,0,354,77,169,0.456,16,56,0.286,61,113,0.54,0.503,23,31,0.742,19,39,58,15,15,8,18,25,193,0
1062,28,7,377,24,SF,61,2,517,74,145,0.51,35,85,0.412,39,60,0.65,0.631,9,14,0.643,20,69,89,24,7,3,19,42,192,0
1666,15,7,378,23,SG,31,7,673,77,195,0.395,19,75,0.253,58,120,0.483,0.444,19,35,0.543,23,58,81,69,37,14,49,67,192,1
1774,8,7,379,25,PF,52,4,626,71,151,0.47,14,54,0.259,57,97,0.588,0.517,34,44,0.773,33,103,136,29,17,24,27,71,190,0
1309,3,7,380,26,PG,24,2,380,58,145,0.4,43,108,0.398,15,37,0.405,0.548,30,36,0.833,5,22,27,40,11,0,16,47,189,0
1003,11,7,381,32,C,32,11,730,70,139,0.504,0,0,,70,139,0.504,0.504,47,81,0.58,145,131,276,48,22,20,35,55,187,0
2087,1,7,382,26,PG,53,3,536,68,171,0.398,38,102,0.373,30,69,0.435,0.509,12,18,0.667,3,53,56,94,24,5,28,48,186,0
1986,14,7,383,21,SG,30,1,375,70,161,0.435,34,86,0.395,36,75,0.48,0.54,11,15,0.733,3,20,23,31,9,2,21,28,185,0
1508,10,7,384,25,C,36,1,411,60,102,0.588,1,1,1.0,59,101,0.584,0.593,29,52,0.558,47,65,112,32,13,19,18,40,150,0
1508,28,7,384,25,C,17,0,85,11,22,0.5,0,0,,11,22,0.5,0.5,9,22,0.409,19,14,33,7,4,5,4,5,31,0
1346,12,7,385,21,SG,35,21,643,70,149,0.47,23,71,0.324,47,78,0.603,0.547,17,35,0.486,32,121,153,41,20,7,29,65,180,0
1417,29,7,386,25,SG,26,9,545,54,161,0.335,21,88,0.239,33,73,0.452,0.401,49,64,0.766,10,43,53,75,31,6,26,52,178,0
1587,13,7,387,22,C,41,0,424,64,100,0.64,1,5,0.2,63,95,0.663,0.645,47,62,0.758,37,80,117,12,5,30,23,66,176,0
2019,5,7,388,23,SG,34,0,377,45,102,0.441,19,46,0.413,26,56,0.464,0.534,9,17,0.529,19,45,64,43,22,11,21,33,118,0
2019,23,7,388,23,SG,14,0,174,23,53,0.434,5,20,0.25,18,33,0.545,0.481,7,13,0.538,7,15,22,23,7,4,5,16,58,0
2038,25,7,389,28,SG,30,0,480,58,134,0.433,37,93,0.398,21,41,0.512,0.571,21,25,0.84,17,42,59,27,60,16,28,43,174,0
1092,13,7,390,33,SG,23,3,452,59,152,0.388,33,95,0.347,26,57,0.456,0.497,20,25,0.8,6,53,59,51,10,3,27,46,171,0
1832,12,7,391,23,SG,38,0,492,60,158,0.38,41,125,0.328,19,33,0.576,0.509,10,16,0.625,10,49,59,40,26,4,27,38,171,0
1193,7,7,392,23,C,38,1,530,66,115,0.574,0,0,,66,115,0.574,0.574,38,81,0.469,89,127,216,9,19,45,30,73,170,0
1454,29,7,393,26,SF,14,3,285,59,115,0.513,37,79,0.468,22,36,0.611,0.674,12,16,0.75,11,22,33,16,5,2,5,24,167,0
1182,29,7,394,23,PG,11,2,355,61,137,0.445,15,38,0.395,46,99,0.465,0.5,28,43,0.651,6,31,37,74,11,2,23,23,165,0
1686,26,7,395,34,SF,29,0,439,54,139,0.388,48,123,0.39,6,16,0.375,0.561,8,9,0.889,7,30,37,22,6,4,13,28,164,0
1352,16,7,396,24,SF,45,7,411,59,123,0.48,26,64,0.406,33,59,0.559,0.585,19,26,0.731,39,83,122,44,20,8,17,78,163,0
1822,23,7,397,31,PG,22,1,374,56,149,0.376,32,97,0.33,24,52,0.462,0.483,19,22,0.864,3,41,44,58,24,7,11,30,163,0
1551,12,7,398,23,SG,37,7,616,68,169,0.402,22,75,0.293,46,94,0.489,0.467,4,8,0.5,15,45,60,119,18,0,36,39,162,0
1109,12,7,399,28,C,38,3,416,59,106,0.557,1,2,0.5,58,104,0.558,0.561,32,43,0.744,56,51,107,20,6,7,17,60,151,0
1109,1,7,399,28,C,3,1,34,5,11,0.455,1,2,0.5,4,9,0.444,0.5,0,0,,4,5,9,2,0,0,1,2,11,0
1045,6,7,400,28,PG,35,3,728,53,176,0.301,40,147,0.272,13,29,0.448,0.415,14,21,0.667,26,114,140,136,45,9,52,46,160,0
1523,30,7,401,21,SG,25,0,214,27,83,0.325,7,25,0.28,20,58,0.345,0.367,9,12,0.75,8,23,31,22,7,0,18,15,70,0
1523,7,7,401,21,SG,23,0,240,30,93,0.323,5,32,0.156,25,61,0.41,0.349,25,28,0.893,6,18,24,25,4,3,12,15,90,0
1993,27,7,402,22,PF,28,0,358,47,99,0.475,9,35,0.257,38,64,0.594,0.52,11,16,0.688,26,47,73,28,10,5,18,50,114,0
1993,20,7,402,22,PF,16,0,111,17,30,0.567,2,10,0.2,15,20,0.75,0.6,8,10,0.8,11,23,34,12,7,2,3,12,44,0
1920,17,7,403,27,SG,11,2,271,53,102,0.52,27,59,0.458,26,43,0.605,0.652,24,26,0.923,8,20,28,19,11,3,17,27,157,0
1076,18,7,404,19,PF,40,3,314,65,98,0.663,0,0,,65,98,0.663,0.663,26,37,0.703,45,47,92,12,7,26,11,47,156,0
1189,13,7,405,20,SG,55,0,480,53,139,0.381,12,49,0.245,41,90,0.456,0.424,38,50,0.76,19,59,78,31,16,3,22,19,156,0
1886,30,7,406,22,PF,13,10,402,63,119,0.529,0,0,,63,119,0.529,0.529,28,44,0.636,55,82,137,24,18,8,32,42,154,0
1293,15,7,407,23,C,11,11,284,62,98,0.633,1,5,0.2,61,93,0.656,0.638,25,32,0.781,43,79,122,12,7,21,26,37,150,0
1206,17,7,408,28,SG,30,2,265,26,55,0.473,7,25,0.28,19,30,0.633,0.536,13,15,0.867,6,20,26,11,3,3,4,14,72,0
1206,24,7,408,28,SG,16,1,225,29,58,0.5,10,24,0.417,19,34,0.559,0.586,9,13,0.692,13,18,31,16,6,2,5,16,77,0
1232,10,7,409,24,PG,18,1,292,47,117,0.402,37,94,0.394,10,23,0.435,0.56,17,19,0.895,4,24,28,18,3,0,14,28,148,0
2110,25,7,410,22,SG,31,0,361,56,124,0.452,10,36,0.278,46,88,0.523,0.492,26,47,0.553,8,31,39,62,16,5,31,34,148,0
1622,3,7,411,25,PF,26,5,349,54,111,0.486,18,52,0.346,36,59,0.61,0.568,21,26,0.808,14,55,69,24,6,10,15,45,147,0
1834,5,7,412,22,SF,35,2,334,37,88,0.42,16,49,0.327,21,39,0.538,0.511,9,11,0.818,22,22,44,7,17,6,7,33,99,0
1834,18,7,412,22,SF,13,0,94,14,33,0.424,4,16,0.25,10,17,0.588,0.485,9,12,0.75,1,4,5,3,5,1,4,10,41,0
1527,3,7,413,23,SF,17,1,348,51,94,0.543,9,30,0.3,42,64,0.656,0.59,28,35,0.8,33,46,79,36,15,9,20,51,139,0
1648,24,7,414,19,C,46,1,411,56,105,0.533,5,21,0.238,51,84,0.607,0.557,22,31,0.71,49,84,133,6,5,33,25,43,139,0
1535,16,7,415,24,SF,32,0,280,51,104,0.49,13,44,0.295,38,60,0.633,0.553,21,29,0.724,26,36,62,8,15,8,13,28,136,0
1496,22,7,416,28,PF,52,0,521,46,109,0.422,7,38,0.184,39,71,0.549,0.454,35,58,0.603,43,89,132,22,20,31,18,41,134,0
2006,6,7,417,29,SF,12,5,288,47,106,0.443,33,82,0.402,14,24,0.583,0.599,7,9,0.778,9,56,65,24,3,0,9,34,134,0
1801,27,7,418,34,C,42,0,360,47,96,0.49,12,47,0.255,35,49,0.714,0.552,27,38,0.711,24,52,76,49,15,3,24,39,133,0
1696,4,7,419,20,SF,31,0,368,38,95,0.4,24,60,0.4,14,35,0.4,0.526,32,39,0.821,13,60,73,24,5,3,13,36,132,0
1759,6,7,420,33,PF,35,3,449,52,124,0.419,21,63,0.333,31,61,0.508,0.504,6,13,0.462,29,64,93,34,21,6,20,55,131,0
1149,15,7,421,25,SF,12,0,307,42,112,0.375,22,66,0.333,20,46,0.435,0.473,23,27,0.852,8,42,50,12,11,4,11,31,129,0
2013,11,7,422,30,SF,46,1,405,56,109,0.514,10,32,0.313,46,77,0.597,0.56,7,11,0.636,33,40,73,25,10,3,16,48,129,0
1110,30,7,423,22,SG,28,0,275,43,91,0.473,14,37,0.378,29,54,0.537,0.549,28,34,0.824,12,32,44,23,10,3,15,21,128,0
1423,17,7,424,31,SG,48,2,661,46,104,0.442,28,68,0.412,18,36,0.5,0.577,8,9,0.889,16,45,61,51,27,9,19,53,128,0
1435,26,7,425,24,PG,23,3,406,42,138,0.304,17,63,0.27,25,75,0.333,0.366,26,28,0.929,4,50,54,81,21,4,28,36,127,0
1985,3,7,426,26,SG,15,4,359,48,99,0.485,20,46,0.435,28,53,0.528,0.586,8,8,1.0,12,39,51,49,12,4,14,13,124,0
1322,11,7,427,32,PF,37,1,620,44,132,0.333,27,100,0.27,17,32,0.531,0.436,8,9,0.889,35,58,93,36,16,6,22,61,123,0
1421,2,7,428,25,SF,29,3,318,46,110,0.418,28,80,0.35,18,30,0.6,0.545,3,4,0.75,15,33,48,22,10,9,8,20,123,0
1510,14,7,429,21,SG,42,1,375,47,115,0.409,22,57,0.386,25,58,0.431,0.504,6,7,0.857,5,18,23,51,19,4,25,28,122,0
1676,29,7,430,22,SG,15,5,492,50,100,0.5,6,31,0.194,44,69,0.638,0.53,16,25,0.64,18,39,57,62,34,5,22,46,122,1
1481,20,7,431,23,C,54,5,498,45,80,0.563,1,4,0.25,44,76,0.579,0.569,26,33,0.788,56,103,159,29,9,26,32,67,117,0
1857,7,7,432,22,SG,13,0,253,39,91,0.429,31,77,0.403,8,14,0.571,0.599,6,7,0.857,4,26,30,11,7,4,4,28,115,0
1838,15,7,433,25,PG,10,6,212,43,96,0.448,10,32,0.313,33,64,0.516,0.5,18,23,0.783,8,14,22,47,19,4,27,31,114,0
1499,17,7,434,24,SG,48,1,408,39,119,0.328,15,60,0.25,24,59,0.407,0.391,20,32,0.625,25,47,72,43,19,4,31,43,113,0
2132,10,7,435,26,SG,14,2,239,43,88,0.489,13,30,0.433,30,58,0.517,0.563,13,15,0.867,20,10,30,14,5,0,15,26,112,0
1214,4,7,436,33,SG,42,0,297,38,85,0.447,21,52,0.404,17,33,0.515,0.571,13,20,0.65,15,46,61,18,11,1,11,9,110,0
1088,30,7,437,26,SF,15,9,433,40,103,0.388,19,55,0.345,21,48,0.438,0.481,7,8,0.875,15,60,75,22,18,8,14,40,106,0
1606,28,7,438,25,SG,24,0,226,34,78,0.436,19,45,0.422,15,33,0.455,0.558,14,18,0.778,9,34,43,7,12,4,6,27,101,0
1905,12,7,439,25,PF,17,3,300,29,83,0.349,8,33,0.242,21,50,0.42,0.398,13,14,0.929,32,56,88,12,7,1,10,23,79,0
1905,7,7,439,25,PF,5,0,61,8,17,0.471,2,8,0.25,6,9,0.667,0.529,4,4,1.0,4,11,15,3,2,0,2,3,22,0
2114,15,7,440,21,SF,6,2,183,37,93,0.398,19,60,0.317,18,33,0.545,0.5,5,7,0.714,2,22,24,9,4,0,10,13,98,0
1211,5,7,441,28,C,10,0,184,37,64,0.578,9,21,0.429,28,43,0.651,0.648,14,20,0.7,16,40,56,15,2,4,10,18,97,0
1070,23,7,442,25,SF,14,1,196,33,76,0.434,16,47,0.34,17,29,0.586,0.539,13,19,0.684,7,25,32,15,9,4,13,13,95,0
2161,25,7,443,20,C,43,1,300,31,100,0.31,5,42,0.119,26,58,0.448,0.335,28,34,0.824,20,46,66,22,3,10,32,43,95,0
1974,12,7,444,26,SF,13,6,311,34,77,0.442,15,40,0.375,19,37,0.514,0.539,12,17,0.706,7,50,57,36,20,14,17,27,95,0
2100,27,7,445,28,SG,40,0,285,33,88,0.375,27,79,0.342,6,9,0.667,0.528,2,3,0.667,3,26,29,19,6,1,7,24,95,0
1878,25,7,446,29,C,32,0,258,33,74,0.446,23,55,0.418,10,19,0.526,0.601,5,6,0.833,10,28,38,10,5,8,7,28,94,0
1463,8,7,447,23,PF,25,6,210,31,61,0.508,20,45,0.444,11,16,0.688,0.672,11,14,0.786,8,27,35,16,1,6,12,19,93,0
2041,14,7,448,25,PF,27,1,235,38,66,0.576,11,25,0.44,27,41,0.659,0.659,5,9,0.556,10,23,33,23,6,0,13,20,92,0
1968,4,7,449,23,PG,14,2,223,31,89,0.348,12,39,0.308,19,50,0.38,0.416,10,16,0.625,5,24,29,35,15,0,24,14,84,0
1968,8,7,449,23,PG,6,0,34,3,10,0.3,0,1,0.0,3,9,0.333,0.3,1,2,0.5,4,4,8,8,1,0,1,4,7,0
1694,27,7,450,29,PG,44,0,282,33,79,0.418,17,40,0.425,16,39,0.41,0.525,6,7,0.857,7,25,32,38,20,2,15,11,89,0
1798,5,7,451,22,C,37,2,344,36,77,0.468,2,19,0.105,34,58,0.586,0.481,15,40,0.375,45,67,112,42,12,8,16,49,89,1
1516,15,7,452,28,SG,11,0,231,33,83,0.398,4,30,0.133,29,53,0.547,0.422,18,23,0.783,12,39,51,36,10,8,26,28,88,0
1578,14,7,453,34,PF,43,1,461,33,73,0.452,6,26,0.231,27,47,0.574,0.493,14,26,0.538,36,48,84,27,18,11,17,60,86,0
1410,15,7,454,23,C,7,0,27,5,9,0.556,1,3,0.333,4,6,0.667,0.611,2,3,0.667,3,6,9,2,0,2,1,3,13,0
1410,4,7,454,23,C,12,2,187,25,50,0.5,2,2,1.0,23,48,0.479,0.52,21,26,0.808,30,36,66,8,3,8,15,19,73,0
1042,15,7,455,22,SG,8,1,241,28,68,0.412,18,44,0.409,10,24,0.417,0.544,9,10,0.9,6,19,25,19,9,1,6,27,83,0
1617,10,7,456,26,SF,25,2,276,32,72,0.444,4,16,0.25,28,56,0.5,0.472,15,19,0.789,30,23,53,23,14,9,13,31,83,0
1602,9,7,457,24,SG,34,0,262,28,89,0.315,19,67,0.284,9,22,0.409,0.421,5,6,0.833,8,15,23,17,7,0,3,12,80,0
1668,12,7,458,29,SG,15,1,196,21,52,0.404,17,46,0.37,4,6,0.667,0.567,19,23,0.826,2,15,17,10,6,3,3,19,78,0
1058,15,7,459,25,C,2,0,31,3,8,0.375,0,0,,3,8,0.375,0.375,1,3,0.333,7,8,15,2,1,1,1,5,7,0
1058,23,7,459,25,C,1,0,5,1,1,1.0,0,0,,1,1,1.0,1.0,0,0,,0,0,0,0,0,1,0,0,2,0
1058,2,7,459,25,C,5,0,17,6,7,0.857,0,0,,6,7,0.857,0.857,2,4,0.5,4,2,6,0,1,2,1,3,14,0
1058,10,7,459,25,C,5,0,100,21,31,0.677,0,0,,21,31,0.677,0.677,11,13,0.846,12,24,36,5,2,7,4,11,53,0
1257,12,7,460,24,PG,13,0,168,22,72,0.306,12,38,0.316,10,34,0.294,0.389,8,9,0.889,8,13,21,26,3,4,14,16,64,0
1257,13,7,460,24,PG,1,0,4,0,0,,0,0,,0,0,,,0,0,,0,2,2,0,0,0,1,0,0,0
1257,1,7,460,24,PG,3,0,34,4,11,0.364,2,7,0.286,2,4,0.5,0.455,0,0,,0,3,3,7,1,0,2,5,10,0
2136,15,7,461,27,SG,7,2,224,25,75,0.333,15,53,0.283,10,22,0.455,0.433,8,8,1.0,11,27,38,18,11,1,10,26,73,0
1586,14,7,462,25,C,2,0,6,0,0,,0,0,,0,0,,,0,0,,0,1,1,0,0,0,0,1,0,0
1586,15,7,462,25,C,11,2,195,14,35,0.4,0,1,0.0,14,34,0.412,0.4,1,4,0.25,19,25,44,10,10,13,7,20,29,0
1586,1,7,462,25,C,14,2,156,17,39,0.436,1,8,0.125,16,31,0.516,0.449,9,11,0.818,12,24,36,8,4,10,9,27,44,0
1571,29,7,463,24,C,5,5,154,26,37,0.703,6,8,0.75,20,29,0.69,0.784,14,20,0.7,23,31,54,15,7,9,16,22,72,0
1237,10,7,464,35,SG,10,0,133,24,49,0.49,12,25,0.48,12,24,0.5,0.612,11,12,0.917,4,8,12,10,3,0,2,7,71,0
2163,21,7,465,23,SG,32,0,174,20,60,0.333,16,51,0.314,4,9,0.444,0.467,9,10,0.9,7,21,28,11,4,3,2,20,65,0
2163,25,7,465,23,SG,2,0,11,2,3,0.667,2,3,0.667,0,0,,1.0,0,0,,0,0,0,1,0,0,0,2,6,0
1246,11,7,466,23,PG,28,0,218,24,64,0.375,8,32,0.25,16,32,0.5,0.438,13,19,0.684,3,31,34,35,6,6,7,17,69,0
1055,21,7,467,23,SG,40,0,348,27,71,0.38,7,24,0.292,20,47,0.426,0.43,7,10,0.7,19,59,78,22,11,5,10,27,68,0
1394,11,7,468,39,PF,30,0,175,25,68,0.368,12,44,0.273,13,24,0.542,0.456,5,5,1.0,7,18,25,8,2,2,4,12,67,0
1680,12,7,469,27,SG,3,0,34,7,18,0.389,2,10,0.2,5,8,0.625,0.444,3,4,0.75,0,4,4,1,5,1,2,6,19,0
1680,5,7,469,27,SG,8,0,101,16,41,0.39,5,20,0.25,11,21,0.524,0.451,11,14,0.786,2,4,6,9,6,2,7,13,48,0
1626,24,7,470,27,PF,36,0,347,22,64,0.344,12,40,0.3,10,24,0.417,0.438,9,12,0.75,19,42,61,21,13,8,12,28,65,0
1565,5,7,471,24,PG,18,0,209,17,52,0.327,11,37,0.297,6,15,0.4,0.433,17,19,0.895,7,26,33,47,9,0,14,15,62,0
1727,28,7,472,24,PF,40,0,249,26,44,0.591,0,1,0.0,26,43,0.605,0.591,9,14,0.643,19,49,68,25,11,8,14,26,61,0
1790,15,7,473,24,SG,6,4,217,25,70,0.357,9,31,0.29,16,39,0.41,0.421,1,8,0.125,9,12,21,6,4,3,3,20,60,0
1629,19,7,474,29,C,21,8,308,25,60,0.417,2,13,0.154,23,47,0.489,0.433,7,10,0.7,48,70,118,34,9,10,9,34,59,0
1988,9,7,475,25,PF,15,0,137,18,36,0.5,0,0,,18,36,0.5,0.5,20,30,0.667,22,27,49,13,2,6,7,23,56,0
1989,7,7,476,21,PF,12,0,166,21,50,0.42,10,35,0.286,11,15,0.733,0.52,4,6,0.667,12,21,33,5,6,0,6,13,56,0
1556,19,7,477,37,C,12,7,199,21,32,0.656,0,0,,21,32,0.656,0.656,11,17,0.647,26,50,76,11,4,10,9,16,53,0
2046,21,7,478,20,PG,10,2,160,22,51,0.431,6,15,0.4,16,36,0.444,0.49,2,5,0.4,7,12,19,44,5,0,25,13,52,0
1658,28,7,479,24,SG,23,0,146,16,50,0.32,4,21,0.19,12,29,0.414,0.36,15,19,0.789,9,12,21,12,8,4,8,12,51,0
1683,20,7,480,24,SF,21,0,155,20,47,0.426,8,24,0.333,12,23,0.522,0.511,2,5,0.4,11,17,28,20,9,0,12,22,50,0
1068,13,7,481,32,SG,6,6,121,18,48,0.375,7,19,0.368,11,29,0.379,0.448,6,8,0.75,2,3,5,10,3,0,9,14,49,0
1239,20,7,482,20,SG,29,0,136,16,48,0.333,7,32,0.219,9,16,0.563,0.406,9,11,0.818,4,23,27,12,3,1,3,8,48,0
1943,3,7,483,29,PF,6,4,182,19,50,0.38,6,19,0.316,13,31,0.419,0.44,4,6,0.667,10,21,31,10,8,5,4,12,48,0
1010,19,7,484,22,SG,9,0,111,19,37,0.514,6,12,0.5,13,25,0.52,0.595,3,5,0.6,1,10,11,9,6,2,3,13,47,0
1024,17,7,485,33,SF,34,0,148,15,32,0.469,0,4,0.0,15,28,0.536,0.469,17,30,0.567,12,18,30,15,13,6,10,18,47,0
1821,13,7,486,40,PG,16,0,228,18,56,0.321,10,30,0.333,8,26,0.308,0.411,1,2,0.5,6,22,28,53,11,0,16,23,47,0
2024,14,7,487,21,SF,25,0,149,16,31,0.516,1,3,0.333,15,28,0.536,0.532,14,22,0.636,9,19,28,10,7,2,9,19,47,0
1144,14,7,488,22,SG,16,1,119,15,50,0.3,5,26,0.192,10,24,0.417,0.35,11,12,0.917,1,12,13,10,2,3,5,9,46,0
2061,8,7,489,25,PF,21,2,162,14,52,0.269,7,33,0.212,7,19,0.368,0.337,11,13,0.846,4,32,36,17,2,1,5,13,46,0
1114,24,7,490,23,SG,12,0,84,15,36,0.417,13,30,0.433,2,6,0.333,0.597,2,2,1.0,1,7,8,10,1,0,4,6,45,0
2124,30,7,491,26,SG,4,0,101,16,26,0.615,5,14,0.357,11,12,0.917,0.712,7,8,0.875,5,20,25,12,3,3,5,4,44,0
2040,2,7,492,27,C,14,1,111,14,31,0.452,3,15,0.2,11,16,0.688,0.5,0,0,,10,15,25,5,6,2,5,9,31,0
2040,4,7,492,27,C,16,0,72,6,15,0.4,0,3,0.0,6,12,0.5,0.4,1,4,0.25,9,9,18,8,3,3,3,6,13,0
1559,18,7,493,24,SG,21,0,88,16,38,0.421,6,24,0.25,10,14,0.714,0.5,5,8,0.625,5,12,17,6,2,1,5,3,43,0
1568,7,7,494,23,PG,14,0,134,16,44,0.364,10,33,0.303,6,11,0.545,0.477,1,1,1.0,5,19,24,12,4,1,6,12,43,0
1472,1,7,495,23,SF,18,0,75,14,26,0.538,11,21,0.524,3,5,0.6,0.75,3,3,1.0,5,6,11,4,2,1,4,11,42,0
1492,18,7,496,38,SF,27,2,153,16,27,0.593,7,16,0.438,9,11,0.818,0.722,2,2,1.0,0,19,19,34,9,2,14,9,41,0
1910,8,7,497,24,PF,5,0,73,15,30,0.5,3,11,0.273,12,19,0.632,0.55,7,7,1.0,8,12,20,4,4,1,2,7,40,0
1450,24,7,498,29,SF,7,0,91,12,23,0.522,8,14,0.571,4,9,0.444,0.696,6,7,0.857,6,7,13,7,4,0,0,9,38,0
1306,6,7,499,24,SF,9,0,85,14,28,0.5,3,10,0.3,11,18,0.611,0.554,6,8,0.75,7,7,14,7,5,0,3,3,37,0
1929,21,7,500,23,SF,4,0,63,13,26,0.5,7,17,0.412,6,9,0.667,0.635,2,4,0.5,1,9,10,0,1,0,1,8,35,0
1718,27,7,501,25,SF,3,0,8,4,6,0.667,1,3,0.333,3,3,1.0,0.75,0,0,,1,1,2,1,1,0,0,1,9,0
1718,6,7,501,25,SF,6,0,50,10,17,0.588,3,9,0.333,7,8,0.875,0.676,3,3,1.0,1,3,4,4,1,1,3,4,26,0
1363,15,7,502,40,C,10,1,97,12,26,0.462,3,6,0.5,9,20,0.45,0.519,7,8,0.875,11,16,27,6,2,1,1,14,34,0
1436,24,7,503,31,SF,27,0,195,15,46,0.326,2,16,0.125,13,30,0.433,0.348,2,4,0.5,12,21,33,7,8,2,8,16,34,0
2167,10,7,504,27,C,9,0,104,11,26,0.423,0,4,0.0,11,22,0.5,0.423,12,18,0.667,13,17,30,8,2,1,9,15,34,0
1378,23,7,505,37,SG,6,0,74,12,21,0.571,8,14,0.571,4,7,0.571,0.762,1,2,0.5,1,1,2,3,4,1,3,3,33,0
1043,13,7,506,23,SF,2,0,12,3,4,0.75,2,3,0.667,1,1,1.0,1.0,2,2,1.0,0,1,1,0,0,0,1,2,10,0
1043,23,7,506,23,SF,1,0,2,0,0,,0,0,,0,0,,,0,0,,0,1,1,0,0,0,0,0,0,0
1043,26,7,506,23,SF,6,1,88,8,23,0.348,4,11,0.364,4,12,0.333,0.435,3,5,0.6,12,9,21,5,3,5,4,13,23,0
1544,27,7,507,24,SF,11,0,68,13,25,0.52,3,5,0.6,10,20,0.5,0.58,3,6,0.5,4,9,13,18,6,1,5,6,32,0
1518,26,7,508,28,SG,3,0,60,11,19,0.579,4,9,0.444,7,10,0.7,0.684,5,5,1.0,3,2,5,1,2,0,0,9,31,0
1840,4,7,509,35,C,14,2,125,9,12,0.75,0,0,,9,12,0.75,0.75,8,12,0.667,10,30,40,16,6,0,9,10,26,0
1840,27,7,509,35,C,6,1,47,2,2,1.0,0,0,,2,2,1.0,1.0,1,2,0.5,7,6,13,4,4,0,3,7,5,0
1625,7,7,510,21,C,7,4,115,11,18,0.611,0,0,,11,18,0.611,0.611,8,10,0.8,14,23,37,13,4,11,10,21,30,0
2125,2,7,511,24,PF,22,2,146,10,20,0.5,0,0,,10,20,0.5,0.5,10,14,0.714,9,31,40,10,3,10,11,19,30,0
1542,8,7,512,24,SG,10,0,88,11,27,0.407,6,18,0.333,5,9,0.556,0.519,1,2,0.5,2,9,11,10,4,0,2,6,29,0
1228,11,7,513,24,SF,14,0,92,10,24,0.417,3,13,0.231,7,11,0.636,0.479,5,6,0.833,3,13,16,5,2,3,4,4,28,0
2053,6,7,514,24,SG,12,0,103,9,36,0.25,1,16,0.063,8,20,0.4,0.264,9,9,1.0,9,15,24,9,7,4,3,6,28,0
1887,4,7,515,25,SG,10,0,68,10,20,0.5,7,13,0.538,3,7,0.429,0.675,0,0,,2,6,8,3,1,0,1,3,27,0
1351,29,7,516,25,SF,5,2,169,9,29,0.31,1,13,0.077,8,16,0.5,0.328,7,9,0.778,17,25,42,14,8,4,7,16,26,0
1787,19,7,517,25,PF,3,1,82,11,17,0.647,0,2,0.0,11,15,0.733,0.647,3,6,0.5,11,12,23,4,0,0,2,14,25,0
1895,30,7,518,24,SG,3,0,67,10,16,0.625,2,4,0.5,8,12,0.667,0.688,3,3,1.0,1,9,10,8,8,1,2,2,25,0
2164,16,7,519,25,PG,14,0,58,10,25,0.4,3,9,0.333,7,16,0.438,0.46,2,2,1.0,2,2,4,9,1,0,3,7,25,0
1085,27,7,520,33,C,25,1,141,9,15,0.6,0,0,,9,15,0.6,0.6,5,7,0.714,5,21,26,5,4,2,8,27,23,0
1215,25,7,521,26,SG,19,0,94,9,41,0.22,3,23,0.13,6,18,0.333,0.256,2,2,1.0,4,15,19,7,6,0,9,6,23,0
1868,18,7,522,24,SG,5,0,43,9,13,0.692,1,3,0.333,8,10,0.8,0.731,4,4,1.0,1,2,3,9,1,0,3,6,23,0
1579,9,7,523,22,SF,12,0,71,9,27,0.333,4,13,0.308,5,14,0.357,0.407,0,3,0.0,5,14,19,6,3,0,6,11,22,0
1946,17,7,524,23,PG,7,0,26,6,13,0.462,4,8,0.5,2,5,0.4,0.615,6,8,0.75,1,1,2,2,0,0,4,4,22,0
1103,2,7,525,33,PF,9,0,94,8,25,0.32,2,15,0.133,6,10,0.6,0.36,3,4,0.75,2,16,18,3,5,7,1,17,21,0
2098,13,7,526,24,PG,16,0,88,9,19,0.474,3,8,0.375,6,11,0.545,0.553,0,0,,1,5,6,17,6,3,3,7,21,0
1021,17,7,527,24,SF,6,0,21,3,8,0.375,2,7,0.286,1,1,1.0,0.5,11,15,0.733,2,4,6,1,0,1,1,1,19,0
1744,12,7,528,30,PG,6,0,65,7,20,0.35,2,8,0.25,5,12,0.417,0.4,2,4,0.5,1,6,7,9,1,1,2,3,18,0
1636,23,7,529,39,PG,14,0,118,4,25,0.16,4,25,0.16,0,0,,0.24,5,6,0.833,0,9,9,11,2,2,4,8,17,0
1762,3,7,530,23,PF,4,0,35,5,9,0.556,0,0,,5,9,0.556,0.556,7,10,0.7,1,5,6,5,1,5,4,6,17,0
1802,13,7,531,24,PF,6,0,24,7,10,0.7,0,1,0.0,7,9,0.778,0.7,3,3,1.0,4,3,7,2,1,0,0,4,17,0
2018,28,7,532,39,SG,22,0,73,4,15,0.267,3,12,0.25,1,3,0.333,0.367,6,9,0.667,1,8,9,9,4,2,7,6,17,0
1365,30,7,533,22,PG,3,0,48,1,4,0.25,0,2,0.0,1,2,0.5,0.25,4,4,1.0,2,3,5,3,2,4,6,3,6,0
1365,1,7,533,22,SG,1,0,26,4,8,0.5,0,1,0.0,4,7,0.571,0.5,3,3,1.0,0,0,0,9,1,0,2,2,11,0
1400,5,7,534,27,PF,2,0,45,6,11,0.545,1,5,0.2,5,6,0.833,0.591,3,4,0.75,2,4,6,6,2,1,3,4,16,0
1710,5,7,535,25,PF,5,0,33,6,13,0.462,2,6,0.333,4,7,0.571,0.538,1,2,0.5,1,2,3,4,2,0,0,2,15,0
2045,2,7,536,24,SG,6,0,42,4,14,0.286,3,10,0.3,1,4,0.25,0.393,4,4,1.0,0,6,6,2,2,0,0,5,15,0
1635,15,7,537,22,C,2,1,49,6,10,0.6,0,0,,6,10,0.6,0.6,2,5,0.4,6,9,15,3,3,1,2,7,14,0
1935,6,7,538,26,C,4,0,39,5,7,0.714,2,3,0.667,3,4,0.75,0.857,2,5,0.4,2,9,11,5,2,3,2,9,14,0
2170,18,7,539,19,C,5,0,36,5,8,0.625,0,0,,5,8,0.625,0.625,4,4,1.0,2,12,14,2,0,5,1,3,14,0
1341,18,7,540,25,PF,4,0,37,4,8,0.5,2,4,0.5,2,4,0.5,0.625,3,4,0.75,2,8,10,2,2,3,2,5,13,0
1519,20,7,541,26,C,13,0,82,6,10,0.6,0,0,,6,10,0.6,0.6,1,1,1.0,8,10,18,5,1,2,10,11,13,0
1597,30,7,542,29,PF,3,0,38,6,10,0.6,1,5,0.2,5,5,1.0,0.65,0,0,,3,6,9,3,2,1,1,3,13,0
1826,13,7,543,23,PG,7,0,31,5,15,0.333,3,10,0.3,2,5,0.4,0.433,0,0,,0,3,3,5,0,0,1,4,13,0
2151,12,7,544,24,C,4,1,58,6,10,0.6,0,0,,6,10,0.6,0.6,1,2,0.5,5,3,8,3,0,1,5,10,13,0
1265,19,7,545,25,C,5,0,42,5,14,0.357,0,4,0.0,5,10,0.5,0.357,2,2,1.0,2,3,5,2,1,2,3,6,12,0
1484,24,7,546,24,SF,4,0,40,6,11,0.545,0,3,0.0,6,8,0.75,0.545,0,0,,2,3,5,2,1,0,0,2,12,0
1770,11,7,547,24,SG,1,0,12,4,9,0.444,2,5,0.4,2,4,0.5,0.556,2,3,0.667,2,1,3,0,1,0,0,0,12,0
1049,13,7,548,26,PG,2,0,10,3,4,0.75,0,0,,3,4,0.75,0.75,0,0,,1,0,1,2,1,0,1,0,6,0
1049,2,7,548,26,PG,4,0,52,1,8,0.125,0,1,0.0,1,7,0.143,0.125,4,4,1.0,1,3,4,9,1,5,7,3,6,0
1494,27,7,549,23,SF,7,0,26,5,6,0.833,1,1,1.0,4,5,0.8,0.917,0,0,,3,0,3,1,0,0,1,2,11,0
1046,28,7,550,27,C,2,0,6,0,2,0.0,0,0,,0,2,0.0,0.0,0,0,,1,1,2,0,0,1,0,2,0,0
1046,29,7,550,27,C,2,0,38,5,9,0.556,0,0,,5,9,0.556,0.556,0,0,,9,11,20,1,0,2,2,4,10,0
1127,23,7,551,23,C,11,0,55,4,24,0.167,0,5,0.0,4,19,0.211,0.167,2,6,0.333,7,9,16,4,3,2,3,7,10,0
1570,25,7,552,23,SF,5,0,22,4,7,0.571,1,4,0.25,3,3,1.0,0.643,1,1,1.0,0,5,5,0,1,1,0,1,10,0
1737,9,7,553,24,SG,6,0,60,4,7,0.571,0,1,0.0,4,6,0.667,0.571,2,2,1.0,1,5,6,4,2,2,1,3,10,0
2002,26,7,554,25,PG,3,0,43,3,7,0.429,0,1,0.0,3,6,0.5,0.429,4,4,1.0,2,1,3,10,5,0,2,2,10,0
1546,20,7,555,24,SF,7,0,39,2,9,0.222,1,5,0.2,1,4,0.25,0.278,4,4,1.0,2,5,7,4,3,0,0,6,9,0
1627,6,7,556,22,SF,3,0,17,4,7,0.571,0,3,0.0,4,4,1.0,0.571,1,1,1.0,0,3,3,1,1,0,0,4,9,0
1548,26,7,557,25,PF,3,1,17,1,2,0.5,0,1,0.0,1,1,1.0,0.5,1,2,0.5,2,0,2,1,0,0,0,4,3,0
1548,9,7,557,25,PF,4,0,19,2,5,0.4,0,1,0.0,2,4,0.5,0.4,2,2,1.0,0,3,3,0,0,1,1,0,6,0
1195,15,7,558,29,PF,2,2,20,3,9,0.333,0,0,,3,9,0.333,0.333,2,4,0.5,4,2,6,1,2,0,0,5,8,0
1566,16,7,559,22,SG,8,0,15,3,12,0.25,2,9,0.222,1,3,0.333,0.333,0,0,,0,2,2,0,1,0,0,0,8,0
1738,22,7,560,28,PG,4,0,24,3,7,0.429,0,1,0.0,3,6,0.5,0.429,2,2,1.0,1,2,3,4,0,0,4,7,8,0
2047,1,7,561,25,SF,5,0,17,4,6,0.667,0,0,,4,6,0.667,0.667,0,0,,0,1,1,1,0,1,0,1,8,0
1373,16,7,562,24,C,9,0,24,3,4,0.75,0,0,,3,4,0.75,0.75,1,1,1.0,3,6,9,3,0,3,3,5,7,0
1654,14,7,563,24,SG,9,0,46,2,6,0.333,0,3,0.0,2,3,0.667,0.333,3,4,0.75,2,8,10,3,5,2,1,6,7,0
1660,12,7,564,30,SF,4,0,55,2,10,0.2,0,5,0.0,2,5,0.4,0.2,3,6,0.5,1,13,14,2,4,2,4,5,7,0
1908,22,7,565,25,C,4,1,25,3,5,0.6,1,2,0.5,2,3,0.667,0.7,0,0,,2,2,4,3,1,0,0,3,7,0
1924,23,7,566,22,SG,7,0,26,3,5,0.6,0,0,,3,5,0.6,0.6,1,2,0.5,0,1,1,4,0,1,5,2,7,0
1960,2,7,567,23,SG,11,1,36,2,8,0.25,1,4,0.25,1,4,0.25,0.313,2,2,1.0,3,3,6,2,1,0,3,10,7,0
1091,21,7,568,26,SF,4,0,15,2,6,0.333,2,6,0.333,0,0,,0.5,0,0,,0,0,0,0,0,0,0,1,6,0
1385,29,7,569,22,SG,1,0,25,2,3,0.667,0,1,0.0,2,2,1.0,0.667,2,2,1.0,0,0,0,1,1,1,1,0,6,0
1175,22,7,570,25,C,4,0,21,2,5,0.4,0,0,,2,5,0.4,0.4,1,1,1.0,2,6,8,1,1,0,2,2,5,0
1831,4,7,571,26,PF,6,0,64,2,16,0.125,0,12,0.0,2,4,0.5,0.125,1,2,0.5,3,6,9,2,3,1,0,3,5,0
1933,26,7,572,31,C,5,0,41,1,6,0.167,1,3,0.333,0,3,0.0,0.25,2,2,1.0,1,5,6,2,0,0,2,3,5,0
1327,5,7,573,20,SF,2,0,6,2,3,0.667,0,1,0.0,2,2,1.0,0.667,0,0,,1,0,1,1,0,0,1,1,4,0
1344,28,7,574,27,PG,5,0,36,2,11,0.182,0,0,,2,11,0.182,0.182,0,0,,0,1,1,8,2,0,4,2,4,0
1771,1,7,575,24,C,4,0,15,1,4,0.25,0,0,,1,4,0.25,0.25,1,1,1.0,3,4,7,0,2,0,1,1,3,0
1541,9,7,576,23,SG,1,0,7,1,3,0.333,0,2,0.0,1,1,1.0,0.333,0,0,,0,4,4,2,0,0,0,1,2,0
2063,27,7,577,26,SG,2,0,7,1,2,0.5,0,1,0.0,1,1,1.0,0.5,0,0,,0,0,0,1,1,0,0,2,2,0
2017,13,7,578,24,PF,8,0,32,0,4,0.0,0,4,0.0,0,0,,0.0,1,4,0.25,0,3,3,1,1,0,1,5,1,0
1131,6,7,579,26,SG,1,0,3,0,1,0.0,0,0,,0,1,0.0,0.0,0,0,,0,1,1,0,0,0,0,0,0,0
1308,5,7,580,19,PF,2,0,6,0,3,0.0,0,2,0.0,0,1,0.0,0.0,0,0,,0,0,0,0,1,0,0,1,0,0
1312,20,7,581,24,SF,5,0,8,0,1,0.0,0,0,,0,1,0.0,0.0,0,0,,1,1,2,0,0,0,0,1,0,0
1442,28,7,582,22,PG,2,0,13,0,6,0.0,0,5,0.0,0,1,0.0,0.0,0,0,,0,1,1,2,1,0,1,2,0,0
